1971-06-14 16:00:00, 1971-06-14 16:00:00, 1.080473, 0:00:00, 0.0 
1971-08-28 06:00:00, 1971-08-28 06:00:00, 3.402930, 0:00:00, 0.0 
1971-10-18 00:00:00, 1971-10-19 02:00:00, 9.446802, 1 day, 2:00:00, 0.0 
1971-10-24 14:00:00, 1971-10-25 05:00:00, 8.313038, 15:00:00, 0.0 
1971-11-17 13:00:00, 1971-11-17 14:00:00, 1.020478, 1:00:00, 0.0 
1971-11-25 05:00:00, 1971-11-25 08:00:00, 6.671781, 3:00:00, 0.0 
1971-11-29 22:00:00, 1971-11-29 23:00:00, 1.040741, 1:00:00, 0.0 
1972-02-02 16:00:00, 1972-02-04 04:00:00, 24.888995, 1 day, 12:00:00, 0.0 
1972-02-13 22:00:00, 1972-02-13 22:00:00, 1.313819, 0:00:00, 0.0 
1972-02-18 03:00:00, 1972-02-19 18:00:00, 33.340216, 1 day, 15:00:00, 0.0 
1972-03-14 22:00:00, 1972-03-15 02:00:00, 4.650831, 4:00:00, 0.0 
1972-03-17 01:00:00, 1972-03-17 01:00:00, 1.206767, 0:00:00, 0.0 
1972-03-17 13:00:00, 1972-03-17 13:00:00, 1.071112, 0:00:00, 0.0 
1972-03-18 01:00:00, 1972-03-18 01:00:00, 1.109317, 0:00:00, 0.0 
1972-04-08 05:00:00, 1972-04-08 07:00:00, 1.017070, 2:00:00, 0.0 
1972-05-09 21:00:00, 1972-05-09 23:00:00, 2.667459, 2:00:00, 0.0 
1972-06-22 07:00:00, 1972-06-22 11:00:00, 5.664794, 4:00:00, 0.0 
1972-09-03 07:00:00, 1972-09-03 19:00:00, 6.452556, 12:00:00, 0.0 
1972-09-20 12:00:00, 1972-09-21 11:00:00, 8.601656, 23:00:00, 0.0 
1972-11-05 01:00:00, 1972-11-05 01:00:00, 0.951883, 0:00:00, 0.0 
1972-11-05 14:00:00, 1972-11-05 14:00:00, 1.053064, 0:00:00, 0.0 
1972-11-08 11:00:00, 1972-11-08 16:00:00, 6.669988, 5:00:00, 0.0 
1972-11-11 02:00:00, 1972-11-11 18:00:00, 7.652249, 16:00:00, 0.0 
1972-11-14 16:00:00, 1972-11-15 08:00:00, 10.987198, 16:00:00, 0.0 
1972-11-16 06:00:00, 1972-11-16 09:00:00, 2.063383, 3:00:00, 0.0 
1972-11-26 14:00:00, 1972-11-26 14:00:00, 1.108105, 0:00:00, 0.0 
1972-12-01 07:00:00, 1972-12-01 07:00:00, 0.952908, 0:00:00, 0.0 
1972-12-15 17:00:00, 1972-12-16 06:00:00, 12.598092, 13:00:00, 0.0 
1972-12-21 11:00:00, 1972-12-25 14:00:00, 68.962377, 4 days, 3:00:00, 0.0 
1972-12-26 15:00:00, 1972-12-27 17:00:00, 10.923391, 1 day, 2:00:00, 0.0 
1972-12-28 05:00:00, 1972-12-28 05:00:00, 0.989393, 0:00:00, 0.0 
1973-01-04 12:00:00, 1973-01-04 12:00:00, 1.329945, 0:00:00, 0.0 
1973-01-22 14:00:00, 1973-01-22 14:00:00, 1.139413, 0:00:00, 0.0 
1973-01-28 08:00:00, 1973-01-28 09:00:00, 0.994926, 1:00:00, 0.0 
1973-01-29 06:00:00, 1973-01-29 11:00:00, 9.091817, 5:00:00, 0.0 
1973-02-07 01:00:00, 1973-02-08 05:00:00, 13.682662, 1 day, 4:00:00, 0.0 
1973-02-11 04:00:00, 1973-02-12 21:00:00, 32.572695, 1 day, 17:00:00, 0.0 
1973-03-22 00:00:00, 1973-03-24 17:00:00, 43.257247, 2 days, 17:00:00, 0.0 
1973-03-27 05:00:00, 1973-03-27 08:00:00, 3.339692, 3:00:00, 0.0 
1973-03-28 05:00:00, 1973-03-28 20:00:00, 7.780587, 15:00:00, 0.0 
1973-04-01 09:00:00, 1973-04-02 22:00:00, 16.122560, 1 day, 13:00:00, 0.0 
1973-04-03 10:00:00, 1973-04-05 04:00:00, 29.225175, 1 day, 18:00:00, 0.0 
1973-04-08 15:00:00, 1973-04-08 16:00:00, 1.616146, 1:00:00, 0.0 
1973-04-27 05:00:00, 1973-04-28 09:00:00, 12.564091, 1 day, 4:00:00, 0.0 
1973-05-24 16:00:00, 1973-05-24 18:00:00, 2.033846, 2:00:00, 0.0 
1973-05-25 17:00:00, 1973-05-26 08:00:00, 5.287332, 15:00:00, 0.0 
1973-09-15 11:00:00, 1973-09-15 16:00:00, 6.653311, 5:00:00, 0.0 
1973-10-26 00:00:00, 1973-10-26 15:00:00, 6.768881, 15:00:00, 0.0 
1973-10-29 12:00:00, 1973-10-29 16:00:00, 6.801675, 4:00:00, 0.0 
1973-12-09 08:00:00, 1973-12-09 14:00:00, 10.381615, 6:00:00, 0.0 
1973-12-14 05:00:00, 1973-12-14 05:00:00, 0.981935, 0:00:00, 0.0 
1973-12-17 04:00:00, 1973-12-17 18:00:00, 8.329988, 14:00:00, 0.0 
1974-01-11 03:00:00, 1974-01-11 04:00:00, 1.222271, 1:00:00, 0.0 
1974-01-21 13:00:00, 1974-01-21 23:00:00, 0.986805, 10:00:00, 0.0 
1974-02-03 07:00:00, 1974-02-03 09:00:00, 2.495620, 2:00:00, 0.0 
1974-02-03 21:00:00, 1974-02-04 23:00:00, 12.109625, 1 day, 2:00:00, 0.0 
1974-02-09 00:00:00, 1974-02-09 04:00:00, 6.542287, 4:00:00, 0.0 
1974-02-17 08:00:00, 1974-02-17 11:00:00, 3.513661, 3:00:00, 0.0 
1974-03-30 04:00:00, 1974-03-31 06:00:00, 12.000865, 1 day, 2:00:00, 0.0 
1974-09-07 16:00:00, 1974-09-07 16:00:00, 1.152785, 0:00:00, 0.0 
1974-11-08 17:00:00, 1974-11-08 21:00:00, 4.193862, 4:00:00, 0.0 
1974-11-09 22:00:00, 1974-11-09 22:00:00, 0.979522, 0:00:00, 0.0 
1974-11-10 11:00:00, 1974-11-10 11:00:00, 0.964311, 0:00:00, 0.0 
1974-11-10 23:00:00, 1974-11-10 23:00:00, 0.967176, 0:00:00, 0.0 
1974-11-12 22:00:00, 1974-11-13 01:00:00, 3.978273, 3:00:00, 0.0 
1974-12-01 14:00:00, 1974-12-03 04:00:00, 40.944790, 1 day, 14:00:00, 0.0 
1974-12-16 12:00:00, 1974-12-17 03:00:00, 12.194391, 15:00:00, 0.0 
1975-01-09 08:00:00, 1975-01-09 09:00:00, 1.429670, 1:00:00, 0.0 
1975-01-21 05:00:00, 1975-01-21 05:00:00, 1.103025, 0:00:00, 0.0 
1975-02-06 07:00:00, 1975-02-06 08:00:00, 1.044557, 1:00:00, 0.0 
1975-02-13 00:00:00, 1975-02-13 02:00:00, 2.267070, 2:00:00, 0.0 
1975-02-18 04:00:00, 1975-02-18 04:00:00, 1.014472, 0:00:00, 0.0 
1975-03-14 13:00:00, 1975-03-15 03:00:00, 9.546729, 14:00:00, 0.0 
1975-03-20 03:00:00, 1975-03-20 07:00:00, 3.790773, 4:00:00, 0.0 
1975-04-17 16:00:00, 1975-04-17 17:00:00, 0.966345, 1:00:00, 0.0 
1975-07-01 05:00:00, 1975-07-01 07:00:00, 1.046929, 2:00:00, 0.0 
1975-10-18 00:00:00, 1975-10-18 00:00:00, 1.142400, 0:00:00, 0.0 
1975-10-19 11:00:00, 1975-10-20 14:00:00, 15.176634, 1 day, 3:00:00, 0.0 
1975-11-24 14:00:00, 1975-11-25 15:00:00, 13.988433, 1 day, 1:00:00, 0.0 
1975-12-09 03:00:00, 1975-12-10 07:00:00, 17.461268, 1 day, 4:00:00, 0.0 
1975-12-22 01:00:00, 1975-12-22 17:00:00, 8.644626, 16:00:00, 0.0 
1976-01-01 09:00:00, 1976-01-01 14:00:00, 5.853999, 5:00:00, 0.0 
1976-01-16 23:00:00, 1976-01-16 23:00:00, 0.997442, 0:00:00, 0.0 
1976-01-17 23:00:00, 1976-01-17 23:00:00, 1.037322, 0:00:00, 0.0 
1976-02-19 03:00:00, 1976-02-19 03:00:00, 1.152487, 0:00:00, 0.0 
1976-03-03 00:00:00, 1976-03-03 00:00:00, 1.065540, 0:00:00, 0.0 
1976-03-10 04:00:00, 1976-03-10 19:00:00, 9.744508, 15:00:00, 0.0 
1976-03-16 22:00:00, 1976-03-17 01:00:00, 4.475396, 3:00:00, 0.0 
1976-06-02 15:00:00, 1976-06-02 17:00:00, 2.662880, 2:00:00, 0.0 
1976-08-09 22:00:00, 1976-08-10 01:00:00, 10.061532, 3:00:00, 0.0 
1976-10-01 06:00:00, 1976-10-02 22:00:00, 21.991703, 1 day, 16:00:00, 0.0 
1976-10-03 23:00:00, 1976-10-04 09:00:00, 2.143749, 10:00:00, 0.0 
1976-10-04 23:00:00, 1976-10-05 12:00:00, 5.416649, 13:00:00, 0.0 
1976-10-06 00:00:00, 1976-10-06 00:00:00, 1.052362, 0:00:00, 0.0 
1976-10-20 22:00:00, 1976-10-20 23:00:00, 1.227166, 1:00:00, 0.0 
1976-12-29 06:00:00, 1976-12-29 08:00:00, 2.170002, 2:00:00, 0.0 
1977-01-07 11:00:00, 1977-01-07 15:00:00, 5.531923, 4:00:00, 0.0 
1977-01-10 04:00:00, 1977-01-10 18:00:00, 10.577609, 14:00:00, 0.0 
1977-02-25 04:00:00, 1977-02-25 04:00:00, 1.135984, 0:00:00, 0.0 
1977-03-22 14:00:00, 1977-03-22 16:00:00, 1.115707, 2:00:00, 0.0 
1977-06-10 18:00:00, 1977-06-10 22:00:00, 4.643662, 4:00:00, 0.0 
1977-09-21 07:00:00, 1977-09-21 07:00:00, 0.968830, 0:00:00, 0.0 
1977-09-25 08:00:00, 1977-09-26 10:00:00, 21.274041, 1 day, 2:00:00, 0.0 
1977-10-14 10:00:00, 1977-10-15 03:00:00, 20.876946, 17:00:00, 0.0 
1977-10-30 00:00:00, 1977-10-30 04:00:00, 4.678455, 4:00:00, 0.0 
1977-11-07 19:00:00, 1977-11-09 00:00:00, 25.308576, 1 day, 5:00:00, 0.0 
1977-11-26 10:00:00, 1977-11-26 14:00:00, 1.115491, 4:00:00, 0.0 
1977-12-05 20:00:00, 1977-12-05 21:00:00, 1.058425, 1:00:00, 0.0 
1977-12-18 17:00:00, 1977-12-22 09:00:00, 79.551589, 3 days, 16:00:00, 0.0 
1978-01-14 05:00:00, 1978-01-14 06:00:00, 1.140474, 1:00:00, 0.0 
1978-01-20 09:00:00, 1978-01-20 23:00:00, 10.864435, 14:00:00, 0.0 
1978-02-06 11:00:00, 1978-02-09 03:00:00, 41.603053, 2 days, 16:00:00, 0.0 
1978-02-14 07:00:00, 1978-02-14 18:00:00, 2.232381, 11:00:00, 0.0 
1978-03-03 19:00:00, 1978-03-04 09:00:00, 4.385393, 14:00:00, 0.0 
1978-03-11 01:00:00, 1978-03-11 03:00:00, 2.533605, 2:00:00, 0.0 
1978-04-28 02:00:00, 1978-04-28 17:00:00, 9.752511, 15:00:00, 0.0 
1978-05-05 10:00:00, 1978-05-05 11:00:00, 1.114717, 1:00:00, 0.0 
1978-07-04 22:00:00, 1978-07-05 02:00:00, 3.294880, 4:00:00, 0.0 
1979-01-14 00:00:00, 1979-01-14 02:00:00, 2.445713, 2:00:00, 0.0 
1979-01-14 14:00:00, 1979-01-14 14:00:00, 1.148995, 0:00:00, 0.0 
1979-01-20 03:00:00, 1979-01-20 06:00:00, 4.014664, 3:00:00, 0.0 
1979-01-21 04:00:00, 1979-01-21 19:00:00, 9.364928, 15:00:00, 0.0 
1979-01-24 19:00:00, 1979-01-25 12:00:00, 20.247670, 17:00:00, 0.0 
1979-01-26 23:00:00, 1979-01-26 23:00:00, 1.023294, 0:00:00, 0.0 
1979-01-28 10:00:00, 1979-01-28 14:00:00, 5.336867, 4:00:00, 0.0 
1979-02-19 17:00:00, 1979-02-19 18:00:00, 1.006859, 1:00:00, 0.0 
1979-02-25 21:00:00, 1979-02-27 02:00:00, 26.587865, 1 day, 5:00:00, 0.0 
1979-08-12 05:00:00, 1979-08-12 18:00:00, 4.409672, 13:00:00, 0.0 
1979-10-03 12:00:00, 1979-10-03 12:00:00, 1.381197, 0:00:00, 0.0 
1979-11-13 08:00:00, 1979-11-13 08:00:00, 1.003799, 0:00:00, 0.0 
1979-12-20 12:00:00, 1979-12-21 02:00:00, 4.708499, 14:00:00, 0.0 
1980-01-05 12:00:00, 1980-01-07 04:00:00, 25.392391, 1 day, 16:00:00, 0.0 
1980-01-14 22:00:00, 1980-01-18 14:00:00, 47.045274, 3 days, 16:00:00, 0.0 
1980-02-07 03:00:00, 1980-02-08 05:00:00, 8.032160, 1 day, 2:00:00, 0.0 
1980-02-26 07:00:00, 1980-02-26 11:00:00, 2.005850, 4:00:00, 0.0 
1980-03-03 12:00:00, 1980-03-04 02:00:00, 5.468161, 14:00:00, 0.0 
1980-03-13 22:00:00, 1980-03-14 12:00:00, 12.938691, 14:00:00, 0.0 
1980-03-21 17:00:00, 1980-03-21 18:00:00, 0.962113, 1:00:00, 0.0 
1980-03-22 17:00:00, 1980-03-23 19:00:00, 18.907121, 1 day, 2:00:00, 0.0 
1980-03-25 06:00:00, 1980-03-25 18:00:00, 5.707651, 12:00:00, 0.0 
1980-04-25 07:00:00, 1980-04-25 07:00:00, 0.918124, 0:00:00, 0.0 
1980-04-28 11:00:00, 1980-04-29 12:00:00, 11.892914, 1 day, 1:00:00, 0.0 
1980-08-21 22:00:00, 1980-08-22 10:00:00, 4.080315, 12:00:00, 0.0 
1980-10-25 11:00:00, 1980-10-25 16:00:00, 12.851699, 5:00:00, 0.0 
1980-11-28 15:00:00, 1980-11-28 19:00:00, 4.699448, 4:00:00, 0.0 
1980-12-30 06:00:00, 1980-12-30 08:00:00, 1.969758, 2:00:00, 0.0 
1981-02-21 00:00:00, 1981-02-21 00:00:00, 0.931723, 0:00:00, 0.0 
1981-02-22 03:00:00, 1981-02-22 04:00:00, 0.930021, 1:00:00, 0.0 
1981-03-05 22:00:00, 1981-03-06 02:00:00, 6.414935, 4:00:00, 0.0 
1981-03-08 14:00:00, 1981-03-08 15:00:00, 1.104300, 1:00:00, 0.0 
1981-05-05 03:00:00, 1981-05-05 03:00:00, 1.209739, 0:00:00, 0.0 
1981-08-21 04:00:00, 1981-08-21 05:00:00, 1.067596, 1:00:00, 0.0 
1981-09-17 02:00:00, 1981-09-17 04:00:00, 2.568446, 2:00:00, 0.0 
1981-11-14 13:00:00, 1981-11-16 13:00:00, 38.877766, 2 days, 0:00:00, 0.0 
1981-11-27 01:00:00, 1981-11-27 01:00:00, 1.143679, 0:00:00, 0.0 
1981-12-16 03:00:00, 1981-12-16 05:00:00, 2.916344, 2:00:00, 0.0 
1981-12-27 11:00:00, 1981-12-28 02:00:00, 8.035139, 15:00:00, 0.0 
1981-12-29 01:00:00, 1981-12-29 02:00:00, 0.959172, 1:00:00, 0.0 
1982-01-01 14:00:00, 1982-01-02 04:00:00, 6.340259, 14:00:00, 0.0 
1982-01-04 08:00:00, 1982-01-04 20:00:00, 6.567990, 12:00:00, 0.0 
1982-01-14 16:00:00, 1982-01-14 17:00:00, 1.411159, 1:00:00, 0.0 
1982-01-15 05:00:00, 1982-01-15 05:00:00, 0.989830, 0:00:00, 0.0 
1982-02-18 06:00:00, 1982-02-18 11:00:00, 6.856278, 5:00:00, 0.0 
1982-02-21 10:00:00, 1982-02-22 13:00:00, 11.324684, 1 day, 3:00:00, 0.0 
1982-03-07 23:00:00, 1982-03-07 23:00:00, 1.132320, 0:00:00, 0.0 
1982-06-07 03:00:00, 1982-06-08 03:00:00, 9.063075, 1 day, 0:00:00, 0.0 
1982-06-11 16:00:00, 1982-06-11 16:00:00, 1.025001, 0:00:00, 0.0 
1982-09-22 13:00:00, 1982-09-22 17:00:00, 3.249308, 4:00:00, 0.0 
1982-09-27 07:00:00, 1982-09-27 08:00:00, 1.215053, 1:00:00, 0.0 
1982-09-30 00:00:00, 1982-09-30 00:00:00, 0.958718, 0:00:00, 0.0 
1982-10-10 04:00:00, 1982-10-12 18:00:00, 35.643586, 2 days, 14:00:00, 0.0 
1982-10-25 15:00:00, 1982-10-26 08:00:00, 12.867746, 17:00:00, 0.0 
1982-12-12 12:00:00, 1982-12-13 10:00:00, 6.742873, 22:00:00, 0.0 
1982-12-18 13:00:00, 1982-12-20 17:00:00, 36.777977, 2 days, 4:00:00, 0.0 
1983-01-10 23:00:00, 1983-01-10 23:00:00, 1.264732, 0:00:00, 0.0 
1983-02-03 03:00:00, 1983-02-03 05:00:00, 2.498600, 2:00:00, 0.0 
1983-02-11 22:00:00, 1983-02-12 14:00:00, 11.525022, 16:00:00, 0.0 
1983-02-19 16:00:00, 1983-02-19 17:00:00, 1.043157, 1:00:00, 0.0 
1983-02-23 21:00:00, 1983-02-23 21:00:00, 0.988177, 0:00:00, 0.0 
1983-02-25 22:00:00, 1983-02-26 00:00:00, 2.667456, 2:00:00, 0.0 
1983-03-02 00:00:00, 1983-03-02 13:00:00, 6.820292, 13:00:00, 0.0 
1983-03-08 06:00:00, 1983-03-09 11:00:00, 11.142400, 1 day, 5:00:00, 0.0 
1983-03-10 07:00:00, 1983-03-10 07:00:00, 1.228614, 0:00:00, 0.0 
1983-03-10 22:00:00, 1983-03-10 22:00:00, 1.036040, 0:00:00, 0.0 
1983-03-11 21:00:00, 1983-03-12 13:00:00, 12.587038, 16:00:00, 0.0 
1983-03-18 13:00:00, 1983-03-19 16:00:00, 16.721957, 1 day, 3:00:00, 0.0 
1983-03-21 18:00:00, 1983-03-21 18:00:00, 0.957742, 0:00:00, 0.0 
1983-04-24 12:00:00, 1983-04-25 00:00:00, 3.799330, 12:00:00, 0.0 
1983-09-30 05:00:00, 1983-09-30 06:00:00, 1.112341, 1:00:00, 0.0 
1983-10-12 15:00:00, 1983-10-12 15:00:00, 1.055137, 0:00:00, 0.0 
1983-10-25 02:00:00, 1983-10-26 05:00:00, 21.080845, 1 day, 3:00:00, 0.0 
1983-11-11 16:00:00, 1983-11-11 16:00:00, 1.039883, 0:00:00, 0.0 
1983-11-14 22:00:00, 1983-11-15 08:00:00, 1.006913, 10:00:00, 0.0 
1983-11-15 20:00:00, 1983-11-16 11:00:00, 5.625694, 15:00:00, 0.0 
1983-11-25 05:00:00, 1983-11-25 05:00:00, 1.032575, 0:00:00, 0.0 
1983-11-29 07:00:00, 1983-11-29 07:00:00, 1.075299, 0:00:00, 0.0 
1983-12-04 11:00:00, 1983-12-05 13:00:00, 9.570722, 1 day, 2:00:00, 0.0 
1983-12-07 01:00:00, 1983-12-07 01:00:00, 1.054753, 0:00:00, 0.0 
1983-12-12 06:00:00, 1983-12-12 19:00:00, 4.872310, 13:00:00, 0.0 
1983-12-22 15:00:00, 1983-12-22 15:00:00, 1.254029, 0:00:00, 0.0 
1984-02-24 05:00:00, 1984-02-24 05:00:00, 1.189853, 0:00:00, 0.0 
1984-02-28 08:00:00, 1984-02-29 00:00:00, 9.850908, 16:00:00, 0.0 
1984-03-21 14:00:00, 1984-03-21 16:00:00, 2.396606, 2:00:00, 0.0 
1984-03-28 21:00:00, 1984-03-30 13:00:00, 68.642262, 1 day, 16:00:00, 0.0 
1984-03-31 01:00:00, 1984-03-31 01:00:00, 1.072580, 0:00:00, 0.0 
1984-03-31 14:00:00, 1984-03-31 14:00:00, 1.010134, 0:00:00, 0.0 
1984-04-05 14:00:00, 1984-04-06 04:00:00, 5.552528, 14:00:00, 0.0 
1984-04-15 00:00:00, 1984-04-15 02:00:00, 2.374729, 2:00:00, 0.0 
1984-04-15 14:00:00, 1984-04-16 01:00:00, 1.271450, 11:00:00, 0.0 
1984-04-16 13:00:00, 1984-04-16 14:00:00, 1.062531, 1:00:00, 0.0 
1984-10-01 06:00:00, 1984-10-02 07:00:00, 8.774856, 1 day, 1:00:00, 0.0 
1984-10-13 14:00:00, 1984-10-15 05:00:00, 29.326775, 1 day, 15:00:00, 0.0 
1984-12-06 08:00:00, 1984-12-06 08:00:00, 1.167611, 0:00:00, 0.0 
1985-01-05 09:00:00, 1985-01-05 10:00:00, 1.233658, 1:00:00, 0.0 
1985-01-19 09:00:00, 1985-01-19 13:00:00, 1.052767, 4:00:00, 0.0 
1985-02-02 22:00:00, 1985-02-02 22:00:00, 0.987430, 0:00:00, 0.0 
1985-02-12 16:00:00, 1985-02-13 09:00:00, 15.393533, 17:00:00, 0.0 
1985-09-23 19:00:00, 1985-09-23 19:00:00, 1.060606, 0:00:00, 0.0 
1985-09-27 09:00:00, 1985-09-27 14:00:00, 19.757220, 5:00:00, 0.0 
1985-11-01 11:00:00, 1985-11-06 07:00:00, 93.844309, 4 days, 20:00:00, 0.0 
1985-11-22 19:00:00, 1985-11-22 23:00:00, 5.192307, 4:00:00, 0.0 
1985-11-28 10:00:00, 1985-12-02 05:00:00, 50.565941, 3 days, 19:00:00, 0.0 
1985-12-07 07:00:00, 1985-12-07 09:00:00, 0.974665, 2:00:00, 0.0 
1985-12-12 12:00:00, 1985-12-12 15:00:00, 0.959036, 3:00:00, 0.0 
1985-12-13 12:00:00, 1985-12-14 04:00:00, 12.926640, 16:00:00, 0.0 
1986-01-26 13:00:00, 1986-01-26 14:00:00, 1.040130, 1:00:00, 0.0 
1986-02-07 11:00:00, 1986-02-08 00:00:00, 4.273960, 13:00:00, 0.0 
1986-02-19 07:00:00, 1986-02-19 07:00:00, 1.187687, 0:00:00, 0.0 
1986-02-20 07:00:00, 1986-02-20 11:00:00, 2.199025, 4:00:00, 0.0 
1986-02-23 12:00:00, 1986-02-23 14:00:00, 1.095631, 2:00:00, 0.0 
1986-04-17 05:00:00, 1986-04-17 05:00:00, 1.255957, 0:00:00, 0.0 
1986-04-18 05:00:00, 1986-04-18 06:00:00, 1.111812, 1:00:00, 0.0 
1986-04-18 18:00:00, 1986-04-19 07:00:00, 4.575138, 13:00:00, 0.0 
1986-04-19 19:00:00, 1986-04-19 20:00:00, 1.031730, 1:00:00, 0.0 
1986-05-10 00:00:00, 1986-05-10 00:00:00, 1.107108, 0:00:00, 0.0 
1986-05-13 00:00:00, 1986-05-13 16:00:00, 10.143420, 16:00:00, 0.0 
1986-06-13 03:00:00, 1986-06-13 06:00:00, 3.712230, 3:00:00, 0.0 
1986-08-18 13:00:00, 1986-08-19 02:00:00, 6.451313, 13:00:00, 0.0 
1986-11-06 03:00:00, 1986-11-06 03:00:00, 1.198126, 0:00:00, 0.0 
1986-11-19 03:00:00, 1986-11-19 16:00:00, 3.802483, 13:00:00, 0.0 
1986-11-20 14:00:00, 1986-11-21 04:00:00, 6.082164, 14:00:00, 0.0 
1986-12-02 13:00:00, 1986-12-03 03:00:00, 10.374329, 14:00:00, 0.0 
1986-12-03 16:00:00, 1986-12-03 16:00:00, 0.942614, 0:00:00, 0.0 
1986-12-18 13:00:00, 1986-12-18 13:00:00, 1.144250, 0:00:00, 0.0 
1986-12-20 16:00:00, 1986-12-20 16:00:00, 1.066647, 0:00:00, 0.0 
1986-12-25 04:00:00, 1986-12-25 17:00:00, 7.556837, 13:00:00, 0.0 
1987-01-01 02:00:00, 1987-01-02 17:00:00, 26.858923, 1 day, 15:00:00, 0.0 
1987-01-20 01:00:00, 1987-01-20 01:00:00, 1.654518, 0:00:00, 0.0 
1987-01-20 16:00:00, 1987-01-20 16:00:00, 1.073605, 0:00:00, 0.0 
1987-01-22 16:00:00, 1987-01-22 19:00:00, 5.994321, 3:00:00, 0.0 
1987-01-26 08:00:00, 1987-01-27 23:00:00, 16.061321, 1 day, 15:00:00, 0.0 
1987-03-10 06:00:00, 1987-03-10 22:00:00, 4.491175, 16:00:00, 0.0 
1987-03-14 22:00:00, 1987-03-15 00:00:00, 2.358583, 2:00:00, 0.0 
1987-04-17 02:00:00, 1987-04-17 16:00:00, 4.515555, 14:00:00, 0.0 
1987-04-25 23:00:00, 1987-04-26 01:00:00, 1.173853, 2:00:00, 0.0 
1987-04-28 22:00:00, 1987-04-28 22:00:00, 0.934856, 0:00:00, 0.0 
1987-09-19 08:00:00, 1987-09-20 01:00:00, 11.053451, 17:00:00, 0.0 
1987-11-11 03:00:00, 1987-11-12 05:00:00, 14.966919, 1 day, 2:00:00, 0.0 
1987-12-11 16:00:00, 1987-12-11 16:00:00, 1.302412, 0:00:00, 0.0 
1987-12-18 12:00:00, 1987-12-18 12:00:00, 1.007489, 0:00:00, 0.0 
1987-12-29 05:00:00, 1987-12-29 21:00:00, 11.308155, 16:00:00, 0.0 
1988-01-04 14:00:00, 1988-01-04 15:00:00, 1.062296, 1:00:00, 0.0 
1988-01-08 14:00:00, 1988-01-09 05:00:00, 9.154861, 15:00:00, 0.0 
1988-01-20 14:00:00, 1988-01-20 15:00:00, 1.048370, 1:00:00, 0.0 
1988-01-26 04:00:00, 1988-01-26 06:00:00, 3.301170, 2:00:00, 0.0 
1988-02-04 00:00:00, 1988-02-04 14:00:00, 5.551201, 14:00:00, 0.0 
1988-02-12 04:00:00, 1988-02-12 21:00:00, 19.481791, 17:00:00, 0.0 
1988-02-20 00:00:00, 1988-02-20 04:00:00, 5.736093, 4:00:00, 0.0 
1988-02-28 07:00:00, 1988-02-28 09:00:00, 2.203331, 2:00:00, 0.0 
1988-04-07 02:00:00, 1988-04-09 04:00:00, 27.455877, 2 days, 2:00:00, 0.0 
1988-04-09 17:00:00, 1988-04-09 18:00:00, 0.938636, 1:00:00, 0.0 
1988-04-11 19:00:00, 1988-04-14 00:00:00, 30.756396, 2 days, 5:00:00, 0.0 
1988-05-07 04:00:00, 1988-05-07 06:00:00, 0.973581, 2:00:00, 0.0 
1988-06-02 12:00:00, 1988-06-02 13:00:00, 0.973807, 1:00:00, 0.0 
1988-10-05 07:00:00, 1988-10-05 09:00:00, 0.980706, 2:00:00, 0.0 
1988-10-08 13:00:00, 1988-10-09 01:00:00, 2.063351, 12:00:00, 0.0 
1988-10-22 07:00:00, 1988-10-22 08:00:00, 1.281642, 1:00:00, 0.0 
1988-11-01 17:00:00, 1988-11-01 22:00:00, 2.757703, 5:00:00, 0.0 
1988-11-05 21:00:00, 1988-11-05 23:00:00, 2.335100, 2:00:00, 0.0 
1989-01-04 09:00:00, 1989-01-04 09:00:00, 1.021351, 0:00:00, 0.0 
1989-01-06 23:00:00, 1989-01-07 00:00:00, 0.922695, 1:00:00, 0.0 
1989-01-07 13:00:00, 1989-01-08 00:00:00, 3.133591, 11:00:00, 0.0 
1989-02-24 01:00:00, 1989-02-25 16:00:00, 15.735784, 1 day, 15:00:00, 0.0 
1989-03-07 13:00:00, 1989-03-07 14:00:00, 1.110189, 1:00:00, 0.0 
1989-03-08 15:00:00, 1989-03-09 03:00:00, 3.191787, 12:00:00, 0.0 
1989-05-11 02:00:00, 1989-05-11 06:00:00, 2.629221, 4:00:00, 0.0 
1989-09-16 23:00:00, 1989-09-16 23:00:00, 1.031488, 0:00:00, 0.0 
1989-10-19 02:00:00, 1989-10-20 15:00:00, 31.666162, 1 day, 13:00:00, 0.0 
1989-11-03 15:00:00, 1989-11-03 15:00:00, 1.057277, 0:00:00, 0.0 
1990-01-09 09:00:00, 1990-01-09 09:00:00, 1.387433, 0:00:00, 0.0 
1990-01-30 02:00:00, 1990-01-30 04:00:00, 2.586666, 2:00:00, 0.0 
1990-02-04 19:00:00, 1990-02-05 08:00:00, 2.112826, 13:00:00, 0.0 
1990-02-16 03:00:00, 1990-02-16 04:00:00, 0.972530, 1:00:00, 0.0 
1990-05-21 19:00:00, 1990-05-22 00:00:00, 4.568125, 5:00:00, 0.0 
1990-05-29 17:00:00, 1990-05-30 03:00:00, 2.244530, 10:00:00, 0.0 
1990-08-20 10:00:00, 1990-08-22 14:00:00, 28.152695, 2 days, 4:00:00, 0.0 
1990-08-23 02:00:00, 1990-08-23 04:00:00, 2.171429, 2:00:00, 0.0 
1990-10-26 04:00:00, 1990-10-28 07:00:00, 29.925425, 2 days, 3:00:00, 0.0 
1990-11-10 16:00:00, 1990-11-10 19:00:00, 3.606486, 3:00:00, 0.0 
1990-11-18 13:00:00, 1990-11-18 13:00:00, 1.100263, 0:00:00, 0.0 
1990-11-19 13:00:00, 1990-11-19 16:00:00, 3.628548, 3:00:00, 0.0 
1990-12-04 01:00:00, 1990-12-04 02:00:00, 1.085712, 1:00:00, 0.0 
1991-01-09 06:00:00, 1991-01-09 07:00:00, 1.007864, 1:00:00, 0.0 
1991-01-12 07:00:00, 1991-01-12 12:00:00, 3.316580, 5:00:00, 0.0 
1991-01-16 15:00:00, 1991-01-16 15:00:00, 1.105190, 0:00:00, 0.0 
1991-01-21 14:00:00, 1991-01-21 14:00:00, 0.987787, 0:00:00, 0.0 
1991-01-22 06:00:00, 1991-01-22 06:00:00, 0.981861, 0:00:00, 0.0 
1991-02-14 10:00:00, 1991-02-14 14:00:00, 5.226063, 4:00:00, 0.0 
1991-03-14 13:00:00, 1991-03-16 01:00:00, 19.373399, 1 day, 12:00:00, 0.0 
1991-04-21 06:00:00, 1991-04-21 20:00:00, 8.923384, 14:00:00, 0.0 
1991-06-05 06:00:00, 1991-06-05 06:00:00, 1.043061, 0:00:00, 0.0 
1991-08-19 22:00:00, 1991-08-19 22:00:00, 1.201788, 0:00:00, 0.0 
1991-09-25 10:00:00, 1991-09-25 10:00:00, 0.956308, 0:00:00, 0.0 
1991-10-17 17:00:00, 1991-10-17 20:00:00, 4.208303, 3:00:00, 0.0 
1991-10-29 03:00:00, 1991-11-02 11:00:00, 200.190121, 4 days, 8:00:00, 0.0 
1991-11-10 00:00:00, 1991-11-11 18:00:00, 41.191383, 1 day, 18:00:00, 0.0 
1991-11-24 14:00:00, 1991-11-24 14:00:00, 1.236278, 0:00:00, 0.0 
1991-12-03 09:00:00, 1991-12-03 12:00:00, 2.279385, 3:00:00, 0.0 
1991-12-30 20:00:00, 1991-12-30 20:00:00, 0.976421, 0:00:00, 0.0 
1991-12-31 11:00:00, 1991-12-31 11:00:00, 1.023999, 0:00:00, 0.0 
1992-01-04 09:00:00, 1992-01-05 02:00:00, 24.189275, 17:00:00, 0.0 
1992-03-19 23:00:00, 1992-03-20 03:00:00, 6.398757, 4:00:00, 0.0 
1992-03-23 01:00:00, 1992-03-23 02:00:00, 1.083763, 1:00:00, 0.0 
1992-03-23 16:00:00, 1992-03-23 17:00:00, 1.093313, 1:00:00, 0.0 
1992-03-27 04:00:00, 1992-03-27 08:00:00, 5.643195, 4:00:00, 0.0 
1992-08-15 14:00:00, 1992-08-15 14:00:00, 1.283786, 0:00:00, 0.0 
1992-08-16 02:00:00, 1992-08-16 02:00:00, 1.175576, 0:00:00, 0.0 
1992-09-24 10:00:00, 1992-09-26 12:00:00, 31.303984, 2 days, 2:00:00, 0.0 
1992-10-05 07:00:00, 1992-10-05 20:00:00, 3.540755, 13:00:00, 0.0 
1992-11-25 00:00:00, 1992-11-25 14:00:00, 5.046757, 14:00:00, 0.0 
1992-12-10 23:00:00, 1992-12-15 15:00:00, 187.156767, 4 days, 16:00:00, 0.0 
1992-12-31 16:00:00, 1992-12-31 16:00:00, 0.984313, 0:00:00, 0.0 
1993-01-09 13:00:00, 1993-01-11 03:00:00, 18.600936, 1 day, 14:00:00, 0.0 
1993-01-27 15:00:00, 1993-01-27 15:00:00, 1.093284, 0:00:00, 0.0 
1993-02-02 21:00:00, 1993-02-03 06:00:00, 1.361105, 9:00:00, 0.0 
1993-02-07 00:00:00, 1993-02-07 00:00:00, 1.311242, 0:00:00, 0.0 
1993-02-12 04:00:00, 1993-02-13 07:00:00, 23.805938, 1 day, 3:00:00, 0.0 
1993-02-28 03:00:00, 1993-02-28 06:00:00, 3.850104, 3:00:00, 0.0 
1993-03-01 03:00:00, 1993-03-01 03:00:00, 1.070986, 0:00:00, 0.0 
1993-03-01 17:00:00, 1993-03-01 18:00:00, 1.211969, 1:00:00, 0.0 
1993-03-04 19:00:00, 1993-03-06 12:00:00, 37.377912, 1 day, 17:00:00, 0.0 
1993-03-13 15:00:00, 1993-03-14 06:00:00, 33.376421, 15:00:00, 0.0 
1993-04-01 18:00:00, 1993-04-02 10:00:00, 8.014654, 16:00:00, 0.0 
1993-04-07 01:00:00, 1993-04-07 01:00:00, 1.170144, 0:00:00, 0.0 
1993-10-27 08:00:00, 1993-10-28 00:00:00, 11.929010, 16:00:00, 0.0 
1993-10-31 11:00:00, 1993-10-31 15:00:00, 5.442523, 4:00:00, 0.0 
1993-11-28 09:00:00, 1993-11-28 14:00:00, 6.458693, 5:00:00, 0.0 
1993-12-05 16:00:00, 1993-12-06 07:00:00, 10.725804, 15:00:00, 0.0 
1993-12-14 00:00:00, 1993-12-14 15:00:00, 7.743761, 15:00:00, 0.0 
1993-12-15 14:00:00, 1993-12-18 05:00:00, 43.282876, 2 days, 15:00:00, 0.0 
1994-01-04 02:00:00, 1994-01-04 18:00:00, 28.435980, 16:00:00, 0.0 
1994-01-08 07:00:00, 1994-01-08 07:00:00, 0.971760, 0:00:00, 0.0 
1994-01-14 12:00:00, 1994-01-14 16:00:00, 4.742301, 4:00:00, 0.0 
1994-01-26 09:00:00, 1994-01-26 09:00:00, 1.045823, 0:00:00, 0.0 
1994-01-26 22:00:00, 1994-01-27 01:00:00, 2.985305, 3:00:00, 0.0 
1994-02-09 09:00:00, 1994-02-09 22:00:00, 7.801633, 13:00:00, 0.0 
1994-02-11 14:00:00, 1994-02-13 03:00:00, 15.352152, 1 day, 13:00:00, 0.0 
1994-02-23 20:00:00, 1994-02-24 13:00:00, 15.199217, 17:00:00, 0.0 
1994-03-03 01:00:00, 1994-03-03 18:00:00, 29.346093, 17:00:00, 0.0 
1994-05-20 06:00:00, 1994-05-20 06:00:00, 1.062242, 0:00:00, 0.0 
1994-09-22 23:00:00, 1994-09-23 04:00:00, 5.716031, 5:00:00, 0.0 
1994-11-17 09:00:00, 1994-11-17 14:00:00, 4.801050, 5:00:00, 0.0 
1994-12-11 06:00:00, 1994-12-11 06:00:00, 1.021488, 0:00:00, 0.0 
1994-12-14 22:00:00, 1994-12-14 23:00:00, 0.988513, 1:00:00, 0.0 
1994-12-24 03:00:00, 1994-12-24 18:00:00, 11.211895, 15:00:00, 0.0 
1994-12-25 06:00:00, 1994-12-25 17:00:00, 3.294529, 11:00:00, 0.0 
1995-01-20 03:00:00, 1995-01-20 16:00:00, 5.418885, 13:00:00, 0.0 
1995-02-04 14:00:00, 1995-02-04 17:00:00, 3.723213, 3:00:00, 0.0 
1995-02-21 18:00:00, 1995-02-21 18:00:00, 0.941900, 0:00:00, 0.0 
1995-06-27 23:00:00, 1995-06-28 02:00:00, 3.447116, 3:00:00, 0.0 
1995-08-07 07:00:00, 1995-08-08 00:00:00, 13.059624, 17:00:00, 0.0 
1995-10-07 21:00:00, 1995-10-08 00:00:00, 2.282407, 3:00:00, 0.0 
1995-11-12 03:00:00, 1995-11-12 04:00:00, 1.222353, 1:00:00, 0.0 
1995-11-14 14:00:00, 1995-11-15 07:00:00, 28.904988, 17:00:00, 0.0 
1995-12-16 19:00:00, 1995-12-16 20:00:00, 1.132402, 1:00:00, 0.0 
1995-12-19 20:00:00, 1995-12-20 13:00:00, 28.197204, 17:00:00, 0.0 
1996-01-02 22:00:00, 1996-01-04 00:00:00, 14.584001, 1 day, 2:00:00, 0.0 
1996-01-07 15:00:00, 1996-01-09 01:00:00, 40.753462, 1 day, 10:00:00, 0.0 
1996-01-10 02:00:00, 1996-01-10 03:00:00, 1.100139, 1:00:00, 0.0 
1996-01-12 03:00:00, 1996-01-12 18:00:00, 8.029366, 15:00:00, 0.0 
1996-02-03 12:00:00, 1996-02-03 14:00:00, 2.388344, 2:00:00, 0.0 
1996-02-16 20:00:00, 1996-02-17 09:00:00, 6.888103, 13:00:00, 0.0 
1996-03-08 00:00:00, 1996-03-08 00:00:00, 1.101162, 0:00:00, 0.0 
1996-03-19 22:00:00, 1996-03-20 11:00:00, 10.495470, 13:00:00, 0.0 
1996-04-07 16:00:00, 1996-04-08 05:00:00, 2.226765, 13:00:00, 0.0 
1996-04-09 17:00:00, 1996-04-10 07:00:00, 4.384790, 14:00:00, 0.0 
1996-07-13 12:00:00, 1996-07-13 12:00:00, 1.594950, 0:00:00, 0.0 
1996-09-12 22:00:00, 1996-09-13 10:00:00, 3.260076, 12:00:00, 0.0 
1996-09-17 05:00:00, 1996-09-17 05:00:00, 1.472813, 0:00:00, 0.0 
1996-09-18 01:00:00, 1996-09-18 05:00:00, 4.119874, 4:00:00, 0.0 
1996-10-08 19:00:00, 1996-10-09 00:00:00, 11.106076, 5:00:00, 0.0 
1996-10-19 03:00:00, 1996-10-20 08:00:00, 22.348252, 1 day, 5:00:00, 0.0 
1996-11-19 05:00:00, 1996-11-19 09:00:00, 4.611330, 4:00:00, 0.0 
1996-12-06 07:00:00, 1996-12-06 22:00:00, 8.530314, 15:00:00, 0.0 
1996-12-07 21:00:00, 1996-12-08 12:00:00, 10.936633, 15:00:00, 0.0 
1996-12-13 12:00:00, 1996-12-16 06:00:00, 41.962237, 2 days, 18:00:00, 0.0 
1997-01-05 09:00:00, 1997-01-05 09:00:00, 1.069206, 0:00:00, 0.0 
1997-01-09 23:00:00, 1997-01-10 02:00:00, 3.163712, 3:00:00, 0.0 
1997-01-10 14:00:00, 1997-01-10 14:00:00, 1.691704, 0:00:00, 0.0 
1997-01-25 00:00:00, 1997-01-25 03:00:00, 4.206399, 3:00:00, 0.0 
1997-02-09 00:00:00, 1997-02-09 15:00:00, 4.569570, 15:00:00, 0.0 
1997-03-04 05:00:00, 1997-03-04 10:00:00, 5.796074, 5:00:00, 0.0 
1997-04-01 06:00:00, 1997-04-01 20:00:00, 8.472415, 14:00:00, 0.0 
1997-04-02 08:00:00, 1997-04-02 09:00:00, 1.234400, 1:00:00, 0.0 
1997-04-19 21:00:00, 1997-04-20 09:00:00, 5.124136, 12:00:00, 0.0 
1997-04-24 12:00:00, 1997-04-25 03:00:00, 8.493504, 15:00:00, 0.0 
1997-06-02 20:00:00, 1997-06-03 00:00:00, 1.153251, 4:00:00, 0.0 
1997-06-03 12:00:00, 1997-06-03 12:00:00, 1.022424, 0:00:00, 0.0 
1997-07-25 02:00:00, 1997-07-25 02:00:00, 1.053010, 0:00:00, 0.0 
1997-08-21 03:00:00, 1997-08-21 03:00:00, 1.325499, 0:00:00, 0.0 
1997-10-19 15:00:00, 1997-10-20 05:00:00, 7.622730, 14:00:00, 0.0 
1997-10-20 17:00:00, 1997-10-20 18:00:00, 1.108296, 1:00:00, 0.0 
1997-10-27 08:00:00, 1997-10-27 09:00:00, 1.073280, 1:00:00, 0.0 
1997-11-01 23:00:00, 1997-11-01 23:00:00, 1.065792, 0:00:00, 0.0 
1997-11-07 15:00:00, 1997-11-09 09:00:00, 26.844903, 1 day, 18:00:00, 0.0 
1997-11-14 09:00:00, 1997-11-15 02:00:00, 13.346693, 17:00:00, 0.0 
1997-12-25 07:00:00, 1997-12-25 11:00:00, 5.028777, 4:00:00, 0.0 
1997-12-29 23:00:00, 1997-12-30 03:00:00, 9.484411, 4:00:00, 0.0 
1998-01-17 02:00:00, 1998-01-19 06:00:00, 21.111347, 2 days, 4:00:00, 0.0 
1998-01-20 06:00:00, 1998-01-20 06:00:00, 1.030153, 0:00:00, 0.0 
1998-01-22 06:00:00, 1998-01-22 07:00:00, 1.132836, 1:00:00, 0.0 
1998-01-23 19:00:00, 1998-01-23 20:00:00, 1.175864, 1:00:00, 0.0 
1998-01-28 10:00:00, 1998-01-29 02:00:00, 15.471241, 16:00:00, 0.0 
1998-02-04 17:00:00, 1998-02-06 22:00:00, 77.853383, 2 days, 5:00:00, 0.0 
1998-02-07 21:00:00, 1998-02-09 00:00:00, 11.822371, 1 day, 3:00:00, 0.0 
1998-02-18 03:00:00, 1998-02-18 06:00:00, 4.024061, 3:00:00, 0.0 
1998-02-23 20:00:00, 1998-02-24 13:00:00, 20.506567, 17:00:00, 0.0 
1998-03-08 20:00:00, 1998-03-09 08:00:00, 4.753108, 12:00:00, 0.0 
1998-03-21 04:00:00, 1998-03-22 08:00:00, 16.667587, 1 day, 4:00:00, 0.0 
1998-04-04 18:00:00, 1998-04-04 20:00:00, 1.024279, 2:00:00, 0.0 
1998-04-09 21:00:00, 1998-04-10 13:00:00, 8.157422, 16:00:00, 0.0 
1998-04-23 21:00:00, 1998-04-24 00:00:00, 3.926497, 3:00:00, 0.0 
1998-05-08 23:00:00, 1998-05-08 23:00:00, 1.278987, 0:00:00, 0.0 
1998-05-09 21:00:00, 1998-05-10 01:00:00, 3.460838, 4:00:00, 0.0 
1998-05-11 02:00:00, 1998-05-13 15:00:00, 33.160289, 2 days, 13:00:00, 0.0 
1998-12-30 07:00:00, 1998-12-30 10:00:00, 2.310411, 3:00:00, 0.0 
1999-01-14 12:00:00, 1999-01-15 13:00:00, 13.192663, 1 day, 1:00:00, 0.0 
1999-02-06 15:00:00, 1999-02-06 15:00:00, 1.096369, 0:00:00, 0.0 
1999-02-08 06:00:00, 1999-02-08 06:00:00, 1.203651, 0:00:00, 0.0 
1999-02-20 04:00:00, 1999-02-20 13:00:00, 2.207370, 9:00:00, 0.0 
1999-02-25 21:00:00, 1999-02-26 08:00:00, 3.134283, 11:00:00, 0.0 
1999-03-01 10:00:00, 1999-03-01 10:00:00, 1.155553, 0:00:00, 0.0 
1999-03-04 01:00:00, 1999-03-04 01:00:00, 1.071002, 0:00:00, 0.0 
1999-03-15 08:00:00, 1999-03-16 00:00:00, 15.466501, 16:00:00, 0.0 
1999-03-28 08:00:00, 1999-03-28 09:00:00, 1.225389, 1:00:00, 0.0 
1999-04-10 05:00:00, 1999-04-10 07:00:00, 2.940799, 2:00:00, 0.0 
1999-05-03 13:00:00, 1999-05-03 15:00:00, 2.474448, 2:00:00, 0.0 
1999-06-23 23:00:00, 1999-06-23 23:00:00, 1.054757, 0:00:00, 0.0 
1999-08-31 03:00:00, 1999-08-31 05:00:00, 2.545509, 2:00:00, 0.0 
1999-09-16 16:00:00, 1999-09-16 20:00:00, 5.135489, 4:00:00, 0.0 
1999-12-02 07:00:00, 1999-12-02 10:00:00, 3.669451, 3:00:00, 0.0 
1999-12-14 14:00:00, 1999-12-15 06:00:00, 11.434543, 16:00:00, 0.0 
2000-01-18 21:00:00, 2000-01-18 23:00:00, 2.412686, 2:00:00, 0.0 
2000-01-20 22:00:00, 2000-01-21 01:00:00, 4.581826, 3:00:00, 0.0 
2000-01-25 13:00:00, 2000-01-26 05:00:00, 16.910580, 16:00:00, 0.0 
2000-03-22 00:00:00, 2000-03-22 04:00:00, 5.413431, 4:00:00, 0.0 
2000-04-18 12:00:00, 2000-04-19 15:00:00, 12.412380, 1 day, 3:00:00, 0.0 
2000-04-22 03:00:00, 2000-04-22 03:00:00, 1.228927, 0:00:00, 0.0 
2000-04-26 03:00:00, 2000-04-26 18:00:00, 7.674074, 15:00:00, 0.0 
2000-08-13 10:00:00, 2000-08-14 13:00:00, 11.406805, 1 day, 3:00:00, 0.0 
2000-09-26 08:00:00, 2000-09-27 02:00:00, 15.860039, 18:00:00, 0.0 
2000-11-02 04:00:00, 2000-11-02 05:00:00, 1.037112, 1:00:00, 0.0 
2000-11-26 10:00:00, 2000-11-26 10:00:00, 0.994747, 0:00:00, 0.0 
2000-12-30 17:00:00, 2000-12-30 17:00:00, 1.009138, 0:00:00, 0.0 
2001-01-20 21:00:00, 2001-01-20 23:00:00, 3.069126, 2:00:00, 0.0 
2001-01-21 11:00:00, 2001-01-21 12:00:00, 0.997128, 1:00:00, 0.0 
2001-03-04 20:00:00, 2001-03-05 10:00:00, 8.661788, 14:00:00, 0.0 
2001-03-07 07:00:00, 2001-03-07 07:00:00, 1.448552, 0:00:00, 0.0 
2001-03-08 01:00:00, 2001-03-08 13:00:00, 6.206645, 12:00:00, 0.0 
2001-03-13 15:00:00, 2001-03-13 15:00:00, 1.731550, 0:00:00, 0.0 
2001-09-29 20:00:00, 2001-10-01 14:00:00, 48.143447, 1 day, 18:00:00, 0.0 
2001-10-02 02:00:00, 2001-10-02 02:00:00, 1.006012, 0:00:00, 0.0 
2002-06-07 22:00:00, 2002-06-08 00:00:00, 1.003725, 2:00:00, 0.0 
2002-06-15 05:00:00, 2002-06-15 16:00:00, 2.099990, 11:00:00, 0.0 
2002-09-01 06:00:00, 2002-09-01 06:00:00, 0.967950, 0:00:00, 0.0 
2002-10-12 18:00:00, 2002-10-13 08:00:00, 9.386539, 14:00:00, 0.0 
2002-10-16 07:00:00, 2002-10-17 00:00:00, 17.786355, 17:00:00, 0.0 
2002-10-30 07:00:00, 2002-10-30 07:00:00, 1.009890, 0:00:00, 0.0 
2002-11-16 22:00:00, 2002-11-18 00:00:00, 13.278072, 1 day, 2:00:00, 0.0 
2002-12-06 03:00:00, 2002-12-06 03:00:00, 0.945775, 0:00:00, 0.0 
2002-12-12 06:00:00, 2002-12-12 06:00:00, 1.200712, 0:00:00, 0.0 
2002-12-14 07:00:00, 2002-12-14 08:00:00, 0.998784, 1:00:00, 0.0 
2002-12-25 13:00:00, 2002-12-25 18:00:00, 11.744099, 5:00:00, 0.0 
2003-01-02 00:00:00, 2003-01-04 16:00:00, 34.599504, 2 days, 16:00:00, 0.0 
2003-02-17 10:00:00, 2003-02-18 03:00:00, 16.654487, 17:00:00, 0.0 
2003-04-11 05:00:00, 2003-04-11 08:00:00, 3.784483, 3:00:00, 0.0 
2003-04-11 20:00:00, 2003-04-12 07:00:00, 1.046329, 11:00:00, 0.0 
2003-04-18 03:00:00, 2003-04-18 03:00:00, 1.047302, 0:00:00, 0.0 
2003-09-18 16:00:00, 2003-09-19 07:00:00, 10.753906, 15:00:00, 0.0 
2003-10-11 23:00:00, 2003-10-12 03:00:00, 3.264360, 4:00:00, 0.0 
2003-10-15 03:00:00, 2003-10-15 04:00:00, 1.560600, 1:00:00, 0.0 
2003-12-05 20:00:00, 2003-12-07 00:00:00, 28.411646, 1 day, 4:00:00, 0.0 
2003-12-11 01:00:00, 2003-12-11 15:00:00, 9.342297, 14:00:00, 0.0 
2003-12-14 16:00:00, 2003-12-15 04:00:00, 6.560290, 12:00:00, 0.0 
2004-01-28 03:00:00, 2004-01-28 04:00:00, 1.127040, 1:00:00, 0.0 
2004-09-19 03:00:00, 2004-09-19 05:00:00, 2.528882, 2:00:00, 0.0 
2004-09-29 15:00:00, 2004-09-29 15:00:00, 1.128522, 0:00:00, 0.0 
2004-10-20 04:00:00, 2004-10-21 07:00:00, 10.484063, 1 day, 3:00:00, 0.0 
2004-10-22 08:00:00, 2004-10-22 09:00:00, 1.124125, 1:00:00, 0.0 
2004-10-23 06:00:00, 2004-10-25 12:00:00, 35.116186, 2 days, 6:00:00, 0.0 
2004-11-13 13:00:00, 2004-11-13 15:00:00, 2.522164, 2:00:00, 0.0 
2004-12-10 11:00:00, 2004-12-11 01:00:00, 10.290364, 14:00:00, 0.0 
2004-12-27 01:00:00, 2004-12-27 02:00:00, 1.258880, 1:00:00, 0.0 
2005-01-17 05:00:00, 2005-01-17 05:00:00, 1.141594, 0:00:00, 0.0 
2005-01-23 09:00:00, 2005-01-23 14:00:00, 5.081283, 5:00:00, 0.0 
2005-01-24 14:00:00, 2005-01-24 14:00:00, 1.004247, 0:00:00, 0.0 
2005-01-31 05:00:00, 2005-01-31 14:00:00, 1.035263, 9:00:00, 0.0 
2005-03-01 01:00:00, 2005-03-01 06:00:00, 8.199020, 5:00:00, 0.0 
2005-03-23 22:00:00, 2005-03-24 01:00:00, 3.777844, 3:00:00, 0.0 
2005-03-24 13:00:00, 2005-03-24 13:00:00, 1.214014, 0:00:00, 0.0 
2005-04-02 18:00:00, 2005-04-02 20:00:00, 2.764961, 2:00:00, 0.0 
2005-05-07 10:00:00, 2005-05-07 12:00:00, 1.223045, 2:00:00, 0.0 
2005-05-24 22:00:00, 2005-05-26 16:00:00, 27.252179, 1 day, 18:00:00, 0.0 
2005-07-08 13:00:00, 2005-07-08 15:00:00, 0.978559, 2:00:00, 0.0 
2005-10-09 03:00:00, 2005-10-09 03:00:00, 1.286259, 0:00:00, 0.0 
2005-10-12 06:00:00, 2005-10-14 12:00:00, 47.733157, 2 days, 6:00:00, 0.0 
2005-10-25 04:00:00, 2005-10-26 07:00:00, 46.942866, 1 day, 3:00:00, 0.0 
2005-11-22 06:00:00, 2005-11-22 16:00:00, 3.660461, 10:00:00, 0.0 
2006-01-03 04:00:00, 2006-01-05 06:00:00, 29.443856, 2 days, 2:00:00, 0.0 
2006-01-18 13:00:00, 2006-01-18 13:00:00, 1.038422, 0:00:00, 0.0 
2006-01-31 11:00:00, 2006-02-01 04:00:00, 16.071203, 17:00:00, 0.0 
2006-02-02 01:00:00, 2006-02-02 05:00:00, 5.748410, 4:00:00, 0.0 
2006-02-03 05:00:00, 2006-02-03 06:00:00, 1.035326, 1:00:00, 0.0 
2006-02-05 03:00:00, 2006-02-05 05:00:00, 2.377314, 2:00:00, 0.0 
2006-02-12 09:00:00, 2006-02-13 02:00:00, 15.800542, 17:00:00, 0.0 
2006-06-07 10:00:00, 2006-06-07 10:00:00, 1.026472, 0:00:00, 0.0 
2006-08-30 16:00:00, 2006-08-30 16:00:00, 1.132252, 0:00:00, 0.0 
2006-09-01 19:00:00, 2006-09-02 21:00:00, 22.182975, 1 day, 2:00:00, 0.0 
2006-09-12 05:00:00, 2006-09-12 05:00:00, 1.055293, 0:00:00, 0.0 
2006-10-06 21:00:00, 2006-10-07 15:00:00, 18.109755, 18:00:00, 0.0 
2006-10-12 04:00:00, 2006-10-12 05:00:00, 1.084222, 1:00:00, 0.0 
2006-10-28 04:00:00, 2006-10-28 04:00:00, 1.135776, 0:00:00, 0.0 
2006-11-13 08:00:00, 2006-11-14 09:00:00, 9.369126, 1 day, 1:00:00, 0.0 
2006-11-22 14:00:00, 2006-11-24 04:00:00, 30.068236, 1 day, 14:00:00, 0.0 
2006-12-26 03:00:00, 2006-12-26 04:00:00, 1.580179, 1:00:00, 0.0 
2007-02-14 10:00:00, 2007-02-14 12:00:00, 2.981212, 2:00:00, 0.0 
2007-03-02 10:00:00, 2007-03-02 13:00:00, 3.506209, 3:00:00, 0.0 
2007-03-16 20:00:00, 2007-03-17 13:00:00, 12.168849, 17:00:00, 0.0 
2007-04-04 23:00:00, 2007-04-04 23:00:00, 0.952340, 0:00:00, 0.0 
2007-04-15 20:00:00, 2007-04-16 01:00:00, 6.291832, 5:00:00, 0.0 
2007-04-17 13:00:00, 2007-04-19 15:00:00, 19.864264, 2 days, 2:00:00, 0.0 
2007-05-18 12:00:00, 2007-05-18 14:00:00, 2.419040, 2:00:00, 0.0 
2007-06-04 01:00:00, 2007-06-04 16:00:00, 6.874303, 15:00:00, 0.0 
2007-06-13 20:00:00, 2007-06-14 13:00:00, 10.173157, 17:00:00, 0.0 
2007-08-11 09:00:00, 2007-08-11 09:00:00, 0.997550, 0:00:00, 0.0 
2007-10-09 21:00:00, 2007-10-10 13:00:00, 8.570008, 16:00:00, 0.0 
2007-10-11 10:00:00, 2007-10-11 15:00:00, 3.637525, 5:00:00, 0.0 
2007-10-25 14:00:00, 2007-10-26 01:00:00, 5.966208, 11:00:00, 0.0 
2007-11-03 05:00:00, 2007-11-03 22:00:00, 21.913760, 17:00:00, 0.0 
2007-12-16 03:00:00, 2007-12-16 19:00:00, 17.454617, 16:00:00, 0.0 
2007-12-21 20:00:00, 2007-12-22 08:00:00, 5.393663, 12:00:00, 0.0 
2007-12-27 03:00:00, 2007-12-27 17:00:00, 7.614839, 14:00:00, 0.0 
2007-12-31 04:00:00, 2007-12-31 06:00:00, 2.924027, 2:00:00, 0.0 
2008-01-14 04:00:00, 2008-01-14 18:00:00, 7.901763, 14:00:00, 0.0 
2008-01-18 06:00:00, 2008-01-18 07:00:00, 1.123146, 1:00:00, 0.0 
2008-01-28 03:00:00, 2008-01-28 18:00:00, 10.781391, 15:00:00, 0.0 
2008-03-16 05:00:00, 2008-03-16 09:00:00, 4.985226, 4:00:00, 0.0 
2008-03-19 09:00:00, 2008-03-19 09:00:00, 1.192426, 0:00:00, 0.0 
2008-03-20 01:00:00, 2008-03-20 01:00:00, 1.018193, 0:00:00, 0.0 
2008-04-06 22:00:00, 2008-04-07 03:00:00, 3.622406, 5:00:00, 0.0 
2008-04-08 01:00:00, 2008-04-08 04:00:00, 3.441776, 3:00:00, 0.0 
2008-05-10 01:00:00, 2008-05-10 15:00:00, 6.311149, 14:00:00, 0.0 
2008-05-11 16:00:00, 2008-05-13 22:00:00, 57.454651, 2 days, 6:00:00, 0.0 
2008-09-25 22:00:00, 2008-09-26 10:00:00, 5.144749, 12:00:00, 0.0 
2008-10-19 13:00:00, 2008-10-20 19:00:00, 20.959579, 1 day, 6:00:00, 0.0 
2008-11-06 04:00:00, 2008-11-06 07:00:00, 3.993544, 3:00:00, 0.0 
2008-12-01 01:00:00, 2008-12-01 03:00:00, 2.492752, 2:00:00, 0.0 
2008-12-20 06:00:00, 2008-12-20 08:00:00, 2.216656, 2:00:00, 0.0 
2008-12-21 05:00:00, 2008-12-21 19:00:00, 9.091194, 14:00:00, 0.0 
2009-01-07 21:00:00, 2009-01-07 22:00:00, 1.351770, 1:00:00, 0.0 
2009-02-03 17:00:00, 2009-02-04 07:00:00, 5.965426, 14:00:00, 0.0 
2009-03-02 03:00:00, 2009-03-02 15:00:00, 7.678542, 12:00:00, 0.0 
2009-09-10 05:00:00, 2009-09-11 16:00:00, 22.410622, 1 day, 11:00:00, 0.0 
2009-09-17 12:00:00, 2009-09-17 13:00:00, 1.137637, 1:00:00, 0.0 
2009-10-15 22:00:00, 2009-10-19 03:00:00, 72.719283, 3 days, 5:00:00, 0.0 
2009-10-28 08:00:00, 2009-10-28 18:00:00, 0.988838, 10:00:00, 0.0 
2009-10-29 07:00:00, 2009-10-29 23:00:00, 10.466095, 16:00:00, 0.0 
2009-11-02 22:00:00, 2009-11-03 01:00:00, 3.469918, 3:00:00, 0.0 
2009-11-11 21:00:00, 2009-11-14 23:00:00, 70.611455, 3 days, 2:00:00, 0.0 
2009-11-23 04:00:00, 2009-11-23 05:00:00, 1.069617, 1:00:00, 0.0 
2009-11-23 17:00:00, 2009-11-24 07:00:00, 6.393667, 14:00:00, 0.0 
2009-11-27 06:00:00, 2009-11-27 10:00:00, 3.314473, 4:00:00, 0.0 
2009-12-05 17:00:00, 2009-12-06 04:00:00, 2.250719, 11:00:00, 0.0 
2009-12-09 08:00:00, 2009-12-09 18:00:00, 3.785593, 10:00:00, 0.0 
2009-12-19 12:00:00, 2009-12-20 17:00:00, 26.405548, 1 day, 5:00:00, 0.0 
2009-12-26 05:00:00, 2009-12-27 06:00:00, 11.208669, 1 day, 1:00:00, 0.0 
2010-01-18 01:00:00, 2010-01-18 16:00:00, 7.481298, 15:00:00, 0.0 
2010-01-19 14:00:00, 2010-01-19 16:00:00, 2.226831, 2:00:00, 0.0 
2010-02-06 08:00:00, 2010-02-07 09:00:00, 13.487622, 1 day, 1:00:00, 0.0 
2010-02-10 09:00:00, 2010-02-10 23:00:00, 5.866695, 14:00:00, 0.0 
2010-02-11 12:00:00, 2010-02-11 12:00:00, 1.118718, 0:00:00, 0.0 
2010-02-23 19:00:00, 2010-02-23 19:00:00, 1.111848, 0:00:00, 0.0 
2010-03-03 12:00:00, 2010-03-04 05:00:00, 15.084518, 17:00:00, 0.0 
2010-03-13 09:00:00, 2010-03-14 13:00:00, 27.523298, 1 day, 4:00:00, 0.0 
2010-03-15 14:00:00, 2010-03-16 14:00:00, 9.491379, 1 day, 0:00:00, 0.0 
2010-04-26 08:00:00, 2010-04-26 08:00:00, 1.016025, 0:00:00, 0.0 
2010-04-26 21:00:00, 2010-04-26 23:00:00, 1.202184, 2:00:00, 0.0 
2010-08-24 02:00:00, 2010-08-24 14:00:00, 5.904507, 12:00:00, 0.0 
2010-08-25 02:00:00, 2010-08-25 02:00:00, 1.106347, 0:00:00, 0.0 
2010-10-03 23:00:00, 2010-10-04 22:00:00, 14.628776, 23:00:00, 0.0 
2010-11-04 23:00:00, 2010-11-04 23:00:00, 1.150167, 0:00:00, 0.0 
2010-11-11 03:00:00, 2010-11-11 14:00:00, 6.217195, 11:00:00, 0.0 
2010-12-13 05:00:00, 2010-12-13 05:00:00, 1.054580, 0:00:00, 0.0 
2010-12-26 18:00:00, 2010-12-27 07:00:00, 9.467815, 13:00:00, 0.0 
2011-01-07 14:00:00, 2011-01-07 14:00:00, 1.127556, 0:00:00, 0.0 
2011-01-08 15:00:00, 2011-01-08 15:00:00, 1.124927, 0:00:00, 0.0 
2011-01-26 19:00:00, 2011-01-27 08:00:00, 5.471641, 13:00:00, 0.0 
2011-02-02 13:00:00, 2011-02-02 14:00:00, 1.225433, 1:00:00, 0.0 
2011-02-22 04:00:00, 2011-02-22 04:00:00, 1.237408, 0:00:00, 0.0 
2011-03-11 02:00:00, 2011-03-11 04:00:00, 3.035776, 2:00:00, 0.0 
2011-03-24 01:00:00, 2011-03-24 17:00:00, 5.695493, 16:00:00, 0.0 
2011-04-01 00:00:00, 2011-04-01 13:00:00, 6.136425, 13:00:00, 0.0 
2011-04-16 21:00:00, 2011-04-17 01:00:00, 5.559141, 4:00:00, 0.0 
2011-05-12 20:00:00, 2011-05-12 20:00:00, 1.102762, 0:00:00, 0.0 
2011-08-28 00:00:00, 2011-08-28 09:00:00, 8.866055, 9:00:00, 0.0 
2011-10-13 00:00:00, 2011-10-13 13:00:00, 4.646617, 13:00:00, 0.0 
2011-10-19 14:00:00, 2011-10-19 17:00:00, 4.240980, 3:00:00, 0.0 
2011-10-29 14:00:00, 2011-10-30 04:00:00, 8.702735, 14:00:00, 0.0 
2012-01-12 12:00:00, 2012-01-13 04:00:00, 9.886187, 16:00:00, 0.0 
2012-02-25 00:00:00, 2012-02-25 01:00:00, 1.219313, 1:00:00, 0.0 
2012-03-03 05:00:00, 2012-03-03 07:00:00, 2.657541, 2:00:00, 0.0 
2012-04-01 05:00:00, 2012-04-01 05:00:00, 0.991699, 0:00:00, 0.0 
2012-04-22 23:00:00, 2012-04-23 03:00:00, 3.815814, 4:00:00, 0.0 
2012-06-04 22:00:00, 2012-06-05 15:00:00, 14.317097, 17:00:00, 0.0 
2012-10-28 21:00:00, 2012-10-30 03:00:00, 91.955452, 1 day, 6:00:00, 0.0 
2012-11-07 16:00:00, 2012-11-08 18:00:00, 34.271834, 1 day, 2:00:00, 0.0 
2012-12-17 03:00:00, 2012-12-17 13:00:00, 2.174058, 10:00:00, 0.0 
2012-12-18 02:00:00, 2012-12-18 06:00:00, 5.082477, 4:00:00, 0.0 
2012-12-18 18:00:00, 2012-12-18 18:00:00, 1.082907, 0:00:00, 0.0 
2012-12-20 17:00:00, 2012-12-21 10:00:00, 19.857330, 17:00:00, 0.0 
2012-12-26 22:00:00, 2012-12-27 10:00:00, 9.988133, 12:00:00, 0.0 
2013-01-16 15:00:00, 2013-01-16 15:00:00, 1.073983, 0:00:00, 0.0 
2013-02-08 21:00:00, 2013-02-09 01:00:00, 7.486751, 4:00:00, 0.0 
2013-02-27 01:00:00, 2013-02-27 03:00:00, 2.500837, 2:00:00, 0.0 
2013-03-06 08:00:00, 2013-03-10 13:00:00, 90.423047, 4 days, 5:00:00, 0.0 
2013-03-25 10:00:00, 2013-03-26 12:00:00, 12.450130, 1 day, 2:00:00, 0.0 
2013-06-14 01:00:00, 2013-06-14 01:00:00, 1.035899, 0:00:00, 0.0 
2013-06-14 14:00:00, 2013-06-14 17:00:00, 3.828216, 3:00:00, 0.0 
2013-07-26 03:00:00, 2013-07-26 03:00:00, 1.168898, 0:00:00, 0.0 
2013-10-09 17:00:00, 2013-10-11 06:00:00, 14.634112, 1 day, 13:00:00, 0.0 
2013-10-12 05:00:00, 2013-10-13 09:00:00, 14.582134, 1 day, 4:00:00, 0.0 
2014-01-03 00:00:00, 2014-01-03 16:00:00, 10.722265, 16:00:00, 0.0 
2014-01-04 04:00:00, 2014-01-04 04:00:00, 1.168183, 0:00:00, 0.0 
2014-01-22 03:00:00, 2014-01-22 17:00:00, 7.711794, 14:00:00, 0.0 
2014-02-05 18:00:00, 2014-02-05 18:00:00, 1.042853, 0:00:00, 0.0 
2014-02-13 11:00:00, 2014-02-14 01:00:00, 11.858825, 14:00:00, 0.0 
2014-04-29 22:00:00, 2014-04-30 03:00:00, 6.230959, 5:00:00, 0.0 
2014-04-30 15:00:00, 2014-04-30 15:00:00, 1.026039, 0:00:00, 0.0 
2014-10-01 06:00:00, 2014-10-01 06:00:00, 1.003963, 0:00:00, 0.0 
2014-10-02 21:00:00, 2014-10-03 09:00:00, 5.417597, 12:00:00, 0.0 
2014-10-03 22:00:00, 2014-10-04 10:00:00, 3.551919, 12:00:00, 0.0 
2014-10-22 21:00:00, 2014-10-23 14:00:00, 13.033451, 17:00:00, 0.0 
2014-11-01 05:00:00, 2014-11-02 10:00:00, 24.159493, 1 day, 5:00:00, 0.0 
2014-11-27 03:00:00, 2014-11-27 05:00:00, 2.770833, 2:00:00, 0.0 
2014-12-08 00:00:00, 2014-12-10 04:00:00, 40.791871, 2 days, 4:00:00, 0.0 
2014-12-23 14:00:00, 2014-12-23 15:00:00, 1.230658, 1:00:00, 0.0 
2015-01-24 15:00:00, 2015-01-24 17:00:00, 2.592804, 2:00:00, 0.0 
2015-01-26 17:00:00, 2015-01-28 06:00:00, 29.338526, 1 day, 13:00:00, 0.0 
2015-02-09 14:00:00, 2015-02-12 08:00:00, 37.697655, 2 days, 18:00:00, 0.0 
2015-10-02 01:00:00, 2015-10-05 21:00:00, 78.742602, 3 days, 20:00:00, 0.0 
2015-11-12 12:00:00, 2015-11-13 00:00:00, 6.124813, 12:00:00, 0.0 
2015-12-17 05:00:00, 2015-12-17 19:00:00, 6.999344, 14:00:00, 0.0 
2015-12-29 02:00:00, 2015-12-29 17:00:00, 13.213909, 15:00:00, 0.0 
2015-12-31 03:00:00, 2015-12-31 05:00:00, 2.283358, 2:00:00, 0.0 
2016-01-08 23:00:00, 2016-01-10 15:00:00, 20.016030, 1 day, 16:00:00, 0.0 
2016-01-23 09:00:00, 2016-01-25 02:00:00, 49.751888, 1 day, 17:00:00, 0.0 
2016-02-08 10:00:00, 2016-02-10 03:00:00, 41.354341, 1 day, 17:00:00, 0.0 
2016-03-15 03:00:00, 2016-03-15 17:00:00, 4.739450, 14:00:00, 0.0 
2016-03-20 21:00:00, 2016-03-20 22:00:00, 1.175739, 1:00:00, 0.0 
2016-05-05 21:00:00, 2016-05-06 14:00:00, 9.097000, 17:00:00, 0.0 
2016-09-04 04:00:00, 2016-09-04 04:00:00, 1.079959, 0:00:00, 0.0 
2016-09-05 03:00:00, 2016-09-05 03:00:00, 1.100595, 0:00:00, 0.0 
2016-09-05 15:00:00, 2016-09-06 18:00:00, 17.615675, 1 day, 3:00:00, 0.0 
2016-09-28 21:00:00, 2016-10-01 10:00:00, 44.126034, 2 days, 13:00:00, 0.0 
2016-10-05 04:00:00, 2016-10-05 04:00:00, 1.103508, 0:00:00, 0.0 
2016-10-09 16:00:00, 2016-10-09 16:00:00, 1.018835, 0:00:00, 0.0 
2016-12-07 04:00:00, 2016-12-07 07:00:00, 5.664567, 3:00:00, 0.0 
2017-01-03 14:00:00, 2017-01-04 03:00:00, 5.615398, 13:00:00, 0.0 
2017-01-19 06:00:00, 2017-01-19 06:00:00, 1.073565, 0:00:00, 0.0 
2017-01-23 07:00:00, 2017-01-24 23:00:00, 64.492821, 1 day, 16:00:00, 0.0 
2017-02-13 00:00:00, 2017-02-13 00:00:00, 1.115235, 0:00:00, 0.0 
2017-02-15 03:00:00, 2017-02-15 04:00:00, 1.063388, 1:00:00, 0.0 
2017-03-14 12:00:00, 2017-03-14 15:00:00, 7.141235, 3:00:00, 0.0 
2017-04-01 16:00:00, 2017-04-01 17:00:00, 1.083169, 1:00:00, 0.0 
2017-04-06 19:00:00, 2017-04-06 20:00:00, 1.991038, 1:00:00, 0.0 
2017-05-13 14:00:00, 2017-05-13 15:00:00, 1.268433, 1:00:00, 0.0 
2017-05-25 12:00:00, 2017-05-26 01:00:00, 3.397559, 13:00:00, 0.0 
2017-07-29 15:00:00, 2017-07-30 07:00:00, 12.737860, 16:00:00, 0.0 
2017-08-30 05:00:00, 2017-08-30 08:00:00, 3.836545, 3:00:00, 0.0 
2017-09-19 23:00:00, 2017-09-20 14:00:00, 10.790206, 15:00:00, 0.0 
2017-09-22 11:00:00, 2017-09-22 16:00:00, 5.400588, 5:00:00, 0.0 
2017-10-12 07:00:00, 2017-10-12 07:00:00, 1.018636, 0:00:00, 0.0 
2017-10-24 14:00:00, 2017-10-24 14:00:00, 1.226936, 0:00:00, 0.0 
2017-11-08 04:00:00, 2017-11-09 06:00:00, 9.966022, 1 day, 2:00:00, 0.0 
2017-11-16 00:00:00, 2017-11-16 00:00:00, 1.077656, 0:00:00, 0.0 
2017-12-10 04:00:00, 2017-12-10 07:00:00, 2.315110, 3:00:00, 0.0 
2018-01-04 14:00:00, 2018-01-04 16:00:00, 2.741419, 2:00:00, 0.0 
2018-01-29 23:00:00, 2018-01-30 13:00:00, 4.968417, 14:00:00, 0.0 
2018-03-02 10:00:00, 2018-03-08 07:00:00, 119.890729, 5 days, 21:00:00, 0.0 
2018-03-12 22:00:00, 2018-03-13 23:00:00, 9.944872, 1 day, 1:00:00, 0.0 
2018-03-21 00:00:00, 2018-03-22 17:00:00, 29.417559, 1 day, 17:00:00, 0.0 
2018-04-15 22:00:00, 2018-04-16 14:00:00, 13.059818, 16:00:00, 0.0 
2018-06-03 15:00:00, 2018-06-04 18:00:00, 9.375569, 1 day, 3:00:00, 0.0 
2018-09-20 08:00:00, 2018-09-20 10:00:00, 2.165080, 2:00:00, 0.0 
2018-09-25 10:00:00, 2018-09-25 10:00:00, 1.006500, 0:00:00, 0.0 
2018-10-12 14:00:00, 2018-10-12 17:00:00, 2.580726, 3:00:00, 0.0 
2018-10-27 11:00:00, 2018-10-27 16:00:00, 10.463183, 5:00:00, 0.0 
2018-11-16 05:00:00, 2018-11-16 09:00:00, 6.764785, 4:00:00, 0.0 
2018-11-25 02:00:00, 2018-11-25 03:00:00, 2.544933, 1:00:00, 0.0 
2018-11-25 15:00:00, 2018-11-25 15:00:00, 1.136025, 0:00:00, 0.0 
2018-11-26 14:00:00, 2018-11-27 04:00:00, 7.693283, 14:00:00, 0.0 
2018-12-16 06:00:00, 2018-12-17 09:00:00, 13.425123, 1 day, 3:00:00, 0.0 
2019-01-20 09:00:00, 2019-01-20 14:00:00, 3.920170, 5:00:00, 0.0 
2019-03-04 09:00:00, 2019-03-04 13:00:00, 3.586401, 4:00:00, 0.0 
2019-05-12 17:00:00, 2019-05-14 08:00:00, 13.045845, 1 day, 15:00:00, 0.0 
2019-08-25 22:00:00, 2019-08-26 09:00:00, 3.361657, 11:00:00, 0.0 
2019-09-06 19:00:00, 2019-09-07 08:00:00, 5.942630, 13:00:00, 0.0 
2019-09-19 03:00:00, 2019-09-19 04:00:00, 1.077012, 1:00:00, 0.0 
2019-10-03 13:00:00, 2019-10-03 18:00:00, 6.248005, 5:00:00, 0.0 
2019-10-09 10:00:00, 2019-10-12 14:00:00, 84.495865, 3 days, 4:00:00, 0.0 
2019-11-17 04:00:00, 2019-11-19 07:00:00, 28.259976, 2 days, 3:00:00, 0.0 
2019-11-30 04:00:00, 2019-11-30 04:00:00, 1.035641, 0:00:00, 0.0 
2019-12-01 18:00:00, 2019-12-03 19:00:00, 27.367516, 2 days, 1:00:00, 0.0 
2019-12-30 14:00:00, 2019-12-31 18:00:00, 21.015083, 1 day, 4:00:00, 0.0 
2020-01-25 14:00:00, 2020-01-25 15:00:00, 1.102692, 1:00:00, 0.0 
2020-02-07 10:00:00, 2020-02-07 13:00:00, 1.418168, 3:00:00, 0.0 
2020-02-27 04:00:00, 2020-02-27 04:00:00, 1.105274, 0:00:00, 0.0 
2020-03-07 08:00:00, 2020-03-07 08:00:00, 1.206188, 0:00:00, 0.0 
2020-03-07 22:00:00, 2020-03-08 00:00:00, 2.699370, 2:00:00, 0.0 
2020-03-25 23:00:00, 2020-03-26 03:00:00, 2.373372, 4:00:00, 0.0 
2020-03-31 17:00:00, 2020-03-31 17:00:00, 1.152500, 0:00:00, 0.0 
2020-04-01 06:00:00, 2020-04-01 19:00:00, 3.402851, 13:00:00, 0.0 
2020-04-03 19:00:00, 2020-04-04 23:00:00, 20.859473, 1 day, 4:00:00, 0.0 
2020-07-10 14:00:00, 2020-07-10 18:00:00, 5.778521, 4:00:00, 0.0 
2020-08-04 15:00:00, 2020-08-04 15:00:00, 1.707725, 0:00:00, 0.0 
2020-08-16 20:00:00, 2020-08-17 01:00:00, 6.007070, 5:00:00, 0.0 
2020-09-23 15:00:00, 2020-09-23 17:00:00, 1.223651, 2:00:00, 0.0 
2020-10-12 18:00:00, 2020-10-13 08:00:00, 9.354743, 14:00:00, 0.0 
2020-10-29 22:00:00, 2020-10-31 00:00:00, 15.796531, 1 day, 2:00:00, 0.0 
2020-11-30 14:00:00, 2020-11-30 14:00:00, 1.069173, 0:00:00, 0.0 
2020-12-17 00:00:00, 2020-12-18 04:00:00, 17.827160, 1 day, 4:00:00, 0.0 
2020-12-25 07:00:00, 2020-12-25 07:00:00, 1.225790, 0:00:00, 0.0 
2021-01-04 03:00:00, 2021-01-04 05:00:00, 2.947977, 2:00:00, 0.0 
2021-01-05 04:00:00, 2021-01-06 18:00:00, 14.043473, 1 day, 14:00:00, 0.0 
2021-01-16 01:00:00, 2021-01-16 17:00:00, 10.226114, 16:00:00, 0.0 
2021-02-01 02:00:00, 2021-02-03 18:00:00, 69.034395, 2 days, 16:00:00, 0.0 
2021-02-16 04:00:00, 2021-02-16 04:00:00, 1.071883, 0:00:00, 0.0 
2021-02-19 17:00:00, 2021-02-19 17:00:00, 1.225980, 0:00:00, 0.0 
2021-04-12 13:00:00, 2021-04-12 13:00:00, 1.107513, 0:00:00, 0.0 
2021-05-29 05:00:00, 2021-05-29 17:00:00, 7.705339, 12:00:00, 0.0 
2021-05-30 17:00:00, 2021-05-30 17:00:00, 1.341703, 0:00:00, 0.0 
2021-09-02 19:00:00, 2021-09-02 19:00:00, 1.070223, 0:00:00, 0.0 
2021-10-10 03:00:00, 2021-10-10 05:00:00, 2.510876, 2:00:00, 0.0 
2021-10-11 04:00:00, 2021-10-11 05:00:00, 1.168608, 1:00:00, 0.0 
2021-10-11 17:00:00, 2021-10-11 19:00:00, 2.566206, 2:00:00, 0.0 
2021-10-27 13:00:00, 2021-10-30 07:00:00, 74.173129, 2 days, 18:00:00, 0.0 
2021-10-31 07:00:00, 2021-10-31 09:00:00, 2.223600, 2:00:00, 0.0 
2022-01-01 23:00:00, 2022-01-01 23:00:00, 1.153376, 0:00:00, 0.0 
2022-01-03 13:00:00, 2022-01-04 03:00:00, 6.740244, 14:00:00, 0.0 
2022-01-14 22:00:00, 2022-01-14 22:00:00, 1.147625, 0:00:00, 0.0 
2022-01-15 23:00:00, 2022-01-15 23:00:00, 0.991683, 0:00:00, 0.0 
2022-01-29 09:00:00, 2022-01-29 23:00:00, 7.974921, 14:00:00, 0.0 
2022-04-19 01:00:00, 2022-04-19 04:00:00, 5.343349, 3:00:00, 0.0 
2022-05-07 02:00:00, 2022-05-10 21:00:00, 67.149134, 3 days, 19:00:00, 0.0 
2022-05-11 09:00:00, 2022-05-11 09:00:00, 1.048916, 0:00:00, 0.0 
2022-05-11 21:00:00, 2022-05-11 21:00:00, 1.085632, 0:00:00, 0.0 
2022-10-01 05:00:00, 2022-10-01 05:00:00, 1.028025, 0:00:00, 0.0 
2022-10-02 14:00:00, 2022-10-05 07:00:00, 66.163353, 2 days, 17:00:00, 0.0 
2022-12-10 13:00:00, 2022-12-12 03:00:00, 14.725039, 1 day, 14:00:00, 0.0 
2022-12-12 16:00:00, 2022-12-12 17:00:00, 1.065045, 1:00:00, 0.0 
2022-12-15 15:00:00, 2022-12-17 07:00:00, 42.243176, 1 day, 16:00:00, 0.0 
2022-12-23 00:00:00, 2022-12-23 15:00:00, 13.217886, 15:00:00, 0.0 
