1922-12-17 13:00:00, 1922-12-17 13:00:00, 0.984770, 0:00:00, 0.0 
1922-12-28 18:00:00, 1922-12-29 21:00:00, 13.407434, 1 day, 3:00:00, 0.0 
1922-12-30 09:00:00, 1922-12-30 11:00:00, 2.118674, 2:00:00, 0.0 
1923-01-03 23:00:00, 1923-01-04 14:00:00, 5.608518, 15:00:00, 0.0 
1923-01-07 14:00:00, 1923-01-08 18:00:00, 18.270841, 1 day, 4:00:00, 0.0 
1923-01-24 17:00:00, 1923-01-24 17:00:00, 0.955733, 0:00:00, 0.0 
1923-03-07 02:00:00, 1923-03-07 13:00:00, 8.185003, 11:00:00, 0.0 
1923-05-07 03:00:00, 1923-05-07 03:00:00, 0.930133, 0:00:00, 0.0 
1923-10-18 17:00:00, 1923-10-18 22:00:00, 6.703738, 5:00:00, 0.0 
1923-10-23 00:00:00, 1923-10-24 13:00:00, 33.959673, 1 day, 13:00:00, 0.0 
1923-11-12 13:00:00, 1923-11-12 15:00:00, 1.191467, 2:00:00, 0.0 
1923-11-14 17:00:00, 1923-11-15 20:00:00, 14.176348, 1 day, 3:00:00, 0.0 
1923-11-24 13:00:00, 1923-11-24 13:00:00, 0.997495, 0:00:00, 0.0 
1923-12-06 08:00:00, 1923-12-06 10:00:00, 2.244115, 2:00:00, 0.0 
1923-12-28 14:00:00, 1923-12-28 15:00:00, 0.973350, 1:00:00, 0.0 
1923-12-31 06:00:00, 1923-12-31 06:00:00, 0.936889, 0:00:00, 0.0 
1924-01-16 21:00:00, 1924-01-16 23:00:00, 3.422459, 2:00:00, 0.0 
1924-01-25 02:00:00, 1924-01-25 04:00:00, 2.377405, 2:00:00, 0.0 
1924-02-02 22:00:00, 1924-02-02 22:00:00, 0.937135, 0:00:00, 0.0 
1924-02-03 22:00:00, 1924-02-03 23:00:00, 1.077468, 1:00:00, 0.0 
1924-02-05 10:00:00, 1924-02-06 13:00:00, 16.947399, 1 day, 3:00:00, 0.0 
1924-02-12 18:00:00, 1924-02-13 07:00:00, 2.864061, 13:00:00, 0.0 
1924-02-20 10:00:00, 1924-02-21 01:00:00, 9.519986, 15:00:00, 0.0 
1924-02-27 18:00:00, 1924-02-28 06:00:00, 2.979054, 12:00:00, 0.0 
1924-03-11 01:00:00, 1924-03-13 07:00:00, 73.038489, 2 days, 6:00:00, 0.0 
1924-03-21 12:00:00, 1924-03-23 02:00:00, 35.015794, 1 day, 14:00:00, 0.0 
1924-03-26 16:00:00, 1924-03-26 16:00:00, 0.945254, 0:00:00, 0.0 
1924-03-27 05:00:00, 1924-03-27 07:00:00, 2.095927, 2:00:00, 0.0 
1924-04-01 21:00:00, 1924-04-01 23:00:00, 2.513271, 2:00:00, 0.0 
1924-05-12 06:00:00, 1924-05-12 08:00:00, 2.089191, 2:00:00, 0.0 
1924-08-26 19:00:00, 1924-08-26 20:00:00, 1.035844, 1:00:00, 0.0 
1924-09-18 03:00:00, 1924-09-18 03:00:00, 0.951724, 0:00:00, 0.0 
1924-10-30 03:00:00, 1924-10-30 03:00:00, 0.990301, 0:00:00, 0.0 
1924-11-22 22:00:00, 1924-11-22 22:00:00, 0.977041, 0:00:00, 0.0 
1925-01-01 04:00:00, 1925-01-01 17:00:00, 4.143280, 13:00:00, 0.0 
1925-01-02 05:00:00, 1925-01-03 19:00:00, 22.756889, 1 day, 14:00:00, 0.0 
1925-01-12 01:00:00, 1925-01-13 15:00:00, 21.865829, 1 day, 14:00:00, 0.0 
1925-01-20 06:00:00, 1925-01-20 10:00:00, 2.208173, 4:00:00, 0.0 
1925-01-29 02:00:00, 1925-01-30 04:00:00, 13.903462, 1 day, 2:00:00, 0.0 
1925-02-05 22:00:00, 1925-02-05 22:00:00, 0.900473, 0:00:00, 0.0 
1925-04-30 03:00:00, 1925-04-30 19:00:00, 10.606254, 16:00:00, 0.0 
1925-05-24 23:00:00, 1925-05-25 03:00:00, 4.371239, 4:00:00, 0.0 
1925-11-04 12:00:00, 1925-11-04 17:00:00, 3.000814, 5:00:00, 0.0 
1925-12-02 14:00:00, 1925-12-05 17:00:00, 35.947010, 3 days, 3:00:00, 0.0 
1925-12-21 04:00:00, 1925-12-21 06:00:00, 2.174236, 2:00:00, 0.0 
1926-01-09 07:00:00, 1926-01-09 10:00:00, 4.243874, 3:00:00, 0.0 
1926-02-01 01:00:00, 1926-02-02 04:00:00, 13.998894, 1 day, 3:00:00, 0.0 
1926-02-04 02:00:00, 1926-02-04 18:00:00, 13.693456, 16:00:00, 0.0 
1926-02-10 08:00:00, 1926-02-11 00:00:00, 13.557511, 16:00:00, 0.0 
1926-03-31 13:00:00, 1926-03-31 14:00:00, 1.243171, 1:00:00, 0.0 
1926-09-03 08:00:00, 1926-09-03 10:00:00, 1.049705, 2:00:00, 0.0 
1926-11-16 23:00:00, 1926-11-16 23:00:00, 0.995635, 0:00:00, 0.0 
1926-12-11 06:00:00, 1926-12-11 06:00:00, 0.923239, 0:00:00, 0.0 
1926-12-26 17:00:00, 1926-12-26 17:00:00, 0.994279, 0:00:00, 0.0 
1927-02-15 00:00:00, 1927-02-15 00:00:00, 1.029639, 0:00:00, 0.0 
1927-02-18 12:00:00, 1927-02-18 14:00:00, 1.011428, 2:00:00, 0.0 
1927-02-19 03:00:00, 1927-02-21 16:00:00, 60.206910, 2 days, 13:00:00, 0.0 
1927-03-02 22:00:00, 1927-03-03 14:00:00, 6.764619, 16:00:00, 0.0 
1927-03-22 03:00:00, 1927-03-22 03:00:00, 1.521130, 0:00:00, 0.0 
1927-03-24 15:00:00, 1927-03-24 16:00:00, 0.938590, 1:00:00, 0.0 
1927-03-25 04:00:00, 1927-03-25 17:00:00, 3.039466, 13:00:00, 0.0 
1927-03-26 17:00:00, 1927-03-27 05:00:00, 3.119553, 12:00:00, 0.0 
1927-04-02 22:00:00, 1927-04-03 14:00:00, 6.258659, 16:00:00, 0.0 
1927-07-02 13:00:00, 1927-07-02 16:00:00, 4.112499, 3:00:00, 0.0 
1927-08-27 00:00:00, 1927-08-27 03:00:00, 4.449724, 3:00:00, 0.0 
1927-10-04 06:00:00, 1927-10-04 06:00:00, 0.961909, 0:00:00, 0.0 
1927-10-17 17:00:00, 1927-10-17 17:00:00, 1.012033, 0:00:00, 0.0 
1927-10-18 05:00:00, 1927-10-19 18:00:00, 26.694263, 1 day, 13:00:00, 0.0 
1927-10-20 08:00:00, 1927-10-20 08:00:00, 0.933950, 0:00:00, 0.0 
1927-11-04 06:00:00, 1927-11-04 06:00:00, 0.897134, 0:00:00, 0.0 
1927-11-29 03:00:00, 1927-11-29 03:00:00, 0.873600, 0:00:00, 0.0 
1927-12-02 18:00:00, 1927-12-02 20:00:00, 2.435957, 2:00:00, 0.0 
1927-12-04 18:00:00, 1927-12-05 12:00:00, 20.493387, 18:00:00, 0.0 
1927-12-08 09:00:00, 1927-12-08 09:00:00, 1.011785, 0:00:00, 0.0 
1927-12-16 17:00:00, 1927-12-16 21:00:00, 6.657205, 4:00:00, 0.0 
1928-01-19 22:00:00, 1928-01-19 23:00:00, 1.200274, 1:00:00, 0.0 
1928-01-25 03:00:00, 1928-01-25 03:00:00, 1.017387, 0:00:00, 0.0 
1928-01-28 14:00:00, 1928-01-28 18:00:00, 3.173980, 4:00:00, 0.0 
1928-02-18 12:00:00, 1928-02-18 23:00:00, 2.227998, 11:00:00, 0.0 
1928-03-10 01:00:00, 1928-03-10 13:00:00, 3.806047, 12:00:00, 0.0 
1928-03-18 07:00:00, 1928-03-18 22:00:00, 10.552617, 15:00:00, 0.0 
1928-04-11 17:00:00, 1928-04-12 07:00:00, 10.348222, 14:00:00, 0.0 
1928-04-24 15:00:00, 1928-04-24 16:00:00, 0.950680, 1:00:00, 0.0 
1928-04-28 04:00:00, 1928-04-28 19:00:00, 8.895383, 15:00:00, 0.0 
1928-05-09 14:00:00, 1928-05-09 16:00:00, 2.015247, 2:00:00, 0.0 
1928-07-07 00:00:00, 1928-07-07 05:00:00, 4.591407, 5:00:00, 0.0 
1928-08-12 19:00:00, 1928-08-13 00:00:00, 6.329288, 5:00:00, 0.0 
1928-09-19 04:00:00, 1928-09-20 07:00:00, 30.744588, 1 day, 3:00:00, 0.0 
1928-09-30 10:00:00, 1928-10-01 03:00:00, 8.705370, 17:00:00, 0.0 
1928-12-08 11:00:00, 1928-12-09 13:00:00, 8.865764, 1 day, 2:00:00, 0.0 
1929-01-06 07:00:00, 1929-01-06 07:00:00, 1.085227, 0:00:00, 0.0 
1929-02-07 08:00:00, 1929-02-07 13:00:00, 5.733299, 5:00:00, 0.0 
1929-02-21 12:00:00, 1929-02-21 23:00:00, 0.949204, 11:00:00, 0.0 
1929-02-28 16:00:00, 1929-03-01 04:00:00, 2.741691, 12:00:00, 0.0 
1929-04-10 23:00:00, 1929-04-13 05:00:00, 19.963550, 2 days, 6:00:00, 0.0 
1929-04-14 16:00:00, 1929-04-14 16:00:00, 0.896155, 0:00:00, 0.0 
1929-04-15 17:00:00, 1929-04-17 09:00:00, 54.691419, 1 day, 16:00:00, 0.0 
1929-04-22 09:00:00, 1929-04-23 02:00:00, 6.010975, 17:00:00, 0.0 
1929-04-27 15:00:00, 1929-04-27 15:00:00, 0.891088, 0:00:00, 0.0 
1929-05-21 09:00:00, 1929-05-21 09:00:00, 0.987947, 0:00:00, 0.0 
1929-06-11 00:00:00, 1929-06-11 03:00:00, 2.290929, 3:00:00, 0.0 
1929-09-22 03:00:00, 1929-09-22 04:00:00, 0.914407, 1:00:00, 0.0 
1929-09-23 03:00:00, 1929-09-23 03:00:00, 0.983509, 0:00:00, 0.0 
1929-10-01 23:00:00, 1929-10-03 01:00:00, 15.550375, 1 day, 2:00:00, 0.0 
1929-11-18 14:00:00, 1929-11-19 01:00:00, 2.124965, 11:00:00, 0.0 
1929-11-24 07:00:00, 1929-11-24 08:00:00, 1.116328, 1:00:00, 0.0 
1929-12-19 15:00:00, 1929-12-19 15:00:00, 1.173724, 0:00:00, 0.0 
1929-12-23 16:00:00, 1929-12-24 09:00:00, 13.646979, 17:00:00, 0.0 
1930-01-12 07:00:00, 1930-01-12 07:00:00, 0.874233, 0:00:00, 0.0 
1930-01-15 13:00:00, 1930-01-15 13:00:00, 1.083612, 0:00:00, 0.0 
1930-01-18 13:00:00, 1930-01-18 15:00:00, 2.521583, 2:00:00, 0.0 
1930-01-30 14:00:00, 1930-01-31 15:00:00, 12.771733, 1 day, 1:00:00, 0.0 
1930-02-05 02:00:00, 1930-02-05 17:00:00, 3.723928, 15:00:00, 0.0 
1930-02-26 23:00:00, 1930-02-26 23:00:00, 0.880213, 0:00:00, 0.0 
1930-03-08 03:00:00, 1930-03-08 19:00:00, 11.665481, 16:00:00, 0.0 
1930-04-07 06:00:00, 1930-04-07 06:00:00, 1.085517, 0:00:00, 0.0 
1930-08-21 21:00:00, 1930-08-21 23:00:00, 2.498245, 2:00:00, 0.0 
1930-08-22 11:00:00, 1930-08-23 21:00:00, 14.356176, 1 day, 10:00:00, 0.0 
1930-10-08 13:00:00, 1930-10-09 14:00:00, 10.313398, 1 day, 1:00:00, 0.0 
1930-11-04 12:00:00, 1930-11-05 13:00:00, 13.597933, 1 day, 1:00:00, 0.0 
1930-11-19 12:00:00, 1930-11-19 14:00:00, 2.190026, 2:00:00, 0.0 
1930-11-25 04:00:00, 1930-11-25 04:00:00, 0.943268, 0:00:00, 0.0 
1930-12-07 00:00:00, 1930-12-08 01:00:00, 6.175709, 1 day, 1:00:00, 0.0 
1930-12-27 16:00:00, 1930-12-27 16:00:00, 0.931413, 0:00:00, 0.0 
1930-12-28 05:00:00, 1930-12-28 07:00:00, 1.986662, 2:00:00, 0.0 
1930-12-29 06:00:00, 1930-12-29 08:00:00, 0.885078, 2:00:00, 0.0 
1931-01-05 23:00:00, 1931-01-06 14:00:00, 11.073159, 15:00:00, 0.0 
1931-01-19 12:00:00, 1931-01-19 15:00:00, 3.823940, 3:00:00, 0.0 
1931-02-21 03:00:00, 1931-02-21 03:00:00, 0.931916, 0:00:00, 0.0 
1931-03-03 22:00:00, 1931-03-05 15:00:00, 33.397115, 1 day, 17:00:00, 0.0 
1931-03-08 13:00:00, 1931-03-09 04:00:00, 13.960355, 15:00:00, 0.0 
1931-03-17 09:00:00, 1931-03-18 01:00:00, 12.541742, 16:00:00, 0.0 
1931-03-23 14:00:00, 1931-03-24 04:00:00, 6.583964, 14:00:00, 0.0 
1931-03-26 17:00:00, 1931-03-27 18:00:00, 2.946340, 1 day, 1:00:00, 0.0 
1931-04-01 13:00:00, 1931-04-02 01:00:00, 6.832617, 12:00:00, 0.0 
1931-04-07 03:00:00, 1931-04-07 16:00:00, 4.067103, 13:00:00, 0.0 
1931-06-10 09:00:00, 1931-06-10 22:00:00, 5.585710, 13:00:00, 0.0 
1931-08-11 23:00:00, 1931-08-11 23:00:00, 1.100219, 0:00:00, 0.0 
1931-08-22 19:00:00, 1931-08-22 19:00:00, 1.073827, 0:00:00, 0.0 
1931-08-23 07:00:00, 1931-08-24 09:00:00, 15.492320, 1 day, 2:00:00, 0.0 
1931-08-24 21:00:00, 1931-08-24 21:00:00, 1.057809, 0:00:00, 0.0 
1931-09-28 13:00:00, 1931-09-28 13:00:00, 1.066863, 0:00:00, 0.0 
1932-01-01 05:00:00, 1932-01-02 09:00:00, 31.008648, 1 day, 4:00:00, 0.0 
1932-01-04 07:00:00, 1932-01-04 22:00:00, 8.458936, 15:00:00, 0.0 
1932-01-10 01:00:00, 1932-01-10 16:00:00, 8.631479, 15:00:00, 0.0 
1932-01-23 23:00:00, 1932-01-24 00:00:00, 0.903448, 1:00:00, 0.0 
1932-02-04 22:00:00, 1932-02-05 00:00:00, 2.903781, 2:00:00, 0.0 
1932-02-08 11:00:00, 1932-02-08 15:00:00, 4.243106, 4:00:00, 0.0 
1932-02-28 04:00:00, 1932-02-29 19:00:00, 17.640448, 1 day, 15:00:00, 0.0 
1932-03-02 06:00:00, 1932-03-05 00:00:00, 34.163927, 2 days, 18:00:00, 0.0 
1932-03-06 13:00:00, 1932-03-07 02:00:00, 18.992616, 13:00:00, 0.0 
1932-03-22 12:00:00, 1932-03-22 13:00:00, 1.091510, 1:00:00, 0.0 
1932-04-10 14:00:00, 1932-04-11 04:00:00, 6.066833, 14:00:00, 0.0 
1932-04-11 16:00:00, 1932-04-11 16:00:00, 0.877067, 0:00:00, 0.0 
1932-04-12 04:00:00, 1932-04-12 04:00:00, 1.010390, 0:00:00, 0.0 
1932-05-12 18:00:00, 1932-05-12 18:00:00, 0.874537, 0:00:00, 0.0 
1932-09-08 08:00:00, 1932-09-09 10:00:00, 30.909682, 1 day, 2:00:00, 0.0 
1932-09-16 15:00:00, 1932-09-16 23:00:00, 1.109454, 8:00:00, 0.0 
1932-10-18 11:00:00, 1932-10-18 12:00:00, 0.932368, 1:00:00, 0.0 
1932-11-08 07:00:00, 1932-11-08 07:00:00, 0.971517, 0:00:00, 0.0 
1932-11-08 20:00:00, 1932-11-11 00:00:00, 80.465997, 2 days, 4:00:00, 0.0 
1932-11-19 13:00:00, 1932-11-19 17:00:00, 4.756169, 4:00:00, 0.0 
1932-11-27 13:00:00, 1932-11-27 14:00:00, 0.923307, 1:00:00, 0.0 
1932-11-30 03:00:00, 1932-11-30 03:00:00, 0.944851, 0:00:00, 0.0 
1932-11-30 15:00:00, 1932-12-01 04:00:00, 5.825514, 13:00:00, 0.0 
1932-12-11 22:00:00, 1932-12-12 12:00:00, 5.627660, 14:00:00, 0.0 
1933-01-14 13:00:00, 1933-01-14 16:00:00, 3.573642, 3:00:00, 0.0 
1933-01-25 22:00:00, 1933-01-30 05:00:00, 119.593962, 4 days, 7:00:00, 0.0 
1933-01-31 02:00:00, 1933-01-31 14:00:00, 4.190741, 12:00:00, 0.0 
1933-02-25 23:00:00, 1933-02-25 23:00:00, 1.064685, 0:00:00, 0.0 
1933-03-08 07:00:00, 1933-03-08 11:00:00, 0.957078, 4:00:00, 0.0 
1933-03-20 19:00:00, 1933-03-21 11:00:00, 8.674661, 16:00:00, 0.0 
1933-04-04 05:00:00, 1933-04-04 05:00:00, 0.986752, 0:00:00, 0.0 
1933-04-19 22:00:00, 1933-04-19 23:00:00, 1.010987, 1:00:00, 0.0 
1933-07-03 06:00:00, 1933-07-04 07:00:00, 10.528299, 1 day, 1:00:00, 0.0 
1933-07-05 10:00:00, 1933-07-05 11:00:00, 0.925067, 1:00:00, 0.0 
1933-08-22 03:00:00, 1933-08-22 03:00:00, 1.136521, 0:00:00, 0.0 
1933-08-23 01:00:00, 1933-08-24 04:00:00, 32.534476, 1 day, 3:00:00, 0.0 
1933-09-15 18:00:00, 1933-09-18 01:00:00, 31.777163, 2 days, 7:00:00, 0.0 
1933-10-05 14:00:00, 1933-10-05 15:00:00, 1.126303, 1:00:00, 0.0 
1933-10-07 14:00:00, 1933-10-08 02:00:00, 3.390439, 12:00:00, 0.0 
1933-11-06 12:00:00, 1933-11-06 12:00:00, 1.055131, 0:00:00, 0.0 
1933-12-05 01:00:00, 1933-12-06 02:00:00, 12.842647, 1 day, 1:00:00, 0.0 
1933-12-26 20:00:00, 1933-12-26 20:00:00, 1.136944, 0:00:00, 0.0 
1934-01-13 22:00:00, 1934-01-13 22:00:00, 0.887427, 0:00:00, 0.0 
1934-02-26 09:00:00, 1934-02-27 00:00:00, 4.171877, 15:00:00, 0.0 
1934-03-11 11:00:00, 1934-03-11 11:00:00, 0.876856, 0:00:00, 0.0 
1934-03-20 16:00:00, 1934-03-20 16:00:00, 0.903153, 0:00:00, 0.0 
1934-04-11 21:00:00, 1934-04-12 21:00:00, 7.380506, 1 day, 0:00:00, 0.0 
1934-04-13 22:00:00, 1934-04-13 22:00:00, 0.986337, 0:00:00, 0.0 
1934-05-26 11:00:00, 1934-05-26 11:00:00, 0.900532, 0:00:00, 0.0 
1934-05-27 01:00:00, 1934-05-27 01:00:00, 0.871796, 0:00:00, 0.0 
1934-10-24 03:00:00, 1934-10-24 16:00:00, 8.091997, 13:00:00, 0.0 
1934-11-26 13:00:00, 1934-11-27 05:00:00, 5.137210, 16:00:00, 0.0 
1934-12-11 17:00:00, 1934-12-11 17:00:00, 1.043363, 0:00:00, 0.0 
1934-12-19 23:00:00, 1934-12-19 23:00:00, 0.908395, 0:00:00, 0.0 
1934-12-26 14:00:00, 1934-12-26 14:00:00, 0.887427, 0:00:00, 0.0 
1935-01-23 13:00:00, 1935-01-24 05:00:00, 13.269903, 16:00:00, 0.0 
1935-03-13 05:00:00, 1935-03-13 05:00:00, 1.002314, 0:00:00, 0.0 
1935-04-08 15:00:00, 1935-04-10 07:00:00, 29.583018, 1 day, 16:00:00, 0.0 
1935-04-11 04:00:00, 1935-04-12 07:00:00, 10.409801, 1 day, 3:00:00, 0.0 
1935-09-06 18:00:00, 1935-09-06 18:00:00, 2.839291, 0:00:00, 0.0 
1935-11-01 04:00:00, 1935-11-01 04:00:00, 0.973483, 0:00:00, 0.0 
1935-11-16 14:00:00, 1935-11-18 09:00:00, 73.762207, 1 day, 19:00:00, 0.0 
1935-11-24 12:00:00, 1935-11-26 01:00:00, 12.370218, 1 day, 13:00:00, 0.0 
1935-12-13 14:00:00, 1935-12-15 05:00:00, 18.515148, 1 day, 15:00:00, 0.0 
1935-12-30 03:00:00, 1935-12-31 03:00:00, 7.836275, 1 day, 0:00:00, 0.0 
1936-01-10 00:00:00, 1936-01-10 14:00:00, 3.069132, 14:00:00, 0.0 
1936-01-19 19:00:00, 1936-01-19 22:00:00, 6.455202, 3:00:00, 0.0 
1936-02-04 08:00:00, 1936-02-04 08:00:00, 0.910520, 0:00:00, 0.0 
1936-02-09 15:00:00, 1936-02-09 15:00:00, 0.939602, 0:00:00, 0.0 
1936-02-14 15:00:00, 1936-02-15 07:00:00, 8.312457, 16:00:00, 0.0 
1936-03-12 03:00:00, 1936-03-12 03:00:00, 0.962010, 0:00:00, 0.0 
1936-03-18 19:00:00, 1936-03-18 21:00:00, 1.859474, 2:00:00, 0.0 
1936-03-21 08:00:00, 1936-03-21 23:00:00, 5.645562, 15:00:00, 0.0 
1936-04-02 21:00:00, 1936-04-02 22:00:00, 1.144967, 1:00:00, 0.0 
1936-05-10 14:00:00, 1936-05-10 14:00:00, 0.899877, 0:00:00, 0.0 
1936-06-24 15:00:00, 1936-06-24 17:00:00, 2.182966, 2:00:00, 0.0 
1936-09-18 11:00:00, 1936-09-19 04:00:00, 16.499735, 17:00:00, 0.0 
1936-10-01 00:00:00, 1936-10-01 10:00:00, 1.005877, 10:00:00, 0.0 
1936-12-02 13:00:00, 1936-12-03 05:00:00, 7.682990, 16:00:00, 0.0 
1936-12-10 12:00:00, 1936-12-10 12:00:00, 1.011354, 0:00:00, 0.0 
1936-12-11 21:00:00, 1936-12-11 21:00:00, 1.278227, 0:00:00, 0.0 
1936-12-17 14:00:00, 1936-12-17 14:00:00, 1.031511, 0:00:00, 0.0 
1936-12-20 02:00:00, 1936-12-20 06:00:00, 6.647628, 4:00:00, 0.0 
1937-01-03 03:00:00, 1937-01-03 06:00:00, 1.987515, 3:00:00, 0.0 
1937-01-18 02:00:00, 1937-01-18 02:00:00, 1.313897, 0:00:00, 0.0 
1937-01-21 06:00:00, 1937-01-21 06:00:00, 0.982695, 0:00:00, 0.0 
1937-01-30 01:00:00, 1937-01-30 02:00:00, 0.995085, 1:00:00, 0.0 
1937-02-04 05:00:00, 1937-02-04 08:00:00, 2.993113, 3:00:00, 0.0 
1937-02-05 18:00:00, 1937-02-06 21:00:00, 25.362544, 1 day, 3:00:00, 0.0 
1937-02-17 02:00:00, 1937-02-18 18:00:00, 20.566732, 1 day, 16:00:00, 0.0 
1937-03-16 02:00:00, 1937-03-16 03:00:00, 1.073538, 1:00:00, 0.0 
1937-04-26 14:00:00, 1937-04-27 14:00:00, 15.685624, 1 day, 0:00:00, 0.0 
1937-09-06 03:00:00, 1937-09-06 03:00:00, 0.930654, 0:00:00, 0.0 
1937-11-13 06:00:00, 1937-11-14 07:00:00, 10.770958, 1 day, 1:00:00, 0.0 
1937-12-03 12:00:00, 1937-12-07 02:00:00, 33.518247, 3 days, 14:00:00, 0.0 
1938-01-02 01:00:00, 1938-01-02 01:00:00, 0.972842, 0:00:00, 0.0 
1938-01-14 21:00:00, 1938-01-15 00:00:00, 3.481417, 3:00:00, 0.0 
1938-01-18 01:00:00, 1938-01-18 14:00:00, 4.566545, 13:00:00, 0.0 
1938-01-25 06:00:00, 1938-01-25 09:00:00, 2.187761, 3:00:00, 0.0 
1938-02-20 02:00:00, 1938-02-21 07:00:00, 23.238227, 1 day, 5:00:00, 0.0 
1938-03-04 03:00:00, 1938-03-04 03:00:00, 0.924681, 0:00:00, 0.0 
1938-03-18 13:00:00, 1938-03-18 16:00:00, 3.523437, 3:00:00, 0.0 
1938-10-28 14:00:00, 1938-10-29 04:00:00, 9.676817, 14:00:00, 0.0 
1938-10-29 16:00:00, 1938-10-30 06:00:00, 4.690485, 14:00:00, 0.0 
1938-10-30 18:00:00, 1938-11-01 07:00:00, 16.701762, 1 day, 13:00:00, 0.0 
1938-11-25 01:00:00, 1938-11-25 04:00:00, 3.807256, 3:00:00, 0.0 
1938-11-27 14:00:00, 1938-11-27 18:00:00, 1.050584, 4:00:00, 0.0 
1938-12-20 11:00:00, 1938-12-20 23:00:00, 3.116638, 12:00:00, 0.0 
1938-12-21 14:00:00, 1938-12-21 14:00:00, 0.951811, 0:00:00, 0.0 
1938-12-27 03:00:00, 1938-12-27 16:00:00, 3.475888, 13:00:00, 0.0 
1939-01-14 07:00:00, 1939-01-14 08:00:00, 1.068624, 1:00:00, 0.0 
1939-01-18 22:00:00, 1939-01-19 23:00:00, 8.975408, 1 day, 1:00:00, 0.0 
1939-01-30 20:00:00, 1939-01-31 09:00:00, 5.359087, 13:00:00, 0.0 
1939-02-10 16:00:00, 1939-02-10 17:00:00, 1.067990, 1:00:00, 0.0 
1939-02-22 00:00:00, 1939-02-22 00:00:00, 1.043298, 0:00:00, 0.0 
1939-03-12 07:00:00, 1939-03-13 09:00:00, 14.624303, 1 day, 2:00:00, 0.0 
1939-04-28 18:00:00, 1939-04-29 10:00:00, 8.225312, 16:00:00, 0.0 
1939-05-03 10:00:00, 1939-05-04 13:00:00, 13.662857, 1 day, 3:00:00, 0.0 
1939-08-29 01:00:00, 1939-09-01 03:00:00, 35.364463, 3 days, 2:00:00, 0.0 
1939-10-03 01:00:00, 1939-10-03 04:00:00, 3.736755, 3:00:00, 0.0 
1939-10-03 16:00:00, 1939-10-04 04:00:00, 3.071250, 12:00:00, 0.0 
1939-10-31 00:00:00, 1939-10-31 15:00:00, 4.567128, 15:00:00, 0.0 
1939-11-05 19:00:00, 1939-11-05 21:00:00, 2.442196, 2:00:00, 0.0 
1939-11-20 18:00:00, 1939-11-22 22:00:00, 24.722082, 2 days, 4:00:00, 0.0 
1939-11-25 09:00:00, 1939-11-26 14:00:00, 11.854857, 1 day, 5:00:00, 0.0 
1939-12-13 02:00:00, 1939-12-13 02:00:00, 0.965352, 0:00:00, 0.0 
1940-01-14 02:00:00, 1940-01-15 05:00:00, 12.087523, 1 day, 3:00:00, 0.0 
1940-01-24 09:00:00, 1940-01-25 00:00:00, 8.161388, 15:00:00, 0.0 
1940-02-11 01:00:00, 1940-02-11 02:00:00, 0.982335, 1:00:00, 0.0 
1940-02-14 14:00:00, 1940-02-15 05:00:00, 9.657646, 15:00:00, 0.0 
1940-02-19 06:00:00, 1940-02-21 08:00:00, 26.636774, 2 days, 2:00:00, 0.0 
1940-02-21 21:00:00, 1940-02-21 22:00:00, 0.956340, 1:00:00, 0.0 
1940-03-04 07:00:00, 1940-03-05 12:00:00, 22.479001, 1 day, 5:00:00, 0.0 
1940-03-15 06:00:00, 1940-03-15 06:00:00, 1.019252, 0:00:00, 0.0 
1940-04-21 09:00:00, 1940-04-21 13:00:00, 2.431213, 4:00:00, 0.0 
1940-05-24 01:00:00, 1940-05-24 04:00:00, 3.538047, 3:00:00, 0.0 
1940-06-26 05:00:00, 1940-06-26 05:00:00, 1.029045, 0:00:00, 0.0 
1940-09-16 02:00:00, 1940-09-16 14:00:00, 2.072952, 12:00:00, 0.0 
1940-10-01 09:00:00, 1940-10-02 15:00:00, 21.635867, 1 day, 6:00:00, 0.0 
1940-10-17 23:00:00, 1940-10-17 23:00:00, 0.908690, 0:00:00, 0.0 
1940-12-26 22:00:00, 1940-12-30 02:00:00, 20.535092, 3 days, 4:00:00, 0.0 
1941-01-03 04:00:00, 1941-01-04 18:00:00, 12.870957, 1 day, 14:00:00, 0.0 
1941-01-11 12:00:00, 1941-01-13 01:00:00, 22.294265, 1 day, 13:00:00, 0.0 
1941-01-16 14:00:00, 1941-01-17 05:00:00, 9.709664, 15:00:00, 0.0 
1941-01-24 22:00:00, 1941-01-24 23:00:00, 1.125945, 1:00:00, 0.0 
1941-01-25 11:00:00, 1941-01-25 13:00:00, 2.151939, 2:00:00, 0.0 
1941-01-27 14:00:00, 1941-01-28 14:00:00, 9.096567, 1 day, 0:00:00, 0.0 
1941-02-07 21:00:00, 1941-02-07 22:00:00, 1.543259, 1:00:00, 0.0 
1941-02-14 01:00:00, 1941-02-14 01:00:00, 1.059519, 0:00:00, 0.0 
1941-02-14 14:00:00, 1941-02-14 14:00:00, 1.057802, 0:00:00, 0.0 
1941-02-15 02:00:00, 1941-02-15 03:00:00, 1.000259, 1:00:00, 0.0 
1941-03-01 01:00:00, 1941-03-02 05:00:00, 20.744961, 1 day, 4:00:00, 0.0 
1941-03-08 20:00:00, 1941-03-08 21:00:00, 1.057586, 1:00:00, 0.0 
1941-04-05 18:00:00, 1941-04-06 05:00:00, 0.953120, 11:00:00, 0.0 
1941-04-06 19:00:00, 1941-04-06 21:00:00, 2.079214, 2:00:00, 0.0 
1941-06-05 19:00:00, 1941-06-05 19:00:00, 0.972073, 0:00:00, 0.0 
1941-06-06 07:00:00, 1941-06-06 11:00:00, 4.836985, 4:00:00, 0.0 
1941-07-29 14:00:00, 1941-07-29 14:00:00, 0.999491, 0:00:00, 0.0 
1941-12-13 19:00:00, 1941-12-13 21:00:00, 1.025696, 2:00:00, 0.0 
1942-01-04 11:00:00, 1942-01-04 13:00:00, 1.057148, 2:00:00, 0.0 
1942-01-05 01:00:00, 1942-01-05 01:00:00, 0.932889, 0:00:00, 0.0 
1942-01-26 07:00:00, 1942-01-26 07:00:00, 1.011710, 0:00:00, 0.0 
1942-01-29 09:00:00, 1942-01-30 13:00:00, 8.440118, 1 day, 4:00:00, 0.0 
1942-02-07 05:00:00, 1942-02-08 06:00:00, 16.044581, 1 day, 1:00:00, 0.0 
1942-03-03 02:00:00, 1942-03-04 00:00:00, 14.426628, 22:00:00, 0.0 
1942-03-28 23:00:00, 1942-03-30 00:00:00, 11.655254, 1 day, 1:00:00, 0.0 
1942-04-10 20:00:00, 1942-04-11 08:00:00, 1.941376, 12:00:00, 0.0 
1942-09-21 11:00:00, 1942-09-21 11:00:00, 0.945472, 0:00:00, 0.0 
1942-10-12 15:00:00, 1942-10-12 16:00:00, 1.053658, 1:00:00, 0.0 
1942-11-25 14:00:00, 1942-11-25 14:00:00, 1.098333, 0:00:00, 0.0 
1942-11-26 02:00:00, 1942-11-26 02:00:00, 1.028692, 0:00:00, 0.0 
1942-11-27 03:00:00, 1942-11-27 17:00:00, 4.210553, 14:00:00, 0.0 
1942-12-02 05:00:00, 1942-12-02 08:00:00, 4.185964, 3:00:00, 0.0 
1942-12-29 05:00:00, 1942-12-30 18:00:00, 16.948239, 1 day, 13:00:00, 0.0 
1943-01-18 09:00:00, 1943-01-18 09:00:00, 1.012478, 0:00:00, 0.0 
1943-01-18 23:00:00, 1943-01-19 13:00:00, 4.116031, 14:00:00, 0.0 
1943-01-28 15:00:00, 1943-01-31 09:00:00, 29.859498, 2 days, 18:00:00, 0.0 
1943-02-07 00:00:00, 1943-02-07 02:00:00, 2.231427, 2:00:00, 0.0 
1943-02-27 03:00:00, 1943-02-27 18:00:00, 5.295636, 15:00:00, 0.0 
1943-03-06 22:00:00, 1943-03-06 23:00:00, 1.577385, 1:00:00, 0.0 
1943-04-19 22:00:00, 1943-04-20 02:00:00, 6.032554, 4:00:00, 0.0 
1943-09-30 01:00:00, 1943-10-01 03:00:00, 24.694264, 1 day, 2:00:00, 0.0 
1943-10-10 22:00:00, 1943-10-11 00:00:00, 2.165499, 2:00:00, 0.0 
1943-10-16 02:00:00, 1943-10-16 02:00:00, 1.033526, 0:00:00, 0.0 
1943-10-25 20:00:00, 1943-10-27 13:00:00, 57.785375, 1 day, 17:00:00, 0.0 
1943-10-28 12:00:00, 1943-10-28 14:00:00, 2.418831, 2:00:00, 0.0 
1944-01-04 04:00:00, 1944-01-06 09:00:00, 47.853144, 2 days, 5:00:00, 0.0 
1944-01-16 05:00:00, 1944-01-16 05:00:00, 1.163541, 0:00:00, 0.0 
1944-02-12 00:00:00, 1944-02-12 04:00:00, 6.203465, 4:00:00, 0.0 
1944-03-20 09:00:00, 1944-03-20 22:00:00, 5.191546, 13:00:00, 0.0 
1944-06-04 09:00:00, 1944-06-04 09:00:00, 1.028168, 0:00:00, 0.0 
1944-09-14 20:00:00, 1944-09-14 23:00:00, 11.803259, 3:00:00, 0.0 
1944-10-21 01:00:00, 1944-10-21 15:00:00, 8.396894, 14:00:00, 0.0 
1944-10-28 11:00:00, 1944-10-29 00:00:00, 9.188320, 13:00:00, 0.0 
1944-11-17 12:00:00, 1944-11-19 03:00:00, 26.731459, 1 day, 15:00:00, 0.0 
1944-11-21 02:00:00, 1944-11-23 07:00:00, 23.802102, 2 days, 5:00:00, 0.0 
1944-11-23 20:00:00, 1944-11-24 07:00:00, 1.901108, 11:00:00, 0.0 
1944-11-29 22:00:00, 1944-11-30 14:00:00, 12.924120, 16:00:00, 0.0 
1944-12-08 16:00:00, 1944-12-08 19:00:00, 4.194872, 3:00:00, 0.0 
1944-12-11 23:00:00, 1944-12-12 11:00:00, 2.612706, 12:00:00, 0.0 
1945-01-14 13:00:00, 1945-01-15 02:00:00, 7.060840, 13:00:00, 0.0 
1945-01-16 12:00:00, 1945-01-16 14:00:00, 2.604995, 2:00:00, 0.0 
1945-02-09 07:00:00, 1945-02-09 10:00:00, 3.110225, 3:00:00, 0.0 
1945-06-26 22:00:00, 1945-06-27 02:00:00, 3.792792, 4:00:00, 0.0 
1945-09-17 21:00:00, 1945-09-19 00:00:00, 19.663707, 1 day, 3:00:00, 0.0 
1945-10-24 04:00:00, 1945-10-24 15:00:00, 1.146447, 11:00:00, 0.0 
1945-11-28 18:00:00, 1945-12-03 13:00:00, 109.074513, 4 days, 19:00:00, 0.0 
1945-12-05 10:00:00, 1945-12-08 03:00:00, 53.159187, 2 days, 17:00:00, 0.0 
1945-12-19 13:00:00, 1945-12-20 03:00:00, 10.699887, 14:00:00, 0.0 
1945-12-26 05:00:00, 1945-12-26 06:00:00, 1.106595, 1:00:00, 0.0 
1945-12-29 20:00:00, 1945-12-30 08:00:00, 4.096763, 12:00:00, 0.0 
1946-01-17 23:00:00, 1946-01-18 02:00:00, 2.429143, 3:00:00, 0.0 
1946-01-21 01:00:00, 1946-01-21 17:00:00, 13.214331, 16:00:00, 0.0 
1946-01-25 05:00:00, 1946-01-25 05:00:00, 0.900133, 0:00:00, 0.0 
1946-02-20 02:00:00, 1946-02-20 05:00:00, 4.278515, 3:00:00, 0.0 
1946-02-25 05:00:00, 1946-02-25 09:00:00, 4.419481, 4:00:00, 0.0 
1946-03-18 23:00:00, 1946-03-19 00:00:00, 1.046663, 1:00:00, 0.0 
1946-03-20 00:00:00, 1946-03-20 03:00:00, 3.300323, 3:00:00, 0.0 
1946-03-30 21:00:00, 1946-03-31 00:00:00, 3.747147, 3:00:00, 0.0 
1946-04-05 00:00:00, 1946-04-05 00:00:00, 1.118544, 0:00:00, 0.0 
1946-05-29 09:00:00, 1946-05-29 12:00:00, 3.263725, 3:00:00, 0.0 
1946-06-03 02:00:00, 1946-06-03 02:00:00, 1.193982, 0:00:00, 0.0 
1946-08-02 03:00:00, 1946-08-02 06:00:00, 1.012231, 3:00:00, 0.0 
1946-09-13 13:00:00, 1946-09-13 15:00:00, 2.114167, 2:00:00, 0.0 
1946-09-14 03:00:00, 1946-09-14 04:00:00, 1.030310, 1:00:00, 0.0 
1946-10-08 22:00:00, 1946-10-11 00:00:00, 20.769679, 2 days, 2:00:00, 0.0 
1946-12-20 23:00:00, 1946-12-20 23:00:00, 0.974019, 0:00:00, 0.0 
1946-12-29 14:00:00, 1946-12-29 18:00:00, 4.369956, 4:00:00, 0.0 
1947-01-02 08:00:00, 1947-01-02 09:00:00, 1.064060, 1:00:00, 0.0 
1947-01-14 07:00:00, 1947-01-14 18:00:00, 0.983689, 11:00:00, 0.0 
1947-01-15 06:00:00, 1947-01-15 06:00:00, 0.940281, 0:00:00, 0.0 
1947-01-20 09:00:00, 1947-01-20 23:00:00, 6.175463, 14:00:00, 0.0 
1947-01-27 04:00:00, 1947-01-27 04:00:00, 1.093314, 0:00:00, 0.0 
1947-02-08 12:00:00, 1947-02-08 13:00:00, 1.004148, 1:00:00, 0.0 
1947-02-18 09:00:00, 1947-02-19 00:00:00, 7.813498, 15:00:00, 0.0 
1947-02-20 22:00:00, 1947-02-21 15:00:00, 15.898811, 17:00:00, 0.0 
1947-03-02 05:00:00, 1947-03-02 22:00:00, 11.565621, 17:00:00, 0.0 
1947-04-21 22:00:00, 1947-04-22 14:00:00, 11.613475, 16:00:00, 0.0 
1947-05-15 06:00:00, 1947-05-15 06:00:00, 0.932142, 0:00:00, 0.0 
1947-06-09 04:00:00, 1947-06-09 04:00:00, 1.136507, 0:00:00, 0.0 
1947-08-28 00:00:00, 1947-08-28 00:00:00, 1.011024, 0:00:00, 0.0 
1947-10-31 00:00:00, 1947-11-02 04:00:00, 48.238068, 2 days, 4:00:00, 0.0 
1947-11-04 01:00:00, 1947-11-05 07:00:00, 16.078616, 1 day, 6:00:00, 0.0 
1947-11-08 07:00:00, 1947-11-08 11:00:00, 3.499553, 4:00:00, 0.0 
1947-11-12 01:00:00, 1947-11-12 01:00:00, 1.016902, 0:00:00, 0.0 
1947-11-24 21:00:00, 1947-11-24 22:00:00, 1.350593, 1:00:00, 0.0 
1947-12-24 11:00:00, 1947-12-24 11:00:00, 1.141732, 0:00:00, 0.0 
1948-01-02 03:00:00, 1948-01-02 19:00:00, 11.190419, 16:00:00, 0.0 
1948-01-04 20:00:00, 1948-01-05 22:00:00, 11.801188, 1 day, 2:00:00, 0.0 
1948-01-24 21:00:00, 1948-01-25 00:00:00, 0.923226, 3:00:00, 0.0 
1948-02-22 21:00:00, 1948-02-23 09:00:00, 4.539356, 12:00:00, 0.0 
1948-02-28 13:00:00, 1948-02-28 13:00:00, 0.904557, 0:00:00, 0.0 
1948-02-29 03:00:00, 1948-02-29 06:00:00, 2.034572, 3:00:00, 0.0 
1948-03-04 07:00:00, 1948-03-04 10:00:00, 2.061038, 3:00:00, 0.0 
1948-03-24 00:00:00, 1948-03-24 01:00:00, 0.990560, 1:00:00, 0.0 
1948-04-28 15:00:00, 1948-04-28 17:00:00, 2.021174, 2:00:00, 0.0 
1948-06-03 19:00:00, 1948-06-03 20:00:00, 0.973920, 1:00:00, 0.0 
1948-10-05 16:00:00, 1948-10-08 06:00:00, 37.618678, 2 days, 14:00:00, 0.0 
1948-10-24 03:00:00, 1948-10-26 21:00:00, 37.069926, 2 days, 18:00:00, 0.0 
1948-11-25 08:00:00, 1948-11-25 09:00:00, 0.909338, 1:00:00, 0.0 
1948-11-29 12:00:00, 1948-11-30 14:00:00, 10.929844, 1 day, 2:00:00, 0.0 
1948-12-05 03:00:00, 1948-12-05 04:00:00, 0.989901, 1:00:00, 0.0 
1948-12-05 17:00:00, 1948-12-06 04:00:00, 3.288850, 11:00:00, 0.0 
1948-12-16 10:00:00, 1948-12-17 02:00:00, 10.573988, 16:00:00, 0.0 
1948-12-20 01:00:00, 1948-12-21 05:00:00, 17.025462, 1 day, 4:00:00, 0.0 
1949-01-19 05:00:00, 1949-01-19 05:00:00, 1.032720, 0:00:00, 0.0 
1949-01-26 22:00:00, 1949-01-26 22:00:00, 0.929307, 0:00:00, 0.0 
1949-01-28 10:00:00, 1949-01-28 14:00:00, 4.755456, 4:00:00, 0.0 
1949-02-10 22:00:00, 1949-02-10 22:00:00, 0.898252, 0:00:00, 0.0 
1949-02-28 12:00:00, 1949-02-28 15:00:00, 3.520912, 3:00:00, 0.0 
1949-03-08 18:00:00, 1949-03-08 19:00:00, 1.285273, 1:00:00, 0.0 
1949-03-10 22:00:00, 1949-03-11 11:00:00, 7.631747, 13:00:00, 0.0 
1949-04-06 06:00:00, 1949-04-06 07:00:00, 1.092619, 1:00:00, 0.0 
1949-05-11 23:00:00, 1949-05-12 02:00:00, 3.540154, 3:00:00, 0.0 
1949-05-12 14:00:00, 1949-05-12 14:00:00, 0.877608, 0:00:00, 0.0 
1949-10-16 08:00:00, 1949-10-17 09:00:00, 11.924522, 1 day, 1:00:00, 0.0 
1949-10-18 10:00:00, 1949-10-20 13:00:00, 29.939266, 2 days, 3:00:00, 0.0 
1949-11-02 10:00:00, 1949-11-02 13:00:00, 4.076733, 3:00:00, 0.0 
1950-02-14 08:00:00, 1950-02-15 23:00:00, 24.032149, 1 day, 15:00:00, 0.0 
1950-03-23 03:00:00, 1950-03-23 14:00:00, 3.574845, 11:00:00, 0.0 
1950-04-08 06:00:00, 1950-04-08 18:00:00, 4.781606, 12:00:00, 0.0 
1950-09-11 21:00:00, 1950-09-14 03:00:00, 39.235311, 2 days, 6:00:00, 0.0 
1950-10-23 08:00:00, 1950-10-23 23:00:00, 9.224364, 15:00:00, 0.0 
1950-11-04 19:00:00, 1950-11-04 19:00:00, 1.008445, 0:00:00, 0.0 
1950-11-25 09:00:00, 1950-11-26 03:00:00, 59.081230, 18:00:00, 0.0 
1950-12-04 17:00:00, 1950-12-04 21:00:00, 1.169700, 4:00:00, 0.0 
1950-12-07 12:00:00, 1950-12-08 23:00:00, 13.748749, 1 day, 11:00:00, 0.0 
1950-12-10 23:00:00, 1950-12-11 03:00:00, 6.365499, 4:00:00, 0.0 
1950-12-16 20:00:00, 1950-12-17 06:00:00, 1.978501, 10:00:00, 0.0 
1951-01-07 23:00:00, 1951-01-08 01:00:00, 2.084004, 2:00:00, 0.0 
1951-02-21 14:00:00, 1951-02-22 02:00:00, 4.696906, 12:00:00, 0.0 
1951-02-22 14:00:00, 1951-02-22 15:00:00, 0.992485, 1:00:00, 0.0 
1951-03-03 20:00:00, 1951-03-04 22:00:00, 12.620625, 1 day, 2:00:00, 0.0 
1951-03-12 03:00:00, 1951-03-15 04:00:00, 52.258221, 3 days, 1:00:00, 0.0 
1951-03-20 08:00:00, 1951-03-20 09:00:00, 1.102127, 1:00:00, 0.0 
1951-04-03 08:00:00, 1951-04-03 08:00:00, 1.084213, 0:00:00, 0.0 
1951-05-18 11:00:00, 1951-05-19 01:00:00, 7.163542, 14:00:00, 0.0 
1951-05-24 13:00:00, 1951-05-24 16:00:00, 3.289335, 3:00:00, 0.0 
1951-06-10 15:00:00, 1951-06-11 19:00:00, 21.119555, 1 day, 4:00:00, 0.0 
1951-11-01 12:00:00, 1951-11-01 14:00:00, 2.673975, 2:00:00, 0.0 
1951-11-03 02:00:00, 1951-11-03 04:00:00, 2.906048, 2:00:00, 0.0 
1951-11-03 16:00:00, 1951-11-03 16:00:00, 1.323633, 0:00:00, 0.0 
1951-11-07 05:00:00, 1951-11-07 16:00:00, 5.766354, 11:00:00, 0.0 
1952-01-07 07:00:00, 1952-01-08 23:00:00, 29.691570, 1 day, 16:00:00, 0.0 
1952-02-04 05:00:00, 1952-02-04 09:00:00, 4.268444, 4:00:00, 0.0 
1952-02-17 04:00:00, 1952-02-18 06:00:00, 7.283938, 1 day, 2:00:00, 0.0 
1952-02-27 15:00:00, 1952-02-28 04:00:00, 7.420084, 13:00:00, 0.0 
1952-03-01 15:00:00, 1952-03-01 15:00:00, 0.954072, 0:00:00, 0.0 
1952-03-11 11:00:00, 1952-03-11 14:00:00, 3.591171, 3:00:00, 0.0 
1952-03-19 18:00:00, 1952-03-19 18:00:00, 0.942686, 0:00:00, 0.0 
1952-11-20 01:00:00, 1952-11-20 03:00:00, 0.975052, 2:00:00, 0.0 
1952-11-21 02:00:00, 1952-11-23 04:00:00, 22.787913, 2 days, 2:00:00, 0.0 
1952-12-02 14:00:00, 1952-12-04 16:00:00, 22.874747, 2 days, 2:00:00, 0.0 
1952-12-05 14:00:00, 1952-12-05 17:00:00, 2.151529, 3:00:00, 0.0 
1952-12-21 17:00:00, 1952-12-23 19:00:00, 37.236195, 2 days, 2:00:00, 0.0 
1952-12-31 23:00:00, 1953-01-01 15:00:00, 9.358861, 16:00:00, 0.0 
1953-01-03 13:00:00, 1953-01-03 14:00:00, 1.022799, 1:00:00, 0.0 
1953-01-09 07:00:00, 1953-01-09 08:00:00, 1.108034, 1:00:00, 0.0 
1953-01-10 05:00:00, 1953-01-10 09:00:00, 4.784018, 4:00:00, 0.0 
1953-01-11 06:00:00, 1953-01-11 09:00:00, 2.989474, 3:00:00, 0.0 
1953-01-21 17:00:00, 1953-01-23 05:00:00, 13.248365, 1 day, 12:00:00, 0.0 
1953-02-15 15:00:00, 1953-02-15 15:00:00, 1.023495, 0:00:00, 0.0 
1953-04-08 04:00:00, 1953-04-08 21:00:00, 10.613963, 17:00:00, 0.0 
1953-05-03 02:00:00, 1953-05-03 04:00:00, 1.235710, 2:00:00, 0.0 
1953-06-14 14:00:00, 1953-06-14 15:00:00, 0.983152, 1:00:00, 0.0 
1953-08-15 04:00:00, 1953-08-15 04:00:00, 1.064109, 0:00:00, 0.0 
1953-10-06 13:00:00, 1953-10-06 23:00:00, 3.234028, 10:00:00, 0.0 
1953-10-22 09:00:00, 1953-10-24 03:00:00, 37.543307, 1 day, 18:00:00, 0.0 
1953-11-06 13:00:00, 1953-11-07 15:00:00, 42.465143, 1 day, 2:00:00, 0.0 
1953-11-25 13:00:00, 1953-11-25 13:00:00, 0.963936, 0:00:00, 0.0 
1953-12-03 09:00:00, 1953-12-03 12:00:00, 1.967231, 3:00:00, 0.0 
1953-12-14 08:00:00, 1953-12-14 08:00:00, 1.216168, 0:00:00, 0.0 
1954-01-11 05:00:00, 1954-01-12 08:00:00, 18.386489, 1 day, 3:00:00, 0.0 
1954-01-16 22:00:00, 1954-01-16 22:00:00, 0.930430, 0:00:00, 0.0 
1954-01-22 16:00:00, 1954-01-24 04:00:00, 14.482121, 1 day, 12:00:00, 0.0 
1954-03-01 20:00:00, 1954-03-01 21:00:00, 1.141947, 1:00:00, 0.0 
1954-04-28 08:00:00, 1954-04-28 09:00:00, 1.134991, 1:00:00, 0.0 
1954-05-20 23:00:00, 1954-05-21 14:00:00, 4.118094, 15:00:00, 0.0 
1954-08-31 02:00:00, 1954-08-31 16:00:00, 7.164156, 14:00:00, 0.0 
1954-09-11 08:00:00, 1954-09-11 23:00:00, 8.117306, 15:00:00, 0.0 
1954-10-16 00:00:00, 1954-10-16 04:00:00, 0.992014, 4:00:00, 0.0 
1954-10-21 07:00:00, 1954-10-21 10:00:00, 2.916969, 3:00:00, 0.0 
1954-10-29 12:00:00, 1954-10-29 14:00:00, 1.939771, 2:00:00, 0.0 
1954-11-21 07:00:00, 1954-11-21 10:00:00, 1.041412, 3:00:00, 0.0 
1954-12-14 13:00:00, 1954-12-15 05:00:00, 9.891216, 16:00:00, 0.0 
1955-01-04 06:00:00, 1955-01-04 10:00:00, 4.711845, 4:00:00, 0.0 
1955-01-05 07:00:00, 1955-01-05 08:00:00, 1.080516, 1:00:00, 0.0 
1955-01-06 08:00:00, 1955-01-06 08:00:00, 0.989857, 0:00:00, 0.0 
1955-01-12 03:00:00, 1955-01-12 03:00:00, 1.035320, 0:00:00, 0.0 
1955-03-05 07:00:00, 1955-03-05 08:00:00, 1.009913, 1:00:00, 0.0 
1955-03-22 10:00:00, 1955-03-22 22:00:00, 6.375712, 12:00:00, 0.0 
1955-04-25 04:00:00, 1955-04-26 03:00:00, 5.696641, 23:00:00, 0.0 
1955-06-08 13:00:00, 1955-06-10 04:00:00, 26.112623, 1 day, 15:00:00, 0.0 
1955-08-13 05:00:00, 1955-08-13 19:00:00, 10.427677, 14:00:00, 0.0 
1955-10-14 09:00:00, 1955-10-17 03:00:00, 59.910519, 2 days, 18:00:00, 0.0 
1955-11-03 03:00:00, 1955-11-03 04:00:00, 1.072734, 1:00:00, 0.0 
1955-11-06 05:00:00, 1955-11-06 06:00:00, 0.947321, 1:00:00, 0.0 
1955-11-11 08:00:00, 1955-11-11 12:00:00, 1.092158, 4:00:00, 0.0 
1956-01-05 19:00:00, 1956-01-05 19:00:00, 0.972393, 0:00:00, 0.0 
1956-01-08 22:00:00, 1956-01-13 01:00:00, 89.872055, 4 days, 3:00:00, 0.0 
1956-02-11 23:00:00, 1956-02-12 02:00:00, 3.424602, 3:00:00, 0.0 
1956-03-16 16:00:00, 1956-03-17 01:00:00, 3.801657, 9:00:00, 0.0 
1956-03-18 16:00:00, 1956-03-19 17:00:00, 7.343866, 1 day, 1:00:00, 0.0 
1956-04-07 20:00:00, 1956-04-08 00:00:00, 5.312100, 4:00:00, 0.0 
1956-04-12 12:00:00, 1956-04-12 15:00:00, 3.646671, 3:00:00, 0.0 
1956-08-07 13:00:00, 1956-08-07 15:00:00, 2.224498, 2:00:00, 0.0 
1956-09-27 03:00:00, 1956-09-28 18:00:00, 33.708872, 1 day, 15:00:00, 0.0 
1956-10-25 16:00:00, 1956-10-26 07:00:00, 9.624460, 15:00:00, 0.0 
1956-10-26 20:00:00, 1956-10-27 08:00:00, 4.498234, 12:00:00, 0.0 
1956-11-26 05:00:00, 1956-11-26 05:00:00, 0.934628, 0:00:00, 0.0 
1956-12-15 11:00:00, 1956-12-15 11:00:00, 1.101852, 0:00:00, 0.0 
1957-02-12 21:00:00, 1957-02-12 23:00:00, 2.200385, 2:00:00, 0.0 
1957-02-13 23:00:00, 1957-02-13 23:00:00, 1.011209, 0:00:00, 0.0 
1957-02-14 23:00:00, 1957-02-15 15:00:00, 7.639970, 16:00:00, 0.0 
1957-02-28 22:00:00, 1957-03-02 00:00:00, 16.561189, 1 day, 2:00:00, 0.0 
1957-03-07 17:00:00, 1957-03-07 17:00:00, 0.988722, 0:00:00, 0.0 
1957-03-08 16:00:00, 1957-03-09 08:00:00, 12.368112, 16:00:00, 0.0 
1957-03-20 01:00:00, 1957-03-20 16:00:00, 10.627736, 15:00:00, 0.0 
1957-04-09 08:00:00, 1957-04-09 08:00:00, 1.020062, 0:00:00, 0.0 
1957-10-05 21:00:00, 1957-10-06 23:00:00, 18.736283, 1 day, 2:00:00, 0.0 
1957-10-27 04:00:00, 1957-10-27 04:00:00, 0.961579, 0:00:00, 0.0 
1957-11-01 17:00:00, 1957-11-02 08:00:00, 7.449020, 15:00:00, 0.0 
1957-12-04 21:00:00, 1957-12-05 23:00:00, 11.252242, 1 day, 2:00:00, 0.0 
1957-12-11 02:00:00, 1957-12-11 02:00:00, 0.954037, 0:00:00, 0.0 
1957-12-26 17:00:00, 1957-12-26 17:00:00, 1.093085, 0:00:00, 0.0 
1958-01-08 02:00:00, 1958-01-08 02:00:00, 1.112078, 0:00:00, 0.0 
1958-01-14 20:00:00, 1958-01-15 09:00:00, 3.651149, 13:00:00, 0.0 
1958-01-16 21:00:00, 1958-01-16 22:00:00, 0.960035, 1:00:00, 0.0 
1958-01-25 03:00:00, 1958-01-26 17:00:00, 22.066365, 1 day, 14:00:00, 0.0 
1958-02-01 12:00:00, 1958-02-02 23:00:00, 17.870987, 1 day, 11:00:00, 0.0 
1958-02-08 01:00:00, 1958-02-08 05:00:00, 4.925231, 4:00:00, 0.0 
1958-02-16 09:00:00, 1958-02-16 13:00:00, 5.311179, 4:00:00, 0.0 
1958-02-28 05:00:00, 1958-02-28 10:00:00, 9.019431, 5:00:00, 0.0 
1958-03-14 07:00:00, 1958-03-15 07:00:00, 7.151095, 1 day, 0:00:00, 0.0 
1958-03-19 22:00:00, 1958-03-21 03:00:00, 29.617929, 1 day, 5:00:00, 0.0 
1958-03-26 16:00:00, 1958-03-29 08:00:00, 35.818972, 2 days, 16:00:00, 0.0 
1958-04-02 21:00:00, 1958-04-04 10:00:00, 17.468028, 1 day, 13:00:00, 0.0 
1958-04-04 22:00:00, 1958-04-04 22:00:00, 1.061770, 0:00:00, 0.0 
1958-04-11 18:00:00, 1958-04-11 19:00:00, 0.979453, 1:00:00, 0.0 
1958-05-07 14:00:00, 1958-05-07 15:00:00, 1.027270, 1:00:00, 0.0 
1958-09-28 10:00:00, 1958-09-28 13:00:00, 3.653757, 3:00:00, 0.0 
1958-10-21 06:00:00, 1958-10-21 09:00:00, 3.401854, 3:00:00, 0.0 
1958-10-22 07:00:00, 1958-10-22 09:00:00, 1.041900, 2:00:00, 0.0 
1958-10-25 09:00:00, 1958-10-26 14:00:00, 20.592882, 1 day, 5:00:00, 0.0 
1958-11-03 03:00:00, 1958-11-03 05:00:00, 2.409580, 2:00:00, 0.0 
1958-12-04 16:00:00, 1958-12-04 20:00:00, 4.214464, 4:00:00, 0.0 
1958-12-29 14:00:00, 1958-12-29 14:00:00, 1.057319, 0:00:00, 0.0 
1958-12-30 02:00:00, 1958-12-30 04:00:00, 2.638381, 2:00:00, 0.0 
1958-12-30 16:00:00, 1958-12-30 17:00:00, 1.144266, 1:00:00, 0.0 
1959-01-01 04:00:00, 1959-01-02 07:00:00, 12.984015, 1 day, 3:00:00, 0.0 
1959-03-12 13:00:00, 1959-03-12 16:00:00, 3.365120, 3:00:00, 0.0 
1959-03-28 00:00:00, 1959-03-28 05:00:00, 6.241567, 5:00:00, 0.0 
1959-04-02 19:00:00, 1959-04-02 19:00:00, 1.101478, 0:00:00, 0.0 
1959-04-28 15:00:00, 1959-04-29 07:00:00, 7.627680, 16:00:00, 0.0 
1959-10-15 01:00:00, 1959-10-15 01:00:00, 0.965828, 0:00:00, 0.0 
1959-10-24 15:00:00, 1959-10-24 16:00:00, 1.009260, 1:00:00, 0.0 
1959-11-08 06:00:00, 1959-11-08 07:00:00, 0.975240, 1:00:00, 0.0 
1959-11-16 02:00:00, 1959-11-16 02:00:00, 0.906984, 0:00:00, 0.0 
1959-12-07 04:00:00, 1959-12-07 08:00:00, 5.850411, 4:00:00, 0.0 
1959-12-19 16:00:00, 1959-12-19 17:00:00, 1.139850, 1:00:00, 0.0 
1959-12-22 17:00:00, 1959-12-22 19:00:00, 2.412081, 2:00:00, 0.0 
1959-12-28 13:00:00, 1959-12-30 14:00:00, 23.985304, 2 days, 1:00:00, 0.0 
1960-01-13 23:00:00, 1960-01-14 10:00:00, 2.989228, 11:00:00, 0.0 
1960-01-15 13:00:00, 1960-01-15 13:00:00, 1.080121, 0:00:00, 0.0 
1960-01-16 01:00:00, 1960-01-16 01:00:00, 1.118562, 0:00:00, 0.0 
1960-01-19 02:00:00, 1960-01-19 05:00:00, 2.307515, 3:00:00, 0.0 
1960-02-01 01:00:00, 1960-02-01 17:00:00, 7.229537, 16:00:00, 0.0 
1960-02-06 06:00:00, 1960-02-06 09:00:00, 4.392996, 3:00:00, 0.0 
1960-02-11 10:00:00, 1960-02-11 10:00:00, 1.105784, 0:00:00, 0.0 
1960-02-14 11:00:00, 1960-02-14 14:00:00, 4.957692, 3:00:00, 0.0 
1960-02-19 02:00:00, 1960-02-19 07:00:00, 9.407555, 5:00:00, 0.0 
1960-02-26 00:00:00, 1960-02-26 12:00:00, 5.281771, 12:00:00, 0.0 
1960-03-03 14:00:00, 1960-03-04 07:00:00, 17.075434, 17:00:00, 0.0 
1960-03-05 18:00:00, 1960-03-05 18:00:00, 1.091350, 0:00:00, 0.0 
1960-03-17 04:00:00, 1960-03-17 16:00:00, 6.343553, 12:00:00, 0.0 
1960-04-23 21:00:00, 1960-04-23 21:00:00, 1.034539, 0:00:00, 0.0 
1960-04-24 09:00:00, 1960-04-24 09:00:00, 0.989435, 0:00:00, 0.0 
1960-05-23 11:00:00, 1960-05-23 11:00:00, 1.197538, 0:00:00, 0.0 
1960-06-11 15:00:00, 1960-06-11 15:00:00, 1.184786, 0:00:00, 0.0 
1960-09-12 14:00:00, 1960-09-12 19:00:00, 9.850854, 5:00:00, 0.0 
1960-10-28 17:00:00, 1960-11-01 11:00:00, 53.676195, 3 days, 18:00:00, 0.0 
1960-12-12 05:00:00, 1960-12-12 20:00:00, 14.456109, 15:00:00, 0.0 
1961-01-15 08:00:00, 1961-01-16 14:00:00, 18.846746, 1 day, 6:00:00, 0.0 
1961-01-20 01:00:00, 1961-01-20 05:00:00, 7.816841, 4:00:00, 0.0 
1961-01-20 17:00:00, 1961-01-20 17:00:00, 1.002511, 0:00:00, 0.0 
1961-02-04 10:00:00, 1961-02-04 17:00:00, 17.258062, 7:00:00, 0.0 
1961-02-28 22:00:00, 1961-02-28 22:00:00, 0.949324, 0:00:00, 0.0 
1961-03-08 15:00:00, 1961-03-09 18:00:00, 19.296818, 1 day, 3:00:00, 0.0 
1961-04-13 08:00:00, 1961-04-13 21:00:00, 8.008713, 13:00:00, 0.0 
1961-04-29 21:00:00, 1961-04-29 21:00:00, 0.987306, 0:00:00, 0.0 
1961-09-20 18:00:00, 1961-09-21 23:00:00, 14.007455, 1 day, 5:00:00, 0.0 
1961-09-25 23:00:00, 1961-09-25 23:00:00, 1.131498, 0:00:00, 0.0 
1961-10-20 19:00:00, 1961-10-25 03:00:00, 92.302670, 4 days, 8:00:00, 0.0 
1961-11-27 02:00:00, 1961-11-27 04:00:00, 2.226166, 2:00:00, 0.0 
1962-02-15 21:00:00, 1962-02-15 23:00:00, 2.917805, 2:00:00, 0.0 
1962-03-05 23:00:00, 1962-03-09 02:00:00, 129.999492, 3 days, 3:00:00, 0.0 
1962-03-10 01:00:00, 1962-03-10 01:00:00, 1.259155, 0:00:00, 0.0 
1962-08-10 06:00:00, 1962-08-10 08:00:00, 1.921445, 2:00:00, 0.0 
1962-10-09 22:00:00, 1962-10-09 23:00:00, 1.506099, 1:00:00, 0.0 
1962-10-22 22:00:00, 1962-10-22 22:00:00, 0.979020, 0:00:00, 0.0 
1962-11-03 13:00:00, 1962-11-03 20:00:00, 13.823102, 7:00:00, 0.0 
1962-11-10 08:00:00, 1962-11-10 11:00:00, 3.431179, 3:00:00, 0.0 
1962-11-16 04:00:00, 1962-11-16 18:00:00, 11.645063, 14:00:00, 0.0 
1962-11-18 18:00:00, 1962-11-18 19:00:00, 0.972190, 1:00:00, 0.0 
1962-11-20 06:00:00, 1962-11-20 07:00:00, 0.965511, 1:00:00, 0.0 
1962-11-27 01:00:00, 1962-11-27 01:00:00, 1.013179, 0:00:00, 0.0 
1962-12-05 05:00:00, 1962-12-06 21:00:00, 36.048225, 1 day, 16:00:00, 0.0 
1962-12-22 07:00:00, 1962-12-22 08:00:00, 1.015165, 1:00:00, 0.0 
1963-01-03 05:00:00, 1963-01-03 05:00:00, 0.959903, 0:00:00, 0.0 
1963-01-08 09:00:00, 1963-01-08 10:00:00, 1.173957, 1:00:00, 0.0 
1963-01-08 22:00:00, 1963-01-09 09:00:00, 3.430302, 11:00:00, 0.0 
1963-01-12 12:00:00, 1963-01-12 12:00:00, 0.959175, 0:00:00, 0.0 
1963-01-13 02:00:00, 1963-01-13 13:00:00, 0.997975, 11:00:00, 0.0 
1963-03-06 08:00:00, 1963-03-06 11:00:00, 1.011669, 3:00:00, 0.0 
1963-03-20 06:00:00, 1963-03-20 20:00:00, 7.160194, 14:00:00, 0.0 
1963-03-21 10:00:00, 1963-03-21 21:00:00, 3.528017, 11:00:00, 0.0 
1963-04-09 23:00:00, 1963-04-10 00:00:00, 1.025537, 1:00:00, 0.0 
1963-05-11 02:00:00, 1963-05-11 02:00:00, 1.159337, 0:00:00, 0.0 
1963-06-07 23:00:00, 1963-06-07 23:00:00, 1.090504, 0:00:00, 0.0 
1963-09-06 01:00:00, 1963-09-06 17:00:00, 12.014748, 16:00:00, 0.0 
1963-09-16 13:00:00, 1963-09-16 13:00:00, 1.095255, 0:00:00, 0.0 
1963-09-24 04:00:00, 1963-09-24 05:00:00, 0.944506, 1:00:00, 0.0 
1963-10-29 07:00:00, 1963-10-29 12:00:00, 6.882957, 5:00:00, 0.0 
1963-10-30 12:00:00, 1963-10-30 12:00:00, 1.021545, 0:00:00, 0.0 
1963-11-07 03:00:00, 1963-11-08 07:00:00, 23.797882, 1 day, 4:00:00, 0.0 
1963-11-10 10:00:00, 1963-11-11 11:00:00, 7.598611, 1 day, 1:00:00, 0.0 
1963-11-11 23:00:00, 1963-11-11 23:00:00, 0.949992, 0:00:00, 0.0 
1963-11-29 08:00:00, 1963-11-29 23:00:00, 6.522537, 15:00:00, 0.0 
1963-12-09 06:00:00, 1963-12-09 09:00:00, 3.493543, 3:00:00, 0.0 
1963-12-24 05:00:00, 1963-12-24 05:00:00, 0.974679, 0:00:00, 0.0 
1964-01-09 19:00:00, 1964-01-09 20:00:00, 1.418901, 1:00:00, 0.0 
1964-01-13 09:00:00, 1964-01-14 11:00:00, 24.241008, 1 day, 2:00:00, 0.0 
1964-02-06 18:00:00, 1964-02-06 21:00:00, 5.048201, 3:00:00, 0.0 
1964-02-19 04:00:00, 1964-02-20 05:00:00, 17.510057, 1 day, 1:00:00, 0.0 
1964-02-29 00:00:00, 1964-02-29 03:00:00, 4.103824, 3:00:00, 0.0 
1964-03-21 18:00:00, 1964-03-22 21:00:00, 17.069353, 1 day, 3:00:00, 0.0 
1964-04-29 13:00:00, 1964-04-30 14:00:00, 12.389836, 1 day, 1:00:00, 0.0 
1964-07-25 14:00:00, 1964-07-25 14:00:00, 0.986109, 0:00:00, 0.0 
1964-09-14 06:00:00, 1964-09-14 21:00:00, 7.426509, 15:00:00, 0.0 
1964-09-23 02:00:00, 1964-09-23 03:00:00, 1.219058, 1:00:00, 0.0 
1964-11-19 22:00:00, 1964-11-19 22:00:00, 1.021768, 0:00:00, 0.0 
1964-12-24 14:00:00, 1964-12-24 14:00:00, 1.080690, 0:00:00, 0.0 
1965-01-03 01:00:00, 1965-01-03 01:00:00, 0.931957, 0:00:00, 0.0 
1965-01-11 04:00:00, 1965-01-11 08:00:00, 4.710767, 4:00:00, 0.0 
1965-01-16 12:00:00, 1965-01-18 01:00:00, 22.768392, 1 day, 13:00:00, 0.0 
1965-01-24 04:00:00, 1965-01-25 08:00:00, 12.617380, 1 day, 4:00:00, 0.0 
1965-03-05 13:00:00, 1965-03-06 04:00:00, 5.902815, 15:00:00, 0.0 
1965-03-06 16:00:00, 1965-03-06 16:00:00, 0.915411, 0:00:00, 0.0 
1965-10-08 00:00:00, 1965-10-08 01:00:00, 1.451958, 1:00:00, 0.0 
1966-01-06 23:00:00, 1966-01-07 01:00:00, 2.124348, 2:00:00, 0.0 
1966-01-23 10:00:00, 1966-01-23 16:00:00, 18.555394, 6:00:00, 0.0 
1966-01-25 13:00:00, 1966-01-25 16:00:00, 3.291834, 3:00:00, 0.0 
1966-01-26 17:00:00, 1966-01-27 18:00:00, 15.017361, 1 day, 1:00:00, 0.0 
1966-01-30 07:00:00, 1966-01-30 20:00:00, 6.031303, 13:00:00, 0.0 
1966-02-13 18:00:00, 1966-02-13 19:00:00, 1.133592, 1:00:00, 0.0 
1966-02-25 02:00:00, 1966-02-25 03:00:00, 0.965790, 1:00:00, 0.0 
1966-09-20 19:00:00, 1966-09-21 16:00:00, 6.696006, 21:00:00, 0.0 
1966-11-03 04:00:00, 1966-11-03 04:00:00, 0.898144, 0:00:00, 0.0 
1966-11-28 10:00:00, 1966-11-29 01:00:00, 9.198882, 15:00:00, 0.0 
1966-12-14 00:00:00, 1966-12-14 16:00:00, 8.639096, 16:00:00, 0.0 
1966-12-20 06:00:00, 1966-12-20 06:00:00, 0.948532, 0:00:00, 0.0 
1966-12-20 18:00:00, 1966-12-22 09:00:00, 19.138449, 1 day, 15:00:00, 0.0 
1966-12-24 21:00:00, 1966-12-24 23:00:00, 2.990656, 2:00:00, 0.0 
1967-01-04 20:00:00, 1967-01-04 20:00:00, 0.958221, 0:00:00, 0.0 
1967-01-27 23:00:00, 1967-01-28 03:00:00, 7.692528, 4:00:00, 0.0 
1967-02-04 07:00:00, 1967-02-04 09:00:00, 1.144828, 2:00:00, 0.0 
1967-02-05 08:00:00, 1967-02-05 08:00:00, 1.053678, 0:00:00, 0.0 
1967-02-06 23:00:00, 1967-02-08 01:00:00, 18.025192, 1 day, 2:00:00, 0.0 
1967-02-10 15:00:00, 1967-02-10 15:00:00, 0.949633, 0:00:00, 0.0 
1967-03-07 11:00:00, 1967-03-07 12:00:00, 0.963707, 1:00:00, 0.0 
1967-03-16 02:00:00, 1967-03-16 05:00:00, 4.239311, 3:00:00, 0.0 
1967-03-22 20:00:00, 1967-03-22 23:00:00, 3.641273, 3:00:00, 0.0 
1967-04-28 00:00:00, 1967-04-30 05:00:00, 33.506124, 2 days, 5:00:00, 0.0 
1967-05-07 21:00:00, 1967-05-08 00:00:00, 1.167588, 3:00:00, 0.0 
1967-05-25 01:00:00, 1967-05-26 16:00:00, 18.086183, 1 day, 15:00:00, 0.0 
1967-09-15 23:00:00, 1967-09-16 13:00:00, 14.081413, 14:00:00, 0.0 
1967-10-18 22:00:00, 1967-10-18 23:00:00, 1.383250, 1:00:00, 0.0 
1967-10-31 20:00:00, 1967-11-01 01:00:00, 3.292356, 5:00:00, 0.0 
1967-12-11 06:00:00, 1967-12-12 11:00:00, 22.040054, 1 day, 5:00:00, 0.0 
1967-12-28 20:00:00, 1967-12-28 23:00:00, 4.102874, 3:00:00, 0.0 
1967-12-29 11:00:00, 1967-12-29 13:00:00, 2.320013, 2:00:00, 0.0 
1968-01-14 09:00:00, 1968-01-15 01:00:00, 14.949637, 16:00:00, 0.0 
1968-01-25 06:00:00, 1968-01-26 07:00:00, 10.674490, 1 day, 1:00:00, 0.0 
1968-02-08 05:00:00, 1968-02-09 11:00:00, 22.141673, 1 day, 6:00:00, 0.0 
1968-02-29 23:00:00, 1968-03-01 04:00:00, 8.781075, 5:00:00, 0.0 
1968-03-12 21:00:00, 1968-03-13 00:00:00, 3.602094, 3:00:00, 0.0 
1968-05-28 02:00:00, 1968-05-28 02:00:00, 1.026371, 0:00:00, 0.0 
1968-05-28 23:00:00, 1968-05-29 01:00:00, 2.424604, 2:00:00, 0.0 
1968-06-27 12:00:00, 1968-06-27 23:00:00, 1.009496, 11:00:00, 0.0 
1968-07-04 07:00:00, 1968-07-04 07:00:00, 1.338425, 0:00:00, 0.0 
1968-11-07 02:00:00, 1968-11-08 03:00:00, 10.674944, 1 day, 1:00:00, 0.0 
1968-11-10 12:00:00, 1968-11-11 04:00:00, 21.207176, 16:00:00, 0.0 
1968-11-12 04:00:00, 1968-11-12 21:00:00, 38.443717, 17:00:00, 0.0 
1968-11-17 11:00:00, 1968-11-17 11:00:00, 1.027270, 0:00:00, 0.0 
1968-11-19 00:00:00, 1968-11-19 00:00:00, 0.981146, 0:00:00, 0.0 
1968-12-04 09:00:00, 1968-12-05 00:00:00, 10.931508, 15:00:00, 0.0 
1969-02-09 16:00:00, 1969-02-09 18:00:00, 0.923777, 2:00:00, 0.0 
1969-02-18 14:00:00, 1969-02-19 04:00:00, 2.344638, 14:00:00, 0.0 
1969-02-20 02:00:00, 1969-02-21 14:00:00, 17.352719, 1 day, 12:00:00, 0.0 
1969-02-27 10:00:00, 1969-03-04 00:00:00, 59.561751, 4 days, 14:00:00, 0.0 
1969-03-04 23:00:00, 1969-03-04 23:00:00, 0.985606, 0:00:00, 0.0 
1969-03-07 15:00:00, 1969-03-07 15:00:00, 1.055905, 0:00:00, 0.0 
1969-03-19 23:00:00, 1969-03-19 23:00:00, 0.921064, 0:00:00, 0.0 
1969-07-24 08:00:00, 1969-07-24 08:00:00, 0.936225, 0:00:00, 0.0 
1969-10-05 17:00:00, 1969-10-05 18:00:00, 1.046904, 1:00:00, 0.0 
1969-11-02 19:00:00, 1969-11-03 08:00:00, 4.655579, 13:00:00, 0.0 
1969-11-09 13:00:00, 1969-11-11 02:00:00, 21.148040, 1 day, 13:00:00, 0.0 
1969-11-11 15:00:00, 1969-11-11 15:00:00, 1.057809, 0:00:00, 0.0 
1969-11-14 13:00:00, 1969-11-14 18:00:00, 5.689972, 5:00:00, 0.0 
