1922-01-27 01:00:00, 1922-01-27 01:00:00, 0.760476, 0:00:00, 0.0 
1922-01-27 14:00:00, 1922-01-27 14:00:00, 0.901247, 0:00:00, 0.0 
1922-01-30 15:00:00, 1922-02-01 17:00:00, 12.996724, 2 days, 2:00:00, 0.0 
1922-02-15 04:00:00, 1922-02-15 05:00:00, 0.824027, 1:00:00, 0.0 
1922-03-01 14:00:00, 1922-03-02 04:00:00, 4.147793, 14:00:00, 0.0 
1922-03-04 05:00:00, 1922-03-04 05:00:00, 0.887749, 0:00:00, 0.0 
1922-05-28 15:00:00, 1922-05-31 17:00:00, 18.194287, 3 days, 2:00:00, 0.0 
1922-06-14 05:00:00, 1922-06-14 05:00:00, 0.739877, 0:00:00, 0.0 
1922-09-19 01:00:00, 1922-09-19 01:00:00, 0.909370, 0:00:00, 0.0 
1922-09-19 13:00:00, 1922-09-19 13:00:00, 0.885964, 0:00:00, 0.0 
1922-09-20 01:00:00, 1922-09-20 02:00:00, 1.006390, 1:00:00, 0.0 
1922-09-20 14:00:00, 1922-09-20 14:00:00, 0.878331, 0:00:00, 0.0 
1922-09-21 14:00:00, 1922-09-21 15:00:00, 0.923349, 1:00:00, 0.0 
1922-09-22 03:00:00, 1922-09-22 03:00:00, 0.774027, 0:00:00, 0.0 
1922-09-22 15:00:00, 1922-09-22 16:00:00, 0.863919, 1:00:00, 0.0 
1922-09-23 04:00:00, 1922-09-23 04:00:00, 0.848914, 0:00:00, 0.0 
1922-09-23 16:00:00, 1922-09-23 17:00:00, 0.848028, 1:00:00, 0.0 
1922-10-19 14:00:00, 1922-10-19 14:00:00, 0.763840, 0:00:00, 0.0 
1922-10-20 02:00:00, 1922-10-20 02:00:00, 0.820683, 0:00:00, 0.0 
1922-10-21 03:00:00, 1922-10-21 03:00:00, 0.759220, 0:00:00, 0.0 
1922-12-20 15:00:00, 1922-12-20 16:00:00, 0.986043, 1:00:00, 0.0 
1923-01-01 00:00:00, 1923-01-01 00:00:00, 0.832010, 0:00:00, 0.0 
1923-01-23 18:00:00, 1923-01-23 18:00:00, 0.857090, 0:00:00, 0.0 
1923-02-05 04:00:00, 1923-02-05 04:00:00, 1.342446, 0:00:00, 0.0 
1923-02-06 05:00:00, 1923-02-06 06:00:00, 0.736250, 1:00:00, 0.0 
1923-05-24 21:00:00, 1923-05-24 21:00:00, 0.712895, 0:00:00, 0.0 
1923-05-25 09:00:00, 1923-05-25 09:00:00, 0.755217, 0:00:00, 0.0 
1923-06-22 08:00:00, 1923-06-22 08:00:00, 0.764331, 0:00:00, 0.0 
1923-06-22 21:00:00, 1923-06-23 09:00:00, 1.954911, 12:00:00, 0.0 
1923-07-19 05:00:00, 1923-07-19 06:00:00, 0.779475, 1:00:00, 0.0 
1923-10-17 21:00:00, 1923-10-17 21:00:00, 0.817696, 0:00:00, 0.0 
1923-10-23 14:00:00, 1923-10-23 14:00:00, 0.772690, 0:00:00, 0.0 
1923-11-03 09:00:00, 1923-11-03 09:00:00, 0.718985, 0:00:00, 0.0 
1924-02-03 00:00:00, 1924-02-03 00:00:00, 0.817091, 0:00:00, 0.0 
1924-02-05 01:00:00, 1924-02-05 01:00:00, 0.738924, 0:00:00, 0.0 
1924-02-27 05:00:00, 1924-02-27 08:00:00, 3.754213, 3:00:00, 0.0 
1924-03-10 04:00:00, 1924-03-10 04:00:00, 0.836077, 0:00:00, 0.0 
1924-03-20 13:00:00, 1924-03-21 02:00:00, 4.127268, 13:00:00, 0.0 
1924-06-15 11:00:00, 1924-06-15 11:00:00, 0.769802, 0:00:00, 0.0 
1924-07-28 00:00:00, 1924-07-28 00:00:00, 0.794725, 0:00:00, 0.0 
1924-08-23 08:00:00, 1924-08-23 08:00:00, 0.741606, 0:00:00, 0.0 
1924-09-24 23:00:00, 1924-09-24 23:00:00, 0.757300, 0:00:00, 0.0 
1924-09-27 01:00:00, 1924-09-27 01:00:00, 0.839629, 0:00:00, 0.0 
1924-09-27 13:00:00, 1924-09-27 13:00:00, 0.794935, 0:00:00, 0.0 
1924-09-28 01:00:00, 1924-09-28 02:00:00, 0.796860, 1:00:00, 0.0 
1924-10-03 19:00:00, 1924-10-03 19:00:00, 0.685823, 0:00:00, 0.0 
1924-10-10 01:00:00, 1924-10-10 01:00:00, 0.786803, 0:00:00, 0.0 
1924-10-12 15:00:00, 1924-10-12 15:00:00, 1.076299, 0:00:00, 0.0 
1924-10-22 09:00:00, 1924-10-22 09:00:00, 0.736312, 0:00:00, 0.0 
1924-10-25 00:00:00, 1924-10-25 00:00:00, 1.019755, 0:00:00, 0.0 
1924-10-26 12:00:00, 1924-10-26 13:00:00, 1.299567, 1:00:00, 0.0 
1924-10-27 01:00:00, 1924-10-27 01:00:00, 0.752899, 0:00:00, 0.0 
1924-11-11 14:00:00, 1924-11-11 15:00:00, 0.866615, 1:00:00, 0.0 
1924-12-29 17:00:00, 1924-12-29 17:00:00, 0.788255, 0:00:00, 0.0 
1925-01-10 15:00:00, 1925-01-10 15:00:00, 0.897448, 0:00:00, 0.0 
1925-01-15 17:00:00, 1925-01-15 17:00:00, 0.826211, 0:00:00, 0.0 
1925-01-19 09:00:00, 1925-01-19 09:00:00, 0.932919, 0:00:00, 0.0 
1925-01-25 02:00:00, 1925-01-25 02:00:00, 0.802536, 0:00:00, 0.0 
1925-01-29 04:00:00, 1925-01-29 06:00:00, 2.530483, 2:00:00, 0.0 
1925-03-08 13:00:00, 1925-03-08 13:00:00, 0.695086, 0:00:00, 0.0 
1925-04-07 01:00:00, 1925-04-07 01:00:00, 0.971111, 0:00:00, 0.0 
1925-04-07 13:00:00, 1925-04-07 13:00:00, 0.970963, 0:00:00, 0.0 
1925-04-08 01:00:00, 1925-04-08 02:00:00, 0.793688, 1:00:00, 0.0 
1925-04-21 13:00:00, 1925-04-21 13:00:00, 0.812498, 0:00:00, 0.0 
1925-05-27 05:00:00, 1925-05-27 05:00:00, 0.812328, 0:00:00, 0.0 
1925-05-28 06:00:00, 1925-05-28 06:00:00, 0.753236, 0:00:00, 0.0 
1925-06-12 19:00:00, 1925-06-12 19:00:00, 0.760952, 0:00:00, 0.0 
1925-08-23 03:00:00, 1925-08-23 05:00:00, 1.761577, 2:00:00, 0.0 
1925-08-24 05:00:00, 1925-08-24 05:00:00, 0.828109, 0:00:00, 0.0 
1925-12-01 14:00:00, 1925-12-01 16:00:00, 2.111193, 2:00:00, 0.0 
1925-12-02 16:00:00, 1925-12-02 16:00:00, 0.726212, 0:00:00, 0.0 
1926-01-08 08:00:00, 1926-01-08 09:00:00, 1.080734, 1:00:00, 0.0 
1926-01-30 15:00:00, 1926-01-30 15:00:00, 0.732763, 0:00:00, 0.0 
1926-02-03 17:00:00, 1926-02-03 17:00:00, 0.751927, 0:00:00, 0.0 
1926-05-28 13:00:00, 1926-05-28 14:00:00, 0.768058, 1:00:00, 0.0 
1926-05-29 02:00:00, 1926-05-29 04:00:00, 2.005813, 2:00:00, 0.0 
1926-06-07 09:00:00, 1926-06-07 09:00:00, 0.739822, 0:00:00, 0.0 
1926-06-11 13:00:00, 1926-06-11 13:00:00, 0.751587, 0:00:00, 0.0 
1926-06-17 06:00:00, 1926-06-18 20:00:00, 7.447342, 1 day, 14:00:00, 0.0 
1926-06-20 21:00:00, 1926-06-21 09:00:00, 1.658235, 12:00:00, 0.0 
1926-06-21 21:00:00, 1926-06-21 23:00:00, 1.509982, 2:00:00, 0.0 
1926-07-13 03:00:00, 1926-07-13 03:00:00, 0.811925, 0:00:00, 0.0 
1926-07-28 14:00:00, 1926-07-29 07:00:00, 13.782459, 17:00:00, 0.0 
1926-08-21 11:00:00, 1926-08-21 11:00:00, 0.778181, 0:00:00, 0.0 
1926-08-22 13:00:00, 1926-08-22 13:00:00, 0.709483, 0:00:00, 0.0 
1926-08-23 01:00:00, 1926-08-25 04:00:00, 13.319317, 2 days, 3:00:00, 0.0 
1926-09-18 11:00:00, 1926-09-18 11:00:00, 0.676923, 0:00:00, 0.0 
1926-09-18 23:00:00, 1926-09-19 12:00:00, 4.268937, 13:00:00, 0.0 
1926-09-20 00:00:00, 1926-09-20 01:00:00, 0.910359, 1:00:00, 0.0 
1927-02-19 16:00:00, 1927-02-19 16:00:00, 0.780808, 0:00:00, 0.0 
1927-03-01 22:00:00, 1927-03-02 00:00:00, 1.006113, 2:00:00, 0.0 
1927-03-04 15:00:00, 1927-03-04 15:00:00, 0.746625, 0:00:00, 0.0 
1927-06-06 19:00:00, 1927-06-06 19:00:00, 0.778516, 0:00:00, 0.0 
1927-06-16 13:00:00, 1927-06-16 14:00:00, 0.764764, 1:00:00, 0.0 
1927-06-17 02:00:00, 1927-06-17 15:00:00, 3.498812, 13:00:00, 0.0 
1927-06-18 03:00:00, 1927-06-18 16:00:00, 2.314139, 13:00:00, 0.0 
1927-08-14 13:00:00, 1927-08-14 13:00:00, 0.974600, 0:00:00, 0.0 
1927-12-25 15:00:00, 1927-12-25 15:00:00, 0.781275, 0:00:00, 0.0 
1928-05-08 03:00:00, 1928-05-08 16:00:00, 3.845105, 13:00:00, 0.0 
1928-05-13 08:00:00, 1928-05-13 08:00:00, 0.753509, 0:00:00, 0.0 
1928-05-24 16:00:00, 1928-05-24 18:00:00, 1.753024, 2:00:00, 0.0 
1928-05-25 06:00:00, 1928-05-25 06:00:00, 0.825615, 0:00:00, 0.0 
1928-06-17 12:00:00, 1928-06-17 13:00:00, 0.713100, 1:00:00, 0.0 
1928-07-31 01:00:00, 1928-07-31 12:00:00, 0.694800, 11:00:00, 0.0 
1928-09-18 04:00:00, 1928-09-18 19:00:00, 21.287206, 15:00:00, 0.0 
1928-10-02 03:00:00, 1928-10-02 03:00:00, 0.825643, 0:00:00, 0.0 
1928-11-01 18:00:00, 1928-11-01 18:00:00, 0.729739, 0:00:00, 0.0 
1928-12-06 22:00:00, 1928-12-06 22:00:00, 0.711012, 0:00:00, 0.0 
1928-12-07 10:00:00, 1928-12-07 11:00:00, 0.958134, 1:00:00, 0.0 
1928-12-07 23:00:00, 1928-12-07 23:00:00, 0.793242, 0:00:00, 0.0 
1928-12-08 12:00:00, 1928-12-08 12:00:00, 0.829573, 0:00:00, 0.0 
1928-12-27 00:00:00, 1928-12-27 02:00:00, 1.616535, 2:00:00, 0.0 
1929-02-05 09:00:00, 1929-02-05 11:00:00, 1.645747, 2:00:00, 0.0 
1929-02-06 09:00:00, 1929-02-06 12:00:00, 3.586358, 3:00:00, 0.0 
1929-02-13 16:00:00, 1929-02-13 16:00:00, 0.821200, 0:00:00, 0.0 
1929-02-21 09:00:00, 1929-02-21 09:00:00, 0.726966, 0:00:00, 0.0 
1929-04-23 14:00:00, 1929-04-23 14:00:00, 0.912372, 0:00:00, 0.0 
1929-06-03 22:00:00, 1929-06-05 12:00:00, 10.454641, 1 day, 14:00:00, 0.0 
1929-06-10 03:00:00, 1929-06-12 17:00:00, 16.544959, 2 days, 14:00:00, 0.0 
1929-07-04 11:00:00, 1929-07-04 11:00:00, 0.694563, 0:00:00, 0.0 
1929-07-16 22:00:00, 1929-07-18 00:00:00, 5.225005, 1 day, 2:00:00, 0.0 
1929-09-21 16:00:00, 1929-09-21 16:00:00, 0.931413, 0:00:00, 0.0 
1929-09-22 04:00:00, 1929-09-22 04:00:00, 0.747696, 0:00:00, 0.0 
1929-09-23 05:00:00, 1929-09-23 05:00:00, 0.703709, 0:00:00, 0.0 
1929-09-23 17:00:00, 1929-09-23 18:00:00, 0.799258, 1:00:00, 0.0 
1929-10-02 01:00:00, 1929-10-02 02:00:00, 0.984190, 1:00:00, 0.0 
1930-01-06 17:00:00, 1930-01-06 18:00:00, 0.795992, 1:00:00, 0.0 
1930-01-11 09:00:00, 1930-01-11 11:00:00, 1.595880, 2:00:00, 0.0 
1930-01-12 11:00:00, 1930-01-14 00:00:00, 8.816400, 1 day, 13:00:00, 0.0 
1930-01-15 00:00:00, 1930-01-15 01:00:00, 0.848018, 1:00:00, 0.0 
1930-01-17 15:00:00, 1930-01-18 17:00:00, 8.450103, 1 day, 2:00:00, 0.0 
1930-01-20 18:00:00, 1930-01-20 19:00:00, 0.816296, 1:00:00, 0.0 
1930-01-24 10:00:00, 1930-01-24 10:00:00, 0.731873, 0:00:00, 0.0 
1930-01-30 00:00:00, 1930-01-30 15:00:00, 6.197781, 15:00:00, 0.0 
1930-01-31 14:00:00, 1930-01-31 15:00:00, 0.729343, 1:00:00, 0.0 
1930-02-01 15:00:00, 1930-02-01 15:00:00, 0.734039, 0:00:00, 0.0 
1930-02-15 01:00:00, 1930-02-15 16:00:00, 5.040139, 15:00:00, 0.0 
1930-02-16 16:00:00, 1930-02-16 17:00:00, 0.846876, 1:00:00, 0.0 
1930-02-17 05:00:00, 1930-02-18 03:00:00, 2.406739, 22:00:00, 0.0 
1930-02-18 17:00:00, 1930-02-18 18:00:00, 0.730568, 1:00:00, 0.0 
1930-04-24 09:00:00, 1930-04-24 23:00:00, 3.275454, 14:00:00, 0.0 
1930-04-25 11:00:00, 1930-04-25 11:00:00, 0.760527, 0:00:00, 0.0 
1930-05-31 15:00:00, 1930-05-31 15:00:00, 0.724832, 0:00:00, 0.0 
1930-06-16 05:00:00, 1930-06-16 06:00:00, 0.950595, 1:00:00, 0.0 
1930-08-14 14:00:00, 1930-08-14 14:00:00, 0.763894, 0:00:00, 0.0 
1930-12-06 01:00:00, 1930-12-06 01:00:00, 0.784014, 0:00:00, 0.0 
1931-02-02 00:00:00, 1931-02-02 14:00:00, 3.404794, 14:00:00, 0.0 
1931-02-03 13:00:00, 1931-02-05 16:00:00, 14.184749, 2 days, 3:00:00, 0.0 
1931-02-26 08:00:00, 1931-02-26 08:00:00, 0.763280, 0:00:00, 0.0 
1931-03-03 14:00:00, 1931-03-04 02:00:00, 1.842311, 12:00:00, 0.0 
1931-03-21 13:00:00, 1931-03-22 04:00:00, 9.158500, 15:00:00, 0.0 
1931-03-28 08:00:00, 1931-03-28 09:00:00, 0.799792, 1:00:00, 0.0 
1931-03-30 23:00:00, 1931-04-01 01:00:00, 7.650867, 1 day, 2:00:00, 0.0 
1931-12-09 01:00:00, 1931-12-09 01:00:00, 0.894171, 0:00:00, 0.0 
1931-12-28 03:00:00, 1931-12-28 03:00:00, 0.736854, 0:00:00, 0.0 
1932-01-05 23:00:00, 1932-01-05 23:00:00, 0.731084, 0:00:00, 0.0 
1932-02-21 01:00:00, 1932-02-21 01:00:00, 0.685072, 0:00:00, 0.0 
1932-02-21 13:00:00, 1932-02-21 14:00:00, 0.861261, 1:00:00, 0.0 
1932-03-02 22:00:00, 1932-03-02 22:00:00, 0.795616, 0:00:00, 0.0 
1932-03-03 10:00:00, 1932-03-03 10:00:00, 0.763217, 0:00:00, 0.0 
1932-03-03 22:00:00, 1932-03-03 23:00:00, 0.893425, 1:00:00, 0.0 
1932-03-04 11:00:00, 1932-03-04 12:00:00, 0.808843, 1:00:00, 0.0 
1932-03-05 11:00:00, 1932-03-06 11:00:00, 9.206715, 1 day, 0:00:00, 0.0 
1932-09-11 11:00:00, 1932-09-11 11:00:00, 0.745677, 0:00:00, 0.0 
1932-11-26 00:00:00, 1932-11-26 00:00:00, 0.827709, 0:00:00, 0.0 
1932-11-27 00:00:00, 1932-11-27 01:00:00, 0.909854, 1:00:00, 0.0 
1932-11-27 13:00:00, 1932-11-28 02:00:00, 4.780633, 13:00:00, 0.0 
1932-11-28 14:00:00, 1932-12-01 04:00:00, 18.322646, 2 days, 14:00:00, 0.0 
1932-12-16 16:00:00, 1932-12-17 04:00:00, 1.593488, 12:00:00, 0.0 
1932-12-17 16:00:00, 1932-12-17 17:00:00, 1.081234, 1:00:00, 0.0 
1933-01-13 15:00:00, 1933-01-14 03:00:00, 2.052561, 12:00:00, 0.0 
1933-01-14 15:00:00, 1933-01-14 16:00:00, 0.855041, 1:00:00, 0.0 
1933-01-25 10:00:00, 1933-01-25 14:00:00, 3.765562, 4:00:00, 0.0 
1933-01-27 13:00:00, 1933-01-27 16:00:00, 3.532040, 3:00:00, 0.0 
1933-01-28 16:00:00, 1933-01-28 16:00:00, 0.764902, 0:00:00, 0.0 
1933-01-29 14:00:00, 1933-02-01 05:00:00, 18.954279, 2 days, 15:00:00, 0.0 
1933-02-01 17:00:00, 1933-02-01 18:00:00, 0.798005, 1:00:00, 0.0 
1933-02-11 02:00:00, 1933-02-11 02:00:00, 0.737154, 0:00:00, 0.0 
1933-04-23 10:00:00, 1933-04-24 02:00:00, 5.398565, 16:00:00, 0.0 
1933-06-02 08:00:00, 1933-06-02 08:00:00, 0.789362, 0:00:00, 0.0 
1933-06-02 20:00:00, 1933-06-02 21:00:00, 0.881529, 1:00:00, 0.0 
1933-06-03 09:00:00, 1933-06-03 09:00:00, 0.708889, 0:00:00, 0.0 
1933-06-14 17:00:00, 1933-06-14 20:00:00, 2.328267, 3:00:00, 0.0 
1933-07-04 23:00:00, 1933-07-05 12:00:00, 4.014105, 13:00:00, 0.0 
1933-08-06 14:00:00, 1933-08-06 14:00:00, 0.824533, 0:00:00, 0.0 
1933-08-07 02:00:00, 1933-08-07 15:00:00, 2.543082, 13:00:00, 0.0 
1933-08-22 14:00:00, 1933-08-22 15:00:00, 0.863255, 1:00:00, 0.0 
1933-08-23 03:00:00, 1933-08-23 16:00:00, 2.977182, 13:00:00, 0.0 
1933-10-06 04:00:00, 1933-10-06 04:00:00, 0.725419, 0:00:00, 0.0 
1933-10-06 16:00:00, 1933-10-06 17:00:00, 0.765318, 1:00:00, 0.0 
1933-11-05 15:00:00, 1933-11-05 17:00:00, 1.854238, 2:00:00, 0.0 
1934-01-04 16:00:00, 1934-01-04 16:00:00, 0.720333, 0:00:00, 0.0 
1934-02-01 14:00:00, 1934-02-01 14:00:00, 0.750370, 0:00:00, 0.0 
1934-02-17 17:00:00, 1934-02-17 17:00:00, 0.687892, 0:00:00, 0.0 
1934-05-26 11:00:00, 1934-05-26 11:00:00, 0.818907, 0:00:00, 0.0 
1934-05-26 23:00:00, 1934-05-27 12:00:00, 3.647692, 13:00:00, 0.0 
1934-05-28 00:00:00, 1934-05-29 14:00:00, 21.591037, 1 day, 14:00:00, 0.0 
1934-06-25 01:00:00, 1934-06-25 01:00:00, 0.841300, 0:00:00, 0.0 
1934-11-27 05:00:00, 1934-11-27 05:00:00, 0.694754, 0:00:00, 0.0 
1934-12-19 13:00:00, 1934-12-19 13:00:00, 1.087210, 0:00:00, 0.0 
1934-12-31 09:00:00, 1934-12-31 09:00:00, 0.700534, 0:00:00, 0.0 
1935-01-05 01:00:00, 1935-01-05 01:00:00, 0.792031, 0:00:00, 0.0 
1935-01-05 15:00:00, 1935-01-06 02:00:00, 0.881227, 11:00:00, 0.0 
1935-01-06 15:00:00, 1935-01-06 15:00:00, 0.935759, 0:00:00, 0.0 
1935-01-19 14:00:00, 1935-01-20 01:00:00, 0.708598, 11:00:00, 0.0 
1935-01-20 14:00:00, 1935-01-20 14:00:00, 0.804329, 0:00:00, 0.0 
1935-01-25 16:00:00, 1935-01-26 05:00:00, 2.290784, 13:00:00, 0.0 
1935-08-26 00:00:00, 1935-08-26 01:00:00, 0.812723, 1:00:00, 0.0 
1935-09-30 16:00:00, 1935-09-30 16:00:00, 0.779029, 0:00:00, 0.0 
1935-11-03 07:00:00, 1935-11-03 07:00:00, 0.884623, 0:00:00, 0.0 
1935-11-16 17:00:00, 1935-11-16 19:00:00, 1.697938, 2:00:00, 0.0 
1935-11-17 07:00:00, 1935-11-17 07:00:00, 0.713135, 0:00:00, 0.0 
1935-11-20 10:00:00, 1935-11-20 10:00:00, 0.708503, 0:00:00, 0.0 
1935-12-13 01:00:00, 1935-12-13 15:00:00, 5.315857, 14:00:00, 0.0 
1935-12-25 00:00:00, 1935-12-25 00:00:00, 0.769950, 0:00:00, 0.0 
1935-12-29 16:00:00, 1935-12-29 17:00:00, 0.895409, 1:00:00, 0.0 
1936-02-07 00:00:00, 1936-02-07 02:00:00, 2.024883, 2:00:00, 0.0 
1936-02-22 01:00:00, 1936-02-22 01:00:00, 0.827321, 0:00:00, 0.0 
1936-03-07 14:00:00, 1936-03-07 14:00:00, 0.893950, 0:00:00, 0.0 
1936-05-15 07:00:00, 1936-05-15 09:00:00, 2.077376, 2:00:00, 0.0 
1936-06-06 13:00:00, 1936-06-06 14:00:00, 0.690361, 1:00:00, 0.0 
1936-10-16 02:00:00, 1936-10-16 02:00:00, 0.776921, 0:00:00, 0.0 
1936-12-01 17:00:00, 1936-12-01 17:00:00, 0.726727, 0:00:00, 0.0 
1936-12-02 05:00:00, 1936-12-02 05:00:00, 0.810793, 0:00:00, 0.0 
1936-12-06 08:00:00, 1936-12-06 08:00:00, 0.715675, 0:00:00, 0.0 
1936-12-15 14:00:00, 1936-12-16 03:00:00, 4.518796, 13:00:00, 0.0 
1937-01-02 18:00:00, 1937-01-02 18:00:00, 0.718769, 0:00:00, 0.0 
1937-01-27 15:00:00, 1937-01-28 03:00:00, 1.775232, 12:00:00, 0.0 
1937-01-28 15:00:00, 1937-01-28 16:00:00, 1.302604, 1:00:00, 0.0 
1937-01-31 16:00:00, 1937-01-31 17:00:00, 0.995314, 1:00:00, 0.0 
1937-02-07 09:00:00, 1937-02-07 11:00:00, 1.585577, 2:00:00, 0.0 
1937-02-13 15:00:00, 1937-02-13 16:00:00, 0.844429, 1:00:00, 0.0 
1937-02-20 10:00:00, 1937-02-20 10:00:00, 0.945247, 0:00:00, 0.0 
1937-02-21 09:00:00, 1937-02-21 23:00:00, 4.531416, 14:00:00, 0.0 
1937-05-01 04:00:00, 1937-05-01 06:00:00, 0.844429, 2:00:00, 0.0 
1937-09-22 04:00:00, 1937-09-22 04:00:00, 1.124915, 0:00:00, 0.0 
1937-09-30 23:00:00, 1937-10-01 00:00:00, 1.042992, 1:00:00, 0.0 
1937-10-01 12:00:00, 1937-10-01 12:00:00, 0.863362, 0:00:00, 0.0 
1937-10-02 01:00:00, 1937-10-02 01:00:00, 0.730504, 0:00:00, 0.0 
1937-10-17 00:00:00, 1937-10-17 00:00:00, 0.780250, 0:00:00, 0.0 
1937-11-12 08:00:00, 1937-11-12 09:00:00, 1.094289, 1:00:00, 0.0 
1937-11-12 21:00:00, 1937-11-12 21:00:00, 0.797650, 0:00:00, 0.0 
1938-01-03 14:00:00, 1938-01-04 02:00:00, 2.774839, 12:00:00, 0.0 
1938-01-04 15:00:00, 1938-01-04 16:00:00, 0.810359, 1:00:00, 0.0 
1938-01-24 08:00:00, 1938-01-24 08:00:00, 0.736672, 0:00:00, 0.0 
1938-05-31 14:00:00, 1938-06-01 16:00:00, 5.902259, 1 day, 2:00:00, 0.0 
1938-06-30 16:00:00, 1938-06-30 16:00:00, 0.804329, 0:00:00, 0.0 
1938-07-04 19:00:00, 1938-07-05 08:00:00, 4.705400, 13:00:00, 0.0 
1938-07-05 20:00:00, 1938-07-06 08:00:00, 2.695105, 12:00:00, 0.0 
1938-07-06 22:00:00, 1938-07-06 22:00:00, 0.750370, 0:00:00, 0.0 
1938-08-27 03:00:00, 1938-08-27 04:00:00, 0.977435, 1:00:00, 0.0 
1938-11-05 00:00:00, 1938-11-05 00:00:00, 0.776356, 0:00:00, 0.0 
1938-11-09 16:00:00, 1938-11-10 04:00:00, 1.664183, 12:00:00, 0.0 
1938-11-22 02:00:00, 1938-11-22 02:00:00, 0.751368, 0:00:00, 0.0 
1938-12-26 15:00:00, 1938-12-26 17:00:00, 2.081988, 2:00:00, 0.0 
1939-01-16 11:00:00, 1939-01-16 11:00:00, 0.746637, 0:00:00, 0.0 
1939-01-28 06:00:00, 1939-01-28 06:00:00, 0.800058, 0:00:00, 0.0 
1939-05-15 23:00:00, 1939-05-16 00:00:00, 0.737545, 1:00:00, 0.0 
1939-09-15 03:00:00, 1939-09-15 04:00:00, 0.865822, 1:00:00, 0.0 
1939-09-21 21:00:00, 1939-09-22 09:00:00, 1.654186, 12:00:00, 0.0 
1939-09-22 22:00:00, 1939-09-23 10:00:00, 1.755555, 12:00:00, 0.0 
1940-01-13 16:00:00, 1940-01-13 16:00:00, 0.749685, 0:00:00, 0.0 
1940-01-14 16:00:00, 1940-01-14 17:00:00, 0.787419, 1:00:00, 0.0 
1940-02-18 08:00:00, 1940-02-18 09:00:00, 0.995923, 1:00:00, 0.0 
1940-02-18 21:00:00, 1940-02-18 21:00:00, 0.948402, 0:00:00, 0.0 
1940-03-08 13:00:00, 1940-03-08 14:00:00, 0.863268, 1:00:00, 0.0 
1940-03-09 13:00:00, 1940-03-09 14:00:00, 0.896885, 1:00:00, 0.0 
1940-06-21 13:00:00, 1940-06-21 15:00:00, 1.697700, 2:00:00, 0.0 
1940-06-22 03:00:00, 1940-06-22 03:00:00, 0.884618, 0:00:00, 0.0 
1940-08-03 00:00:00, 1940-08-04 14:00:00, 9.898809, 1 day, 14:00:00, 0.0 
1940-08-11 06:00:00, 1940-08-11 18:00:00, 12.673943, 12:00:00, 0.0 
1940-09-27 23:00:00, 1940-09-27 23:00:00, 0.976640, 0:00:00, 0.0 
1940-09-28 11:00:00, 1940-09-28 12:00:00, 1.208704, 1:00:00, 0.0 
1940-09-29 00:00:00, 1940-09-29 00:00:00, 0.848815, 0:00:00, 0.0 
1940-11-26 11:00:00, 1940-11-27 00:00:00, 2.684440, 13:00:00, 0.0 
1940-12-24 09:00:00, 1940-12-25 23:00:00, 12.201589, 1 day, 14:00:00, 0.0 
1941-01-13 01:00:00, 1941-01-13 01:00:00, 0.689975, 0:00:00, 0.0 
1941-01-14 00:00:00, 1941-01-14 02:00:00, 1.780179, 2:00:00, 0.0 
1941-01-14 15:00:00, 1941-01-15 03:00:00, 2.960719, 12:00:00, 0.0 
1941-01-15 15:00:00, 1941-01-16 03:00:00, 2.415419, 12:00:00, 0.0 
1941-01-27 01:00:00, 1941-01-27 01:00:00, 0.816527, 0:00:00, 0.0 
1941-01-29 15:00:00, 1941-01-29 16:00:00, 0.743243, 1:00:00, 0.0 
1941-02-07 09:00:00, 1941-02-07 10:00:00, 0.764087, 1:00:00, 0.0 
1941-02-14 02:00:00, 1941-02-14 03:00:00, 0.898861, 1:00:00, 0.0 
1941-05-03 18:00:00, 1941-05-04 07:00:00, 2.949778, 13:00:00, 0.0 
1941-09-20 14:00:00, 1941-09-21 02:00:00, 1.968758, 12:00:00, 0.0 
1941-09-21 14:00:00, 1941-09-22 03:00:00, 2.784639, 13:00:00, 0.0 
1941-09-22 15:00:00, 1941-09-22 16:00:00, 0.924455, 1:00:00, 0.0 
1942-01-04 01:00:00, 1942-01-04 02:00:00, 0.756876, 1:00:00, 0.0 
1942-03-02 13:00:00, 1942-03-02 14:00:00, 0.917028, 1:00:00, 0.0 
1942-06-30 15:00:00, 1942-06-30 15:00:00, 0.845746, 0:00:00, 0.0 
1942-08-26 01:00:00, 1942-08-26 14:00:00, 2.706825, 13:00:00, 0.0 
1942-08-27 02:00:00, 1942-08-27 15:00:00, 3.013910, 13:00:00, 0.0 
1943-03-06 12:00:00, 1943-03-06 14:00:00, 1.839303, 2:00:00, 0.0 
1943-04-24 05:00:00, 1943-04-24 05:00:00, 0.881569, 0:00:00, 0.0 
1943-04-25 05:00:00, 1943-04-25 06:00:00, 0.835382, 1:00:00, 0.0 
1943-05-23 16:00:00, 1943-05-23 17:00:00, 0.781195, 1:00:00, 0.0 
1943-05-24 05:00:00, 1943-05-24 18:00:00, 5.092061, 13:00:00, 0.0 
1943-05-25 19:00:00, 1943-05-25 19:00:00, 0.740259, 0:00:00, 0.0 
1943-07-02 01:00:00, 1943-07-02 02:00:00, 0.780294, 1:00:00, 0.0 
1943-09-12 01:00:00, 1943-09-12 01:00:00, 0.732416, 0:00:00, 0.0 
1943-09-12 13:00:00, 1943-09-12 13:00:00, 0.754499, 0:00:00, 0.0 
1943-09-13 01:00:00, 1943-09-13 14:00:00, 2.859398, 13:00:00, 0.0 
1943-09-14 02:00:00, 1943-09-14 03:00:00, 0.891963, 1:00:00, 0.0 
1943-09-14 15:00:00, 1943-09-14 15:00:00, 0.716179, 0:00:00, 0.0 
1943-10-06 20:00:00, 1943-10-06 20:00:00, 0.830200, 0:00:00, 0.0 
1943-10-12 01:00:00, 1943-10-12 01:00:00, 0.851312, 0:00:00, 0.0 
1943-10-12 13:00:00, 1943-10-13 02:00:00, 2.911526, 13:00:00, 0.0 
1943-10-13 14:00:00, 1943-10-13 15:00:00, 0.836579, 1:00:00, 0.0 
1943-12-30 17:00:00, 1943-12-30 17:00:00, 0.850296, 0:00:00, 0.0 
1944-01-09 14:00:00, 1944-01-09 14:00:00, 0.788801, 0:00:00, 0.0 
1944-02-14 16:00:00, 1944-02-14 17:00:00, 0.870850, 1:00:00, 0.0 
1944-06-05 00:00:00, 1944-06-05 13:00:00, 3.660753, 13:00:00, 0.0 
1944-06-06 01:00:00, 1944-06-06 13:00:00, 1.694063, 12:00:00, 0.0 
1944-07-04 01:00:00, 1944-07-04 12:00:00, 1.805415, 11:00:00, 0.0 
1944-07-05 00:00:00, 1944-07-05 13:00:00, 3.445846, 13:00:00, 0.0 
1944-10-20 00:00:00, 1944-10-20 06:00:00, 18.238781, 6:00:00, 0.0 
1945-06-25 00:00:00, 1945-06-25 03:00:00, 3.432313, 3:00:00, 0.0 
1945-09-17 08:00:00, 1945-09-17 13:00:00, 14.795655, 5:00:00, 0.0 
1945-10-05 02:00:00, 1945-10-05 02:00:00, 0.778535, 0:00:00, 0.0 
1945-10-15 22:00:00, 1945-10-16 10:00:00, 1.831156, 12:00:00, 0.0 
1945-10-16 22:00:00, 1945-10-16 23:00:00, 0.846011, 1:00:00, 0.0 
1945-12-04 13:00:00, 1945-12-04 15:00:00, 1.963792, 2:00:00, 0.0 
1945-12-05 13:00:00, 1945-12-06 02:00:00, 4.260933, 13:00:00, 0.0 
1945-12-19 01:00:00, 1945-12-19 01:00:00, 0.798892, 0:00:00, 0.0 
1945-12-25 05:00:00, 1945-12-25 05:00:00, 0.716269, 0:00:00, 0.0 
1946-01-16 13:00:00, 1946-01-16 23:00:00, 1.910932, 10:00:00, 0.0 
1946-01-20 15:00:00, 1946-01-21 04:00:00, 2.617368, 13:00:00, 0.0 
1946-03-21 15:00:00, 1946-03-23 05:00:00, 10.565225, 1 day, 14:00:00, 0.0 
1946-04-01 00:00:00, 1946-04-01 14:00:00, 4.059931, 14:00:00, 0.0 
1946-10-08 00:00:00, 1946-10-08 13:00:00, 6.652438, 13:00:00, 0.0 
1946-10-09 01:00:00, 1946-10-09 01:00:00, 0.797867, 0:00:00, 0.0 
1946-11-06 23:00:00, 1946-11-07 00:00:00, 0.980356, 1:00:00, 0.0 
1946-12-20 11:00:00, 1946-12-20 12:00:00, 0.804937, 1:00:00, 0.0 
1947-02-20 12:00:00, 1947-02-20 14:00:00, 2.036201, 2:00:00, 0.0 
1947-06-01 01:00:00, 1947-06-01 01:00:00, 0.850369, 0:00:00, 0.0 
1947-06-05 02:00:00, 1947-06-05 03:00:00, 0.865401, 1:00:00, 0.0 
1947-06-22 04:00:00, 1947-06-23 18:00:00, 9.096107, 1 day, 14:00:00, 0.0 
1947-09-23 21:00:00, 1947-09-24 11:00:00, 6.212372, 14:00:00, 0.0 
1947-09-27 00:00:00, 1947-09-27 12:00:00, 1.864280, 12:00:00, 0.0 
1947-09-28 00:00:00, 1947-09-28 13:00:00, 3.643789, 13:00:00, 0.0 
1947-09-29 01:00:00, 1947-09-29 14:00:00, 3.056844, 13:00:00, 0.0 
1947-10-07 06:00:00, 1947-10-07 07:00:00, 0.863719, 1:00:00, 0.0 
1947-10-15 02:00:00, 1947-10-15 16:00:00, 12.475882, 14:00:00, 0.0 
1947-11-02 01:00:00, 1947-11-03 05:00:00, 25.365652, 1 day, 4:00:00, 0.0 
1947-11-11 14:00:00, 1947-11-11 14:00:00, 0.756319, 0:00:00, 0.0 
1947-11-14 16:00:00, 1947-11-15 03:00:00, 0.777495, 11:00:00, 0.0 
1947-11-19 05:00:00, 1947-11-19 05:00:00, 0.754178, 0:00:00, 0.0 
1947-12-12 15:00:00, 1947-12-13 02:00:00, 0.788372, 11:00:00, 0.0 
1947-12-13 14:00:00, 1947-12-13 15:00:00, 1.063328, 1:00:00, 0.0 
1947-12-14 15:00:00, 1947-12-15 17:00:00, 5.936506, 1 day, 2:00:00, 0.0 
1947-12-22 08:00:00, 1947-12-22 08:00:00, 0.833121, 0:00:00, 0.0 
1947-12-22 20:00:00, 1947-12-23 10:00:00, 3.392880, 14:00:00, 0.0 
1947-12-25 10:00:00, 1947-12-25 12:00:00, 2.233422, 2:00:00, 0.0 
1947-12-30 01:00:00, 1947-12-30 01:00:00, 0.754178, 0:00:00, 0.0 
1948-01-24 09:00:00, 1948-01-24 12:00:00, 2.998631, 3:00:00, 0.0 
1948-02-09 14:00:00, 1948-02-10 02:00:00, 3.296845, 12:00:00, 0.0 
1948-02-10 14:00:00, 1948-02-10 15:00:00, 0.958162, 1:00:00, 0.0 
1948-02-24 13:00:00, 1948-02-24 14:00:00, 0.942755, 1:00:00, 0.0 
1948-03-02 07:00:00, 1948-03-02 07:00:00, 0.794667, 0:00:00, 0.0 
1948-03-06 22:00:00, 1948-03-06 23:00:00, 1.100947, 1:00:00, 0.0 
1948-03-07 11:00:00, 1948-03-07 12:00:00, 0.784892, 1:00:00, 0.0 
1948-03-11 14:00:00, 1948-03-11 14:00:00, 0.798729, 0:00:00, 0.0 
1948-04-29 17:00:00, 1948-04-29 17:00:00, 0.850163, 0:00:00, 0.0 
1948-04-30 05:00:00, 1948-04-30 05:00:00, 0.807802, 0:00:00, 0.0 
1948-06-02 09:00:00, 1948-06-03 23:00:00, 7.817843, 1 day, 14:00:00, 0.0 
1948-07-09 15:00:00, 1948-07-09 16:00:00, 0.952287, 1:00:00, 0.0 
1948-07-10 04:00:00, 1948-07-10 04:00:00, 0.941298, 0:00:00, 0.0 
1948-09-23 18:00:00, 1948-09-23 18:00:00, 0.827535, 0:00:00, 0.0 
1948-10-27 23:00:00, 1948-10-27 23:00:00, 0.768488, 0:00:00, 0.0 
1949-01-31 15:00:00, 1949-01-31 16:00:00, 0.751697, 1:00:00, 0.0 
1949-02-27 14:00:00, 1949-02-28 02:00:00, 2.890909, 12:00:00, 0.0 
1949-04-05 16:00:00, 1949-04-05 17:00:00, 0.968292, 1:00:00, 0.0 
1949-05-14 03:00:00, 1949-05-14 15:00:00, 2.387040, 12:00:00, 0.0 
1949-05-17 04:00:00, 1949-05-17 05:00:00, 1.369856, 1:00:00, 0.0 
1949-06-02 04:00:00, 1949-06-02 17:00:00, 2.783556, 13:00:00, 0.0 
1949-06-03 05:00:00, 1949-06-04 08:00:00, 7.911522, 1 day, 3:00:00, 0.0 
1949-06-09 12:00:00, 1949-06-09 12:00:00, 0.812552, 0:00:00, 0.0 
1949-06-16 03:00:00, 1949-06-16 17:00:00, 4.917298, 14:00:00, 0.0 
1949-06-30 15:00:00, 1949-06-30 17:00:00, 1.720604, 2:00:00, 0.0 
1949-07-01 05:00:00, 1949-07-01 18:00:00, 2.317320, 13:00:00, 0.0 
1949-07-10 01:00:00, 1949-07-10 01:00:00, 0.904622, 0:00:00, 0.0 
1949-08-28 05:00:00, 1949-08-28 19:00:00, 3.423202, 14:00:00, 0.0 
1949-09-26 18:00:00, 1949-09-26 19:00:00, 1.342380, 1:00:00, 0.0 
1949-10-16 22:00:00, 1949-10-16 22:00:00, 0.795099, 0:00:00, 0.0 
1949-10-21 14:00:00, 1949-10-21 14:00:00, 0.837072, 0:00:00, 0.0 
1949-12-25 17:00:00, 1949-12-26 17:00:00, 4.353089, 1 day, 0:00:00, 0.0 
1949-12-29 08:00:00, 1949-12-29 09:00:00, 1.025072, 1:00:00, 0.0 
1950-03-07 04:00:00, 1950-03-07 16:00:00, 4.022866, 12:00:00, 0.0 
1950-03-08 04:00:00, 1950-03-08 04:00:00, 0.892840, 0:00:00, 0.0 
1950-03-08 16:00:00, 1950-03-08 16:00:00, 0.789547, 0:00:00, 0.0 
1950-05-21 04:00:00, 1950-05-21 04:00:00, 0.792634, 0:00:00, 0.0 
1950-09-06 22:00:00, 1950-09-08 00:00:00, 13.223769, 1 day, 2:00:00, 0.0 
1950-10-18 21:00:00, 1950-10-19 10:00:00, 4.858345, 13:00:00, 0.0 
1950-10-21 23:00:00, 1950-10-22 11:00:00, 1.648356, 12:00:00, 0.0 
1951-03-13 04:00:00, 1951-03-13 06:00:00, 2.111772, 2:00:00, 0.0 
1951-06-12 06:00:00, 1951-06-12 07:00:00, 0.710723, 1:00:00, 0.0 
1951-06-12 19:00:00, 1951-06-12 19:00:00, 0.799664, 0:00:00, 0.0 
1951-10-10 10:00:00, 1951-10-10 10:00:00, 0.939520, 0:00:00, 0.0 
1951-10-14 01:00:00, 1951-10-14 02:00:00, 0.918468, 1:00:00, 0.0 
1951-10-15 02:00:00, 1951-10-15 02:00:00, 0.786300, 0:00:00, 0.0 
1951-10-19 18:00:00, 1951-10-19 18:00:00, 0.734440, 0:00:00, 0.0 
1951-11-28 14:00:00, 1951-11-28 14:00:00, 0.860212, 0:00:00, 0.0 
1951-12-28 13:00:00, 1951-12-28 14:00:00, 0.962578, 1:00:00, 0.0 
1951-12-29 02:00:00, 1951-12-29 02:00:00, 0.713100, 0:00:00, 0.0 
1952-01-22 08:00:00, 1952-01-22 10:00:00, 1.777735, 2:00:00, 0.0 
1952-02-03 08:00:00, 1952-02-03 08:00:00, 0.735845, 0:00:00, 0.0 
1952-02-16 05:00:00, 1952-02-16 05:00:00, 0.801086, 0:00:00, 0.0 
1952-02-24 13:00:00, 1952-02-24 14:00:00, 0.808803, 1:00:00, 0.0 
1952-02-25 14:00:00, 1952-02-25 15:00:00, 0.851429, 1:00:00, 0.0 
1952-02-26 13:00:00, 1952-02-27 04:00:00, 8.583286, 15:00:00, 0.0 
1952-03-10 23:00:00, 1952-03-11 11:00:00, 2.469305, 12:00:00, 0.0 
1952-05-28 05:00:00, 1952-05-28 05:00:00, 0.808635, 0:00:00, 0.0 
1952-07-01 19:00:00, 1952-07-02 08:00:00, 2.794393, 13:00:00, 0.0 
1952-08-30 23:00:00, 1952-08-30 23:00:00, 0.796045, 0:00:00, 0.0 
1953-01-02 15:00:00, 1953-01-02 15:00:00, 0.817461, 0:00:00, 0.0 
1953-01-24 09:00:00, 1953-01-24 09:00:00, 0.908146, 0:00:00, 0.0 
1953-04-07 04:00:00, 1953-04-07 04:00:00, 0.730928, 0:00:00, 0.0 
1953-06-02 16:00:00, 1953-06-02 17:00:00, 0.781438, 1:00:00, 0.0 
1953-06-15 05:00:00, 1953-06-16 17:00:00, 8.178292, 1 day, 12:00:00, 0.0 
1953-07-12 02:00:00, 1953-07-12 02:00:00, 0.832501, 0:00:00, 0.0 
1953-07-13 03:00:00, 1953-07-13 04:00:00, 0.878899, 1:00:00, 0.0 
1953-09-19 23:00:00, 1953-09-20 00:00:00, 0.812700, 1:00:00, 0.0 
1953-09-23 02:00:00, 1953-09-23 02:00:00, 0.810186, 0:00:00, 0.0 
1953-09-23 15:00:00, 1953-09-23 15:00:00, 0.752123, 0:00:00, 0.0 
1953-09-24 03:00:00, 1953-09-24 03:00:00, 0.797440, 0:00:00, 0.0 
1953-10-06 01:00:00, 1953-10-06 01:00:00, 0.785936, 0:00:00, 0.0 
1953-10-09 03:00:00, 1953-10-09 03:00:00, 0.735681, 0:00:00, 0.0 
1953-11-10 16:00:00, 1953-11-10 16:00:00, 0.854445, 0:00:00, 0.0 
1954-02-05 15:00:00, 1954-02-05 16:00:00, 0.757273, 1:00:00, 0.0 
1954-02-25 04:00:00, 1954-02-25 04:00:00, 0.811944, 0:00:00, 0.0 
1954-02-28 08:00:00, 1954-02-28 08:00:00, 0.737202, 0:00:00, 0.0 
1954-04-10 08:00:00, 1954-04-10 08:00:00, 0.763653, 0:00:00, 0.0 
1954-04-30 10:00:00, 1954-04-30 12:00:00, 1.621664, 2:00:00, 0.0 
1954-06-18 13:00:00, 1954-06-22 06:00:00, 28.588936, 3 days, 17:00:00, 0.0 
1954-07-13 00:00:00, 1954-07-13 00:00:00, 0.859146, 0:00:00, 0.0 
1954-08-30 03:00:00, 1954-08-30 04:00:00, 1.051293, 1:00:00, 0.0 
1954-08-30 16:00:00, 1954-08-30 16:00:00, 0.781582, 0:00:00, 0.0 
1954-09-11 01:00:00, 1954-09-11 01:00:00, 0.786144, 0:00:00, 0.0 
1954-09-13 02:00:00, 1954-09-13 03:00:00, 0.909401, 1:00:00, 0.0 
1955-01-11 01:00:00, 1955-01-11 01:00:00, 0.730828, 0:00:00, 0.0 
1955-05-16 08:00:00, 1955-05-16 09:00:00, 0.906612, 1:00:00, 0.0 
1955-05-16 21:00:00, 1955-05-16 21:00:00, 0.815925, 0:00:00, 0.0 
1955-06-11 05:00:00, 1955-06-11 06:00:00, 1.050830, 1:00:00, 0.0 
1955-06-18 10:00:00, 1955-06-18 12:00:00, 1.925484, 2:00:00, 0.0 
1955-08-11 06:00:00, 1955-08-11 07:00:00, 1.110244, 1:00:00, 0.0 
1955-08-11 20:00:00, 1955-08-11 21:00:00, 0.745276, 1:00:00, 0.0 
1955-08-16 12:00:00, 1955-08-17 02:00:00, 4.209734, 14:00:00, 0.0 
1956-01-07 10:00:00, 1956-01-07 10:00:00, 0.726570, 0:00:00, 0.0 
1956-01-09 11:00:00, 1956-01-09 12:00:00, 0.835912, 1:00:00, 0.0 
1956-01-10 11:00:00, 1956-01-10 13:00:00, 2.044842, 2:00:00, 0.0 
1956-01-12 00:00:00, 1956-01-13 01:00:00, 6.343078, 1 day, 1:00:00, 0.0 
1956-01-13 14:00:00, 1956-01-13 14:00:00, 0.831147, 0:00:00, 0.0 
1956-01-19 16:00:00, 1956-01-19 17:00:00, 0.709931, 1:00:00, 0.0 
1956-01-24 08:00:00, 1956-01-24 11:00:00, 2.868203, 3:00:00, 0.0 
1956-04-11 02:00:00, 1956-04-11 03:00:00, 1.087874, 1:00:00, 0.0 
1956-05-08 23:00:00, 1956-05-09 13:00:00, 4.632611, 14:00:00, 0.0 
1956-05-25 01:00:00, 1956-05-25 14:00:00, 4.992987, 13:00:00, 0.0 
1956-05-26 03:00:00, 1956-05-26 03:00:00, 0.822120, 0:00:00, 0.0 
1956-06-08 11:00:00, 1956-06-08 13:00:00, 1.541498, 2:00:00, 0.0 
1956-06-20 10:00:00, 1956-06-20 11:00:00, 0.864677, 1:00:00, 0.0 
1956-06-21 01:00:00, 1956-06-21 01:00:00, 0.742346, 0:00:00, 0.0 
1956-10-16 12:00:00, 1956-10-16 12:00:00, 0.857363, 0:00:00, 0.0 
1956-10-17 00:00:00, 1956-10-17 01:00:00, 1.161561, 1:00:00, 0.0 
1956-10-17 13:00:00, 1956-10-17 13:00:00, 0.762225, 0:00:00, 0.0 
1956-10-26 07:00:00, 1956-10-26 07:00:00, 0.922607, 0:00:00, 0.0 
1956-10-29 10:00:00, 1956-10-29 11:00:00, 0.949742, 1:00:00, 0.0 
1956-11-03 15:00:00, 1956-11-03 15:00:00, 0.870756, 0:00:00, 0.0 
1956-11-04 03:00:00, 1956-11-04 03:00:00, 0.865796, 0:00:00, 0.0 
1956-11-04 16:00:00, 1956-11-04 16:00:00, 0.859307, 0:00:00, 0.0 
1957-02-12 09:00:00, 1957-02-12 09:00:00, 0.920596, 0:00:00, 0.0 
1957-03-04 15:00:00, 1957-03-05 16:00:00, 6.800426, 1 day, 1:00:00, 0.0 
1957-03-06 04:00:00, 1957-03-06 04:00:00, 0.831512, 0:00:00, 0.0 
1957-03-06 16:00:00, 1957-03-06 16:00:00, 0.773414, 0:00:00, 0.0 
1957-03-22 04:00:00, 1957-03-22 07:00:00, 3.092089, 3:00:00, 0.0 
1957-05-04 01:00:00, 1957-05-04 17:00:00, 8.348644, 16:00:00, 0.0 
1957-05-05 05:00:00, 1957-05-05 18:00:00, 2.718330, 13:00:00, 0.0 
1957-06-10 11:00:00, 1957-06-10 12:00:00, 0.991360, 1:00:00, 0.0 
1957-07-25 12:00:00, 1957-07-26 13:00:00, 6.432445, 1 day, 1:00:00, 0.0 
1957-08-07 00:00:00, 1957-08-07 11:00:00, 0.822883, 11:00:00, 0.0 
1957-08-23 00:00:00, 1957-08-23 00:00:00, 0.963508, 0:00:00, 0.0 
1957-08-23 12:00:00, 1957-08-23 12:00:00, 0.787462, 0:00:00, 0.0 
1957-08-24 01:00:00, 1957-08-24 13:00:00, 1.931726, 12:00:00, 0.0 
1957-09-28 17:00:00, 1957-09-29 07:00:00, 4.129403, 14:00:00, 0.0 
1958-01-07 14:00:00, 1958-01-07 14:00:00, 0.874064, 0:00:00, 0.0 
1958-01-08 02:00:00, 1958-01-08 03:00:00, 0.816853, 1:00:00, 0.0 
1958-01-08 15:00:00, 1958-01-08 16:00:00, 0.870077, 1:00:00, 0.0 
1958-01-13 08:00:00, 1958-01-13 08:00:00, 0.896702, 0:00:00, 0.0 
1958-01-24 15:00:00, 1958-01-24 17:00:00, 2.068868, 2:00:00, 0.0 
1958-03-08 03:00:00, 1958-03-08 03:00:00, 0.945342, 0:00:00, 0.0 
1958-04-04 11:00:00, 1958-04-04 14:00:00, 3.112124, 3:00:00, 0.0 
1958-04-05 02:00:00, 1958-04-05 02:00:00, 0.920741, 0:00:00, 0.0 
1958-04-06 03:00:00, 1958-04-06 14:00:00, 2.021743, 11:00:00, 0.0 
1958-04-15 21:00:00, 1958-04-16 01:00:00, 3.583219, 4:00:00, 0.0 
1958-06-08 04:00:00, 1958-06-08 05:00:00, 0.773333, 1:00:00, 0.0 
1958-10-07 22:00:00, 1958-10-08 10:00:00, 1.741467, 12:00:00, 0.0 
1958-10-08 23:00:00, 1958-10-08 23:00:00, 0.727417, 0:00:00, 0.0 
1958-10-21 09:00:00, 1958-10-21 09:00:00, 0.824154, 0:00:00, 0.0 
1958-12-27 02:00:00, 1958-12-27 02:00:00, 0.729825, 0:00:00, 0.0 
1958-12-27 14:00:00, 1958-12-28 16:00:00, 7.856462, 1 day, 2:00:00, 0.0 
1959-01-01 04:00:00, 1959-01-01 18:00:00, 4.940180, 14:00:00, 0.0 
1959-01-03 07:00:00, 1959-01-03 08:00:00, 0.756048, 1:00:00, 0.0 
1959-03-05 23:00:00, 1959-03-05 23:00:00, 0.784730, 0:00:00, 0.0 
1959-06-14 20:00:00, 1959-06-15 06:00:00, 0.795005, 10:00:00, 0.0 
1959-06-15 21:00:00, 1959-06-15 21:00:00, 0.782050, 0:00:00, 0.0 
1959-06-18 09:00:00, 1959-06-19 12:00:00, 10.396123, 1 day, 3:00:00, 0.0 
1959-07-08 02:00:00, 1959-07-08 15:00:00, 3.923145, 13:00:00, 0.0 
1959-07-09 04:00:00, 1959-07-09 04:00:00, 0.846825, 0:00:00, 0.0 
1959-09-29 09:00:00, 1959-09-30 00:00:00, 58.074686, 15:00:00, 0.0 
1959-10-22 03:00:00, 1959-10-22 03:00:00, 0.763638, 0:00:00, 0.0 
1959-10-22 16:00:00, 1959-10-22 18:00:00, 2.190046, 2:00:00, 0.0 
1959-10-23 18:00:00, 1959-10-23 18:00:00, 0.822927, 0:00:00, 0.0 
1959-12-04 17:00:00, 1959-12-04 18:00:00, 0.833041, 1:00:00, 0.0 
1959-12-24 08:00:00, 1959-12-24 09:00:00, 0.967480, 1:00:00, 0.0 
1959-12-25 09:00:00, 1959-12-25 10:00:00, 1.102933, 1:00:00, 0.0 
1959-12-26 10:00:00, 1959-12-26 11:00:00, 0.945283, 1:00:00, 0.0 
1960-01-30 03:00:00, 1960-01-30 03:00:00, 0.779966, 0:00:00, 0.0 
1960-01-30 16:00:00, 1960-01-31 17:00:00, 5.691628, 1 day, 1:00:00, 0.0 
1960-02-01 17:00:00, 1960-02-02 04:00:00, 1.615262, 11:00:00, 0.0 
1960-02-02 16:00:00, 1960-02-03 04:00:00, 1.702746, 12:00:00, 0.0 
1960-02-03 18:00:00, 1960-02-04 07:00:00, 2.916429, 13:00:00, 0.0 
1960-02-05 06:00:00, 1960-02-05 19:00:00, 4.840969, 13:00:00, 0.0 
1960-02-13 13:00:00, 1960-02-13 14:00:00, 0.948420, 1:00:00, 0.0 
1960-02-18 17:00:00, 1960-02-18 17:00:00, 0.887633, 0:00:00, 0.0 
1960-03-03 04:00:00, 1960-03-03 04:00:00, 0.773629, 0:00:00, 0.0 
1960-03-16 14:00:00, 1960-03-16 15:00:00, 1.305246, 1:00:00, 0.0 
1960-06-08 22:00:00, 1960-06-10 15:00:00, 15.690378, 1 day, 17:00:00, 0.0 
1960-07-09 02:00:00, 1960-07-09 02:00:00, 0.879507, 0:00:00, 0.0 
1960-07-09 14:00:00, 1960-07-09 14:00:00, 0.858143, 0:00:00, 0.0 
1960-07-29 16:00:00, 1960-07-29 16:00:00, 0.884663, 0:00:00, 0.0 
1960-09-11 17:00:00, 1960-09-11 21:00:00, 7.089424, 4:00:00, 0.0 
1960-09-23 15:00:00, 1960-09-23 16:00:00, 0.850752, 1:00:00, 0.0 
1960-09-24 04:00:00, 1960-09-24 04:00:00, 1.046683, 0:00:00, 0.0 
1960-09-24 16:00:00, 1960-09-25 05:00:00, 2.747026, 13:00:00, 0.0 
1960-09-25 17:00:00, 1960-09-25 18:00:00, 0.824523, 1:00:00, 0.0 
1960-09-26 19:00:00, 1960-09-26 19:00:00, 0.781402, 0:00:00, 0.0 
1960-09-29 08:00:00, 1960-09-29 08:00:00, 0.845326, 0:00:00, 0.0 
1960-10-28 09:00:00, 1960-10-28 09:00:00, 0.737202, 0:00:00, 0.0 
1961-01-14 09:00:00, 1961-01-14 12:00:00, 3.169739, 3:00:00, 0.0 
1961-02-03 02:00:00, 1961-02-03 16:00:00, 3.538090, 14:00:00, 0.0 
1961-02-07 17:00:00, 1961-02-07 17:00:00, 0.750498, 0:00:00, 0.0 
1961-03-18 00:00:00, 1961-03-18 00:00:00, 0.850850, 0:00:00, 0.0 
1961-04-12 23:00:00, 1961-04-12 23:00:00, 1.013117, 0:00:00, 0.0 
1961-04-15 23:00:00, 1961-04-16 00:00:00, 1.094205, 1:00:00, 0.0 
1961-06-17 04:00:00, 1961-06-17 05:00:00, 0.974193, 1:00:00, 0.0 
1961-06-18 04:00:00, 1961-06-18 05:00:00, 0.783878, 1:00:00, 0.0 
1961-06-19 05:00:00, 1961-06-19 06:00:00, 0.791944, 1:00:00, 0.0 
1961-08-19 18:00:00, 1961-08-19 20:00:00, 1.818153, 2:00:00, 0.0 
1961-08-20 08:00:00, 1961-08-20 08:00:00, 0.867522, 0:00:00, 0.0 
1961-09-18 21:00:00, 1961-09-18 21:00:00, 0.762453, 0:00:00, 0.0 
1961-10-24 02:00:00, 1961-10-24 02:00:00, 0.819700, 0:00:00, 0.0 
1962-02-16 10:00:00, 1962-02-16 12:00:00, 1.609040, 2:00:00, 0.0 
1962-02-26 06:00:00, 1962-02-26 06:00:00, 0.818268, 0:00:00, 0.0 
1962-03-02 09:00:00, 1962-03-02 22:00:00, 3.596930, 13:00:00, 0.0 
1962-03-03 10:00:00, 1962-03-05 12:00:00, 14.513057, 2 days, 2:00:00, 0.0 
1962-03-08 00:00:00, 1962-03-12 07:00:00, 49.205266, 4 days, 7:00:00, 0.0 
1962-06-08 05:00:00, 1962-06-08 05:00:00, 0.813764, 0:00:00, 0.0 
1962-06-08 17:00:00, 1962-06-08 17:00:00, 0.778764, 0:00:00, 0.0 
1962-06-28 20:00:00, 1962-06-29 12:00:00, 4.694929, 16:00:00, 0.0 
1962-07-05 15:00:00, 1962-07-05 15:00:00, 0.818244, 0:00:00, 0.0 
1962-10-19 07:00:00, 1962-10-19 07:00:00, 0.773232, 0:00:00, 0.0 
1962-11-27 14:00:00, 1962-11-27 15:00:00, 1.382348, 1:00:00, 0.0 
1962-11-28 14:00:00, 1962-11-28 15:00:00, 0.999595, 1:00:00, 0.0 
1962-11-29 03:00:00, 1962-12-01 04:00:00, 13.933812, 2 days, 1:00:00, 0.0 
1962-12-01 16:00:00, 1962-12-01 18:00:00, 2.134576, 2:00:00, 0.0 
1962-12-03 05:00:00, 1962-12-03 19:00:00, 3.590330, 14:00:00, 0.0 
1962-12-29 15:00:00, 1962-12-29 16:00:00, 1.042922, 1:00:00, 0.0 
1963-01-07 09:00:00, 1963-01-09 01:00:00, 15.650627, 1 day, 16:00:00, 0.0 
1963-01-12 02:00:00, 1963-01-12 02:00:00, 1.277601, 0:00:00, 0.0 
1963-02-04 08:00:00, 1963-02-07 00:00:00, 18.651779, 2 days, 16:00:00, 0.0 
1963-02-09 00:00:00, 1963-02-10 14:00:00, 10.666886, 1 day, 14:00:00, 0.0 
1963-02-11 02:00:00, 1963-02-11 02:00:00, 0.735145, 0:00:00, 0.0 
1963-05-13 04:00:00, 1963-05-13 05:00:00, 0.991705, 1:00:00, 0.0 
1963-05-24 14:00:00, 1963-05-24 14:00:00, 0.792285, 0:00:00, 0.0 
1963-09-23 18:00:00, 1963-09-23 18:00:00, 0.813440, 0:00:00, 0.0 
1963-09-24 06:00:00, 1963-09-24 06:00:00, 0.813682, 0:00:00, 0.0 
1963-09-24 19:00:00, 1963-09-24 19:00:00, 0.794057, 0:00:00, 0.0 
1963-09-25 19:00:00, 1963-09-26 07:00:00, 3.365377, 12:00:00, 0.0 
1963-09-26 20:00:00, 1963-09-26 21:00:00, 0.916508, 1:00:00, 0.0 
1963-10-24 18:00:00, 1963-10-25 08:00:00, 5.635649, 14:00:00, 0.0 
1963-12-23 06:00:00, 1963-12-23 06:00:00, 0.740543, 0:00:00, 0.0 
1963-12-31 02:00:00, 1963-12-31 02:00:00, 0.769067, 0:00:00, 0.0 
1963-12-31 15:00:00, 1964-01-01 04:00:00, 10.002852, 13:00:00, 0.0 
1964-01-12 10:00:00, 1964-01-12 13:00:00, 2.785287, 3:00:00, 0.0 
1964-01-17 14:00:00, 1964-01-18 03:00:00, 2.477960, 13:00:00, 0.0 
1964-02-18 15:00:00, 1964-02-18 17:00:00, 2.509903, 2:00:00, 0.0 
1964-02-28 12:00:00, 1964-02-28 15:00:00, 3.013352, 3:00:00, 0.0 
1964-04-26 02:00:00, 1964-04-26 02:00:00, 0.817848, 0:00:00, 0.0 
1964-05-03 03:00:00, 1964-05-03 18:00:00, 9.039698, 15:00:00, 0.0 
1964-05-04 06:00:00, 1964-05-05 08:00:00, 10.178178, 1 day, 2:00:00, 0.0 
1964-05-05 20:00:00, 1964-05-05 20:00:00, 0.865439, 0:00:00, 0.0 
1964-05-06 09:00:00, 1964-05-06 09:00:00, 0.762099, 0:00:00, 0.0 
1964-06-07 09:00:00, 1964-06-07 11:00:00, 2.138719, 2:00:00, 0.0 
1964-06-08 00:00:00, 1964-06-08 12:00:00, 2.598226, 12:00:00, 0.0 
1964-06-12 14:00:00, 1964-06-12 14:00:00, 0.810580, 0:00:00, 0.0 
1964-06-30 05:00:00, 1964-06-30 05:00:00, 0.797825, 0:00:00, 0.0 
1964-08-29 03:00:00, 1964-08-29 07:00:00, 5.727688, 4:00:00, 0.0 
1964-09-09 03:00:00, 1964-09-10 05:00:00, 9.558426, 1 day, 2:00:00, 0.0 
1964-09-13 04:00:00, 1964-09-13 04:00:00, 0.851972, 0:00:00, 0.0 
1964-09-23 14:00:00, 1964-09-24 04:00:00, 3.597624, 14:00:00, 0.0 
1964-10-07 16:00:00, 1964-10-07 16:00:00, 0.792723, 0:00:00, 0.0 
1964-10-08 04:00:00, 1964-10-08 04:00:00, 0.776745, 0:00:00, 0.0 
1964-10-08 16:00:00, 1964-10-08 17:00:00, 0.855465, 1:00:00, 0.0 
1964-10-15 22:00:00, 1964-10-16 10:00:00, 2.752649, 12:00:00, 0.0 
1964-11-02 13:00:00, 1964-11-02 13:00:00, 0.937612, 0:00:00, 0.0 
1964-11-03 01:00:00, 1964-11-03 01:00:00, 0.803843, 0:00:00, 0.0 
1964-11-25 06:00:00, 1964-11-25 06:00:00, 0.787621, 0:00:00, 0.0 
1965-01-16 00:00:00, 1965-01-16 00:00:00, 0.772243, 0:00:00, 0.0 
1965-02-14 11:00:00, 1965-02-15 01:00:00, 5.074800, 14:00:00, 0.0 
1965-02-20 15:00:00, 1965-02-21 04:00:00, 1.593061, 13:00:00, 0.0 
1965-02-21 16:00:00, 1965-02-21 17:00:00, 0.742976, 1:00:00, 0.0 
1965-02-24 07:00:00, 1965-02-24 08:00:00, 0.728384, 1:00:00, 0.0 
1965-02-25 07:00:00, 1965-02-25 08:00:00, 0.990670, 1:00:00, 0.0 
1965-04-01 12:00:00, 1965-04-01 14:00:00, 1.956292, 2:00:00, 0.0 
1965-04-10 19:00:00, 1965-04-10 20:00:00, 0.808427, 1:00:00, 0.0 
1965-07-02 14:00:00, 1965-07-02 15:00:00, 0.879645, 1:00:00, 0.0 
1965-07-21 19:00:00, 1965-07-21 19:00:00, 0.753449, 0:00:00, 0.0 
1965-07-22 07:00:00, 1965-07-22 07:00:00, 0.761875, 0:00:00, 0.0 
1965-07-30 02:00:00, 1965-07-30 02:00:00, 1.004967, 0:00:00, 0.0 
1965-09-08 01:00:00, 1965-09-08 01:00:00, 0.866709, 0:00:00, 0.0 
1965-10-19 22:00:00, 1965-10-19 22:00:00, 0.830079, 0:00:00, 0.0 
1965-11-12 15:00:00, 1965-11-12 16:00:00, 0.858068, 1:00:00, 0.0 
1965-12-19 23:00:00, 1965-12-21 00:00:00, 4.916141, 1 day, 1:00:00, 0.0 
1966-01-05 13:00:00, 1966-01-06 00:00:00, 1.638281, 11:00:00, 0.0 
1966-01-15 09:00:00, 1966-01-15 21:00:00, 3.808466, 12:00:00, 0.0 
1966-01-22 11:00:00, 1966-01-22 16:00:00, 7.613053, 5:00:00, 0.0 
1966-01-25 14:00:00, 1966-01-25 14:00:00, 0.736693, 0:00:00, 0.0 
1966-01-26 03:00:00, 1966-01-26 04:00:00, 1.056422, 1:00:00, 0.0 
1966-01-26 16:00:00, 1966-01-26 17:00:00, 1.211310, 1:00:00, 0.0 
1966-01-29 17:00:00, 1966-01-29 18:00:00, 0.999032, 1:00:00, 0.0 
1966-02-23 16:00:00, 1966-02-23 16:00:00, 0.733531, 0:00:00, 0.0 
1966-02-24 04:00:00, 1966-02-24 04:00:00, 0.715596, 0:00:00, 0.0 
1966-02-24 16:00:00, 1966-02-24 16:00:00, 0.726413, 0:00:00, 0.0 
1966-03-16 08:00:00, 1966-03-17 11:00:00, 6.144963, 1 day, 3:00:00, 0.0 
1966-05-23 14:00:00, 1966-05-24 15:00:00, 5.985448, 1 day, 1:00:00, 0.0 
1966-06-01 10:00:00, 1966-06-01 12:00:00, 1.575214, 2:00:00, 0.0 
1966-06-20 13:00:00, 1966-06-20 14:00:00, 0.759619, 1:00:00, 0.0 
1966-06-21 02:00:00, 1966-06-21 15:00:00, 3.378324, 13:00:00, 0.0 
1966-06-22 15:00:00, 1966-06-22 16:00:00, 0.755000, 1:00:00, 0.0 
1966-07-22 15:00:00, 1966-07-22 15:00:00, 0.753729, 0:00:00, 0.0 
1966-11-22 09:00:00, 1966-11-22 09:00:00, 0.767545, 0:00:00, 0.0 
1966-11-22 22:00:00, 1966-11-22 22:00:00, 0.763018, 0:00:00, 0.0 
1966-11-23 10:00:00, 1966-11-23 11:00:00, 0.843332, 1:00:00, 0.0 
1966-12-13 02:00:00, 1966-12-13 02:00:00, 0.756753, 0:00:00, 0.0 
1966-12-13 15:00:00, 1966-12-13 15:00:00, 0.857862, 0:00:00, 0.0 
1966-12-19 18:00:00, 1966-12-19 18:00:00, 0.759323, 0:00:00, 0.0 
1967-02-06 23:00:00, 1967-02-07 10:00:00, 0.787165, 11:00:00, 0.0 
1967-02-09 14:00:00, 1967-02-10 12:00:00, 4.425789, 22:00:00, 0.0 
1967-05-23 01:00:00, 1967-05-23 01:00:00, 0.906016, 0:00:00, 0.0 
1967-05-24 01:00:00, 1967-05-24 14:00:00, 2.669751, 13:00:00, 0.0 
1967-06-14 19:00:00, 1967-06-16 05:00:00, 4.780546, 1 day, 10:00:00, 0.0 
1967-06-16 21:00:00, 1967-06-17 09:00:00, 3.381658, 12:00:00, 0.0 
1967-12-28 08:00:00, 1967-12-28 13:00:00, 6.153156, 5:00:00, 0.0 
1967-12-31 14:00:00, 1968-01-01 01:00:00, 1.721307, 11:00:00, 0.0 
1968-01-02 13:00:00, 1968-01-03 15:00:00, 8.618275, 1 day, 2:00:00, 0.0 
1968-01-13 10:00:00, 1968-01-13 13:00:00, 2.828532, 3:00:00, 0.0 
1968-01-24 08:00:00, 1968-01-24 08:00:00, 0.784253, 0:00:00, 0.0 
1968-01-25 07:00:00, 1968-01-25 11:00:00, 4.006538, 4:00:00, 0.0 
1968-01-26 08:00:00, 1968-01-26 10:00:00, 1.691015, 2:00:00, 0.0 
1968-01-28 10:00:00, 1968-01-28 10:00:00, 0.799721, 0:00:00, 0.0 
1968-01-28 23:00:00, 1968-01-29 00:00:00, 0.734590, 1:00:00, 0.0 
1968-02-01 01:00:00, 1968-02-02 17:00:00, 12.723325, 1 day, 16:00:00, 0.0 
1968-02-03 16:00:00, 1968-02-03 16:00:00, 0.735257, 0:00:00, 0.0 
1968-02-07 07:00:00, 1968-02-07 08:00:00, 0.924016, 1:00:00, 0.0 
1968-02-08 07:00:00, 1968-02-08 09:00:00, 2.531649, 2:00:00, 0.0 
1968-02-09 09:00:00, 1968-02-09 10:00:00, 0.800863, 1:00:00, 0.0 
1968-02-24 11:00:00, 1968-02-24 11:00:00, 0.775116, 0:00:00, 0.0 
1968-02-25 09:00:00, 1968-02-25 09:00:00, 0.857183, 0:00:00, 0.0 
1968-02-29 12:00:00, 1968-02-29 14:00:00, 2.110589, 2:00:00, 0.0 
1968-06-06 09:00:00, 1968-06-06 09:00:00, 0.793759, 0:00:00, 0.0 
1968-06-06 22:00:00, 1968-06-07 10:00:00, 1.793102, 12:00:00, 0.0 
1968-08-28 17:00:00, 1968-08-28 18:00:00, 0.991556, 1:00:00, 0.0 
1968-08-29 06:00:00, 1968-08-30 06:00:00, 3.531967, 1 day, 0:00:00, 0.0 
1968-08-30 18:00:00, 1968-08-31 08:00:00, 5.343616, 14:00:00, 0.0 
1968-08-31 20:00:00, 1968-09-01 07:00:00, 1.626523, 11:00:00, 0.0 
1968-11-10 02:00:00, 1968-11-10 03:00:00, 0.913061, 1:00:00, 0.0 
1969-02-15 23:00:00, 1969-02-16 15:00:00, 11.527785, 16:00:00, 0.0 
1969-02-20 15:00:00, 1969-02-20 15:00:00, 0.802499, 0:00:00, 0.0 
1969-02-21 15:00:00, 1969-02-23 07:00:00, 14.049965, 1 day, 16:00:00, 0.0 
1969-03-01 09:00:00, 1969-03-01 11:00:00, 2.187453, 2:00:00, 0.0 
1969-03-03 11:00:00, 1969-03-05 02:00:00, 12.041211, 1 day, 15:00:00, 0.0 
1969-03-05 15:00:00, 1969-03-05 15:00:00, 0.762712, 0:00:00, 0.0 
1969-03-06 13:00:00, 1969-03-06 15:00:00, 1.904311, 2:00:00, 0.0 
1969-03-07 03:00:00, 1969-03-07 04:00:00, 1.196608, 1:00:00, 0.0 
1969-10-01 03:00:00, 1969-10-01 06:00:00, 1.829175, 3:00:00, 0.0 
1969-10-31 17:00:00, 1969-11-01 21:00:00, 14.785057, 1 day, 4:00:00, 0.0 
1969-12-07 11:00:00, 1969-12-07 13:00:00, 2.169574, 2:00:00, 0.0 
1969-12-10 13:00:00, 1969-12-10 16:00:00, 2.613209, 3:00:00, 0.0 
1969-12-26 02:00:00, 1969-12-26 02:00:00, 0.759189, 0:00:00, 0.0 
1970-03-09 03:00:00, 1970-03-10 04:00:00, 7.719885, 1 day, 1:00:00, 0.0 
1970-03-31 07:00:00, 1970-03-31 09:00:00, 1.879003, 2:00:00, 0.0 
1970-05-30 07:00:00, 1970-05-30 21:00:00, 4.086225, 14:00:00, 0.0 
1970-06-14 22:00:00, 1970-06-15 09:00:00, 1.607008, 11:00:00, 0.0 
1970-06-28 19:00:00, 1970-06-28 19:00:00, 0.875691, 0:00:00, 0.0 
1970-06-29 10:00:00, 1970-06-29 10:00:00, 0.792308, 0:00:00, 0.0 
1970-10-28 00:00:00, 1970-10-28 00:00:00, 0.803186, 0:00:00, 0.0 
1970-10-28 13:00:00, 1970-10-29 01:00:00, 2.732603, 12:00:00, 0.0 
1970-10-29 14:00:00, 1970-10-29 14:00:00, 0.794911, 0:00:00, 0.0 
1970-10-30 13:00:00, 1970-10-31 16:00:00, 9.408753, 1 day, 3:00:00, 0.0 
1970-12-16 13:00:00, 1970-12-17 03:00:00, 5.037025, 14:00:00, 0.0 
1970-12-29 00:00:00, 1970-12-29 01:00:00, 0.834835, 1:00:00, 0.0 
1970-12-29 13:00:00, 1970-12-29 13:00:00, 0.874290, 0:00:00, 0.0 
1970-12-30 16:00:00, 1970-12-31 17:00:00, 9.082834, 1 day, 1:00:00, 0.0 
1971-03-26 01:00:00, 1971-03-26 02:00:00, 0.943341, 1:00:00, 0.0 
1971-08-17 09:00:00, 1971-08-17 09:00:00, 0.761691, 0:00:00, 0.0 
1971-10-19 15:00:00, 1971-10-22 17:00:00, 27.853469, 3 days, 2:00:00, 0.0 
1971-11-24 15:00:00, 1971-11-24 19:00:00, 2.928806, 4:00:00, 0.0 
1971-12-03 13:00:00, 1971-12-06 04:00:00, 22.022822, 2 days, 15:00:00, 0.0 
1971-12-22 17:00:00, 1971-12-24 06:00:00, 7.032063, 1 day, 13:00:00, 0.0 
1972-01-06 16:00:00, 1972-01-06 16:00:00, 0.784920, 0:00:00, 0.0 
1972-02-02 02:00:00, 1972-02-02 02:00:00, 0.888140, 0:00:00, 0.0 
1972-02-03 14:00:00, 1972-02-03 17:00:00, 3.273299, 3:00:00, 0.0 
1972-03-31 13:00:00, 1972-03-31 13:00:00, 0.815289, 0:00:00, 0.0 
1972-05-27 01:00:00, 1972-05-28 03:00:00, 7.538409, 1 day, 2:00:00, 0.0 
1972-06-07 19:00:00, 1972-06-08 20:00:00, 4.234264, 1 day, 1:00:00, 0.0 
1972-06-11 11:00:00, 1972-06-11 11:00:00, 0.867881, 0:00:00, 0.0 
1972-06-19 21:00:00, 1972-06-20 22:00:00, 5.411830, 1 day, 1:00:00, 0.0 
1972-11-16 22:00:00, 1972-11-16 22:00:00, 0.983180, 0:00:00, 0.0 
1972-11-30 10:00:00, 1972-11-30 10:00:00, 0.879543, 0:00:00, 0.0 
1972-12-25 16:00:00, 1972-12-26 18:00:00, 5.885678, 1 day, 2:00:00, 0.0 
1972-12-30 10:00:00, 1972-12-30 10:00:00, 0.797460, 0:00:00, 0.0 
1973-01-03 10:00:00, 1973-01-03 14:00:00, 3.934882, 4:00:00, 0.0 
1973-01-07 15:00:00, 1973-01-09 04:00:00, 9.659479, 1 day, 13:00:00, 0.0 
1973-01-11 18:00:00, 1973-01-11 18:00:00, 0.888747, 0:00:00, 0.0 
1973-01-21 15:00:00, 1973-01-22 15:00:00, 7.572297, 1 day, 0:00:00, 0.0 
1973-02-09 17:00:00, 1973-02-15 09:00:00, 46.064261, 5 days, 16:00:00, 0.0 
1973-02-20 01:00:00, 1973-02-20 01:00:00, 0.818239, 0:00:00, 0.0 
1973-02-20 14:00:00, 1973-02-20 16:00:00, 0.789771, 2:00:00, 0.0 
1973-03-17 10:00:00, 1973-03-17 10:00:00, 0.807848, 0:00:00, 0.0 
1973-03-25 05:00:00, 1973-03-25 06:00:00, 0.850280, 1:00:00, 0.0 
1973-03-26 05:00:00, 1973-03-26 06:00:00, 0.878858, 1:00:00, 0.0 
1973-03-29 08:00:00, 1973-03-29 10:00:00, 1.867520, 2:00:00, 0.0 
1973-03-30 08:00:00, 1973-03-30 10:00:00, 1.698176, 2:00:00, 0.0 
1973-06-05 06:00:00, 1973-06-05 06:00:00, 0.862094, 0:00:00, 0.0 
1973-06-06 07:00:00, 1973-06-06 07:00:00, 0.883995, 0:00:00, 0.0 
1973-06-08 21:00:00, 1973-06-08 22:00:00, 1.401274, 1:00:00, 0.0 
1973-10-25 14:00:00, 1973-10-25 14:00:00, 0.975538, 0:00:00, 0.0 
1974-02-06 10:00:00, 1974-02-07 02:00:00, 7.583573, 16:00:00, 0.0 
1974-02-08 12:00:00, 1974-02-08 12:00:00, 0.808962, 0:00:00, 0.0 
1974-02-16 08:00:00, 1974-02-16 10:00:00, 2.469708, 2:00:00, 0.0 
1974-02-18 23:00:00, 1974-02-19 13:00:00, 4.369889, 14:00:00, 0.0 
1974-03-26 13:00:00, 1974-03-26 13:00:00, 1.135134, 0:00:00, 0.0 
1974-05-21 01:00:00, 1974-05-22 02:00:00, 5.612401, 1 day, 1:00:00, 0.0 
1974-05-24 05:00:00, 1974-05-24 05:00:00, 1.106715, 0:00:00, 0.0 
1974-06-05 02:00:00, 1974-06-05 03:00:00, 0.760104, 1:00:00, 0.0 
1974-06-25 06:00:00, 1974-06-26 06:00:00, 5.265011, 1 day, 0:00:00, 0.0 
1974-06-27 08:00:00, 1974-06-27 08:00:00, 0.828856, 0:00:00, 0.0 
1974-07-12 17:00:00, 1974-07-12 19:00:00, 1.893711, 2:00:00, 0.0 
1974-07-22 01:00:00, 1974-07-22 04:00:00, 3.341636, 3:00:00, 0.0 
1974-11-11 12:00:00, 1974-11-12 00:00:00, 1.840305, 12:00:00, 0.0 
1974-12-01 02:00:00, 1974-12-01 02:00:00, 0.864348, 0:00:00, 0.0 
1974-12-16 01:00:00, 1974-12-16 03:00:00, 1.921314, 2:00:00, 0.0 
1975-02-04 08:00:00, 1975-02-04 09:00:00, 1.043478, 1:00:00, 0.0 
1975-02-10 14:00:00, 1975-02-10 14:00:00, 0.815964, 0:00:00, 0.0 
1975-03-19 04:00:00, 1975-03-19 06:00:00, 2.658346, 2:00:00, 0.0 
1975-05-08 21:00:00, 1975-05-08 21:00:00, 0.848232, 0:00:00, 0.0 
1975-05-30 04:00:00, 1975-05-30 06:00:00, 1.709816, 2:00:00, 0.0 
1975-06-11 02:00:00, 1975-06-11 15:00:00, 3.733827, 13:00:00, 0.0 
1975-06-22 01:00:00, 1975-06-22 01:00:00, 0.850377, 0:00:00, 0.0 
1975-06-29 16:00:00, 1975-06-30 18:00:00, 4.939139, 1 day, 2:00:00, 0.0 
1975-07-01 17:00:00, 1975-07-02 06:00:00, 2.589042, 13:00:00, 0.0 
1975-07-02 18:00:00, 1975-07-02 20:00:00, 1.702563, 2:00:00, 0.0 
1976-05-24 10:00:00, 1976-05-24 10:00:00, 0.741239, 0:00:00, 0.0 
1976-05-25 09:00:00, 1976-05-25 11:00:00, 1.606866, 2:00:00, 0.0 
1976-05-26 00:00:00, 1976-05-26 00:00:00, 0.775672, 0:00:00, 0.0 
1976-05-28 02:00:00, 1976-05-29 13:00:00, 9.327547, 1 day, 11:00:00, 0.0 
1976-06-05 07:00:00, 1976-06-05 07:00:00, 0.835802, 0:00:00, 0.0 
1976-06-05 19:00:00, 1976-06-06 08:00:00, 3.371864, 13:00:00, 0.0 
1976-06-06 20:00:00, 1976-06-07 22:00:00, 5.107033, 1 day, 2:00:00, 0.0 
1976-06-30 00:00:00, 1976-06-30 00:00:00, 0.750456, 0:00:00, 0.0 
1976-08-20 21:00:00, 1976-08-20 23:00:00, 2.327510, 2:00:00, 0.0 
1976-09-14 16:00:00, 1976-09-14 19:00:00, 3.416940, 3:00:00, 0.0 
1976-12-06 14:00:00, 1976-12-07 02:00:00, 2.822694, 12:00:00, 0.0 
1977-01-09 16:00:00, 1977-01-09 16:00:00, 0.805200, 0:00:00, 0.0 
1977-01-10 04:00:00, 1977-01-10 04:00:00, 0.804863, 0:00:00, 0.0 
1977-03-17 22:00:00, 1977-03-17 22:00:00, 0.778770, 0:00:00, 0.0 
1977-03-22 03:00:00, 1977-03-22 04:00:00, 0.822204, 1:00:00, 0.0 
1977-05-23 16:00:00, 1977-05-24 06:00:00, 5.954250, 14:00:00, 0.0 
1977-05-27 21:00:00, 1977-05-27 21:00:00, 0.768900, 0:00:00, 0.0 
1977-05-28 21:00:00, 1977-05-28 22:00:00, 0.834102, 1:00:00, 0.0 
1977-05-29 10:00:00, 1977-05-29 10:00:00, 0.775838, 0:00:00, 0.0 
1977-06-01 00:00:00, 1977-06-01 11:00:00, 2.525978, 11:00:00, 0.0 
1977-06-02 14:00:00, 1977-06-02 14:00:00, 0.786212, 0:00:00, 0.0 
1977-06-07 16:00:00, 1977-06-08 05:00:00, 2.799480, 13:00:00, 0.0 
1977-06-08 20:00:00, 1977-06-08 20:00:00, 0.754698, 0:00:00, 0.0 
1977-07-23 16:00:00, 1977-07-23 18:00:00, 0.855816, 2:00:00, 0.0 
1977-07-28 12:00:00, 1977-07-28 12:00:00, 0.769614, 0:00:00, 0.0 
1977-11-01 05:00:00, 1977-11-01 05:00:00, 0.844535, 0:00:00, 0.0 
1977-11-01 17:00:00, 1977-11-02 19:00:00, 5.533086, 1 day, 2:00:00, 0.0 
1977-11-26 00:00:00, 1977-11-26 02:00:00, 1.572969, 2:00:00, 0.0 
1977-12-20 21:00:00, 1977-12-21 08:00:00, 1.543455, 11:00:00, 0.0 
1978-01-25 12:00:00, 1978-01-25 12:00:00, 0.840324, 0:00:00, 0.0 
1978-01-26 01:00:00, 1978-01-26 02:00:00, 0.755872, 1:00:00, 0.0 
1978-02-09 15:00:00, 1978-02-09 16:00:00, 0.951424, 1:00:00, 0.0 
1978-02-10 16:00:00, 1978-02-11 15:00:00, 4.457613, 23:00:00, 0.0 
1978-02-19 09:00:00, 1978-02-19 09:00:00, 0.751076, 0:00:00, 0.0 
1978-02-27 16:00:00, 1978-02-27 16:00:00, 0.775174, 0:00:00, 0.0 
1978-03-01 05:00:00, 1978-03-01 06:00:00, 0.793613, 1:00:00, 0.0 
1978-03-03 06:00:00, 1978-03-03 19:00:00, 5.083839, 13:00:00, 0.0 
1978-03-10 00:00:00, 1978-03-10 03:00:00, 3.454845, 3:00:00, 0.0 
1978-05-04 11:00:00, 1978-05-04 11:00:00, 0.837987, 0:00:00, 0.0 
1978-07-06 03:00:00, 1978-07-06 14:00:00, 1.566332, 11:00:00, 0.0 
1979-01-21 06:00:00, 1979-01-21 07:00:00, 1.051117, 1:00:00, 0.0 
1979-01-24 08:00:00, 1979-01-24 10:00:00, 1.880108, 2:00:00, 0.0 
1979-02-18 16:00:00, 1979-02-18 17:00:00, 0.926091, 1:00:00, 0.0 
1979-04-25 22:00:00, 1979-04-26 03:00:00, 6.375783, 5:00:00, 0.0 
1979-06-12 13:00:00, 1979-06-13 04:00:00, 6.010911, 15:00:00, 0.0 
1979-06-14 15:00:00, 1979-06-14 17:00:00, 1.843653, 2:00:00, 0.0 
1979-06-15 05:00:00, 1979-06-15 06:00:00, 0.971423, 1:00:00, 0.0 
1979-06-16 06:00:00, 1979-06-16 07:00:00, 1.011432, 1:00:00, 0.0 
1979-06-27 03:00:00, 1979-06-27 04:00:00, 0.981241, 1:00:00, 0.0 
1979-09-04 12:00:00, 1979-09-05 02:00:00, 17.656688, 14:00:00, 0.0 
1979-12-30 09:00:00, 1979-12-30 09:00:00, 0.829597, 0:00:00, 0.0 
1979-12-31 09:00:00, 1979-12-31 09:00:00, 0.823823, 0:00:00, 0.0 
1980-01-05 03:00:00, 1980-01-05 03:00:00, 0.741474, 0:00:00, 0.0 
1980-01-11 07:00:00, 1980-01-11 07:00:00, 0.878796, 0:00:00, 0.0 
1980-01-13 10:00:00, 1980-01-13 10:00:00, 0.871877, 0:00:00, 0.0 
1980-01-14 08:00:00, 1980-01-14 11:00:00, 3.551608, 3:00:00, 0.0 
1980-01-16 23:00:00, 1980-01-19 01:00:00, 16.548618, 2 days, 2:00:00, 0.0 
1980-01-19 14:00:00, 1980-01-21 03:00:00, 8.069383, 1 day, 13:00:00, 0.0 
1980-01-21 15:00:00, 1980-01-21 15:00:00, 0.871513, 0:00:00, 0.0 
1980-01-22 03:00:00, 1980-01-22 16:00:00, 2.833350, 13:00:00, 0.0 
1980-01-27 08:00:00, 1980-01-27 08:00:00, 0.855430, 0:00:00, 0.0 
1980-01-28 09:00:00, 1980-01-28 09:00:00, 0.812128, 0:00:00, 0.0 
1980-01-31 11:00:00, 1980-01-31 11:00:00, 0.879948, 0:00:00, 0.0 
1980-02-11 08:00:00, 1980-02-11 09:00:00, 0.797472, 1:00:00, 0.0 
1980-02-18 00:00:00, 1980-02-18 00:00:00, 0.734527, 0:00:00, 0.0 
1980-02-19 15:00:00, 1980-02-20 05:00:00, 3.738254, 14:00:00, 0.0 
1980-03-01 11:00:00, 1980-03-02 01:00:00, 3.612410, 14:00:00, 0.0 
1980-03-02 13:00:00, 1980-03-02 14:00:00, 0.846573, 1:00:00, 0.0 
1980-03-28 10:00:00, 1980-03-28 12:00:00, 0.793017, 2:00:00, 0.0 
1980-05-16 13:00:00, 1980-05-17 16:00:00, 11.523367, 1 day, 3:00:00, 0.0 
1980-05-26 21:00:00, 1980-05-26 21:00:00, 0.770165, 0:00:00, 0.0 
1980-05-27 10:00:00, 1980-05-27 10:00:00, 0.795048, 0:00:00, 0.0 
1980-06-13 00:00:00, 1980-06-13 14:00:00, 5.377642, 14:00:00, 0.0 
1980-07-07 22:00:00, 1980-07-07 23:00:00, 0.841923, 1:00:00, 0.0 
1980-10-24 03:00:00, 1980-10-24 03:00:00, 1.035745, 0:00:00, 0.0 
1980-10-24 15:00:00, 1980-10-24 15:00:00, 0.958743, 0:00:00, 0.0 
1980-11-17 09:00:00, 1980-11-17 22:00:00, 3.300454, 13:00:00, 0.0 
1980-11-27 05:00:00, 1980-11-27 06:00:00, 0.916718, 1:00:00, 0.0 
1980-12-28 17:00:00, 1980-12-28 18:00:00, 0.955889, 1:00:00, 0.0 
1980-12-31 08:00:00, 1980-12-31 09:00:00, 0.817965, 1:00:00, 0.0 
1981-01-09 16:00:00, 1981-01-09 16:00:00, 0.909109, 0:00:00, 0.0 
1981-03-23 01:00:00, 1981-03-23 04:00:00, 1.556327, 3:00:00, 0.0 
1981-04-21 15:00:00, 1981-04-21 15:00:00, 0.788320, 0:00:00, 0.0 
1981-04-22 03:00:00, 1981-04-22 04:00:00, 1.115446, 1:00:00, 0.0 
1981-05-06 15:00:00, 1981-05-06 15:00:00, 0.819779, 0:00:00, 0.0 
1981-05-07 14:00:00, 1981-05-09 07:00:00, 11.677953, 1 day, 17:00:00, 0.0 
1981-07-03 15:00:00, 1981-07-03 15:00:00, 0.814300, 0:00:00, 0.0 
1981-10-14 03:00:00, 1981-10-14 03:00:00, 0.746132, 0:00:00, 0.0 
1981-11-12 14:00:00, 1981-11-14 17:00:00, 11.718379, 2 days, 3:00:00, 0.0 
1981-11-15 16:00:00, 1981-11-15 16:00:00, 0.933332, 0:00:00, 0.0 
1981-12-14 16:00:00, 1981-12-14 16:00:00, 0.899635, 0:00:00, 0.0 
1981-12-30 16:00:00, 1981-12-31 18:00:00, 7.546807, 1 day, 2:00:00, 0.0 
1982-02-26 16:00:00, 1982-02-26 16:00:00, 0.851484, 0:00:00, 0.0 
1982-02-27 04:00:00, 1982-02-27 05:00:00, 1.112612, 1:00:00, 0.0 
1982-03-07 09:00:00, 1982-03-07 10:00:00, 0.942684, 1:00:00, 0.0 
1982-03-23 22:00:00, 1982-03-26 01:00:00, 13.650741, 2 days, 3:00:00, 0.0 
1982-06-12 03:00:00, 1982-06-12 06:00:00, 3.632227, 3:00:00, 0.0 
1982-06-18 20:00:00, 1982-06-18 22:00:00, 3.715925, 2:00:00, 0.0 
1982-11-17 03:00:00, 1982-11-17 03:00:00, 0.939321, 0:00:00, 0.0 
1982-11-17 16:00:00, 1982-11-17 16:00:00, 0.763220, 0:00:00, 0.0 
1982-11-20 17:00:00, 1982-11-20 18:00:00, 0.903888, 1:00:00, 0.0 
1982-12-10 10:00:00, 1982-12-10 11:00:00, 0.835684, 1:00:00, 0.0 
1982-12-11 08:00:00, 1982-12-11 10:00:00, 1.709581, 2:00:00, 0.0 
1982-12-13 13:00:00, 1982-12-13 13:00:00, 0.822732, 0:00:00, 0.0 
1982-12-14 14:00:00, 1982-12-14 14:00:00, 0.831939, 0:00:00, 0.0 
1982-12-15 14:00:00, 1982-12-15 14:00:00, 0.864532, 0:00:00, 0.0 
1982-12-19 16:00:00, 1982-12-19 17:00:00, 0.757855, 1:00:00, 0.0 
1982-12-31 14:00:00, 1982-12-31 14:00:00, 0.987044, 0:00:00, 0.0 
1983-01-04 18:00:00, 1983-01-05 07:00:00, 2.820711, 13:00:00, 0.0 
1983-01-10 09:00:00, 1983-01-10 12:00:00, 2.513519, 3:00:00, 0.0 
1983-01-21 05:00:00, 1983-01-23 06:00:00, 18.343950, 2 days, 1:00:00, 0.0 
1983-01-27 23:00:00, 1983-01-28 10:00:00, 2.611327, 11:00:00, 0.0 
1983-01-29 11:00:00, 1983-01-29 11:00:00, 0.789294, 0:00:00, 0.0 
1983-01-30 00:00:00, 1983-01-30 01:00:00, 0.838901, 1:00:00, 0.0 
1983-01-30 14:00:00, 1983-01-30 15:00:00, 1.080447, 1:00:00, 0.0 
1983-02-02 03:00:00, 1983-02-02 16:00:00, 3.271869, 13:00:00, 0.0 
1983-02-14 01:00:00, 1983-02-14 15:00:00, 6.444503, 14:00:00, 0.0 
1983-02-17 02:00:00, 1983-02-17 17:00:00, 4.623179, 15:00:00, 0.0 
1983-02-18 17:00:00, 1983-02-18 17:00:00, 0.826888, 0:00:00, 0.0 
1983-02-27 11:00:00, 1983-02-27 11:00:00, 0.822136, 0:00:00, 0.0 
1983-02-28 00:00:00, 1983-03-01 04:00:00, 15.361348, 1 day, 4:00:00, 0.0 
1983-03-17 00:00:00, 1983-03-18 16:00:00, 23.945435, 1 day, 16:00:00, 0.0 
1983-03-21 06:00:00, 1983-03-21 07:00:00, 0.922692, 1:00:00, 0.0 
1983-03-27 01:00:00, 1983-03-27 01:00:00, 0.799990, 0:00:00, 0.0 
1983-04-02 15:00:00, 1983-04-02 15:00:00, 0.830520, 0:00:00, 0.0 
1983-04-23 20:00:00, 1983-04-23 20:00:00, 1.032181, 0:00:00, 0.0 
1983-06-09 11:00:00, 1983-06-09 11:00:00, 0.788562, 0:00:00, 0.0 
1983-06-10 01:00:00, 1983-06-10 01:00:00, 0.859325, 0:00:00, 0.0 
1983-12-21 16:00:00, 1983-12-22 03:00:00, 2.281198, 11:00:00, 0.0 
1984-01-13 09:00:00, 1984-01-13 09:00:00, 0.867675, 0:00:00, 0.0 
1984-01-14 10:00:00, 1984-01-14 10:00:00, 0.801280, 0:00:00, 0.0 
1984-01-15 08:00:00, 1984-01-17 10:00:00, 10.928975, 2 days, 2:00:00, 0.0 
1984-01-18 10:00:00, 1984-01-18 14:00:00, 0.839613, 4:00:00, 0.0 
1984-01-21 16:00:00, 1984-01-21 17:00:00, 0.936768, 1:00:00, 0.0 
1984-02-23 04:00:00, 1984-02-23 08:00:00, 4.580433, 4:00:00, 0.0 
1984-03-21 02:00:00, 1984-03-21 06:00:00, 5.141027, 4:00:00, 0.0 
1984-03-28 09:00:00, 1984-03-28 12:00:00, 2.871777, 3:00:00, 0.0 
1984-04-10 05:00:00, 1984-04-10 08:00:00, 2.598328, 3:00:00, 0.0 
1984-04-11 09:00:00, 1984-04-11 20:00:00, 1.717975, 11:00:00, 0.0 
1984-04-13 09:00:00, 1984-04-13 09:00:00, 0.851986, 0:00:00, 0.0 
1984-06-22 18:00:00, 1984-06-22 19:00:00, 0.853649, 1:00:00, 0.0 
1984-09-09 02:00:00, 1984-09-09 02:00:00, 0.767648, 0:00:00, 0.0 
1984-09-09 14:00:00, 1984-09-09 14:00:00, 0.999992, 0:00:00, 0.0 
1984-11-03 23:00:00, 1984-11-04 12:00:00, 3.482550, 13:00:00, 0.0 
1984-11-23 14:00:00, 1984-11-23 15:00:00, 0.975070, 1:00:00, 0.0 
1985-01-04 09:00:00, 1985-01-04 12:00:00, 3.064809, 3:00:00, 0.0 
1985-01-10 02:00:00, 1985-01-10 04:00:00, 1.896465, 2:00:00, 0.0 
1985-01-10 16:00:00, 1985-01-10 17:00:00, 0.846987, 1:00:00, 0.0 
1985-02-05 13:00:00, 1985-02-06 02:00:00, 3.576045, 13:00:00, 0.0 
1985-07-25 04:00:00, 1985-07-25 08:00:00, 4.424022, 4:00:00, 0.0 
1985-09-26 01:00:00, 1985-09-26 13:00:00, 1.902699, 12:00:00, 0.0 
1985-09-27 01:00:00, 1985-09-27 02:00:00, 1.056087, 1:00:00, 0.0 
1985-10-13 00:00:00, 1985-10-14 02:00:00, 6.151202, 1 day, 2:00:00, 0.0 
1985-10-14 14:00:00, 1985-10-14 15:00:00, 0.834806, 1:00:00, 0.0 
1985-10-27 01:00:00, 1985-10-27 01:00:00, 1.001210, 0:00:00, 0.0 
1985-10-27 14:00:00, 1985-10-27 14:00:00, 0.777285, 0:00:00, 0.0 
1985-10-29 14:00:00, 1985-10-30 16:00:00, 9.548252, 1 day, 2:00:00, 0.0 
1986-01-25 12:00:00, 1986-01-26 00:00:00, 2.501799, 12:00:00, 0.0 
1986-02-23 10:00:00, 1986-02-23 10:00:00, 0.773572, 0:00:00, 0.0 
1986-02-23 23:00:00, 1986-02-23 23:00:00, 0.771791, 0:00:00, 0.0 
1986-05-10 02:00:00, 1986-05-10 03:00:00, 0.798118, 1:00:00, 0.0 
1986-06-03 23:00:00, 1986-06-04 12:00:00, 3.883811, 13:00:00, 0.0 
1986-06-22 00:00:00, 1986-06-22 14:00:00, 6.157161, 14:00:00, 0.0 
1986-06-26 15:00:00, 1986-06-26 15:00:00, 0.796329, 0:00:00, 0.0 
1986-11-20 15:00:00, 1986-11-20 17:00:00, 2.112364, 2:00:00, 0.0 
1986-11-30 13:00:00, 1986-12-01 01:00:00, 2.218140, 12:00:00, 0.0 
1986-12-01 13:00:00, 1986-12-02 16:00:00, 11.165233, 1 day, 3:00:00, 0.0 
1986-12-21 16:00:00, 1986-12-21 18:00:00, 1.860850, 2:00:00, 0.0 
1986-12-23 18:00:00, 1986-12-24 06:00:00, 1.728503, 12:00:00, 0.0 
1987-01-01 01:00:00, 1987-01-01 17:00:00, 16.420678, 16:00:00, 0.0 
1987-01-04 18:00:00, 1987-01-06 17:00:00, 11.986942, 1 day, 23:00:00, 0.0 
1987-01-17 15:00:00, 1987-01-18 16:00:00, 5.651256, 1 day, 1:00:00, 0.0 
1987-01-22 06:00:00, 1987-01-22 07:00:00, 1.132186, 1:00:00, 0.0 
1987-02-06 08:00:00, 1987-02-06 08:00:00, 0.750544, 0:00:00, 0.0 
1987-02-07 07:00:00, 1987-02-07 09:00:00, 2.181998, 2:00:00, 0.0 
1987-02-16 02:00:00, 1987-02-17 04:00:00, 10.668164, 1 day, 2:00:00, 0.0 
1987-02-27 11:00:00, 1987-02-27 14:00:00, 2.902574, 3:00:00, 0.0 
1987-02-28 02:00:00, 1987-03-01 03:00:00, 7.319540, 1 day, 1:00:00, 0.0 
1987-03-17 15:00:00, 1987-03-17 15:00:00, 0.956437, 0:00:00, 0.0 
1987-03-20 16:00:00, 1987-03-20 17:00:00, 0.972152, 1:00:00, 0.0 
1987-03-23 09:00:00, 1987-03-23 19:00:00, 0.750619, 10:00:00, 0.0 
1987-03-24 10:00:00, 1987-03-24 20:00:00, 0.777176, 10:00:00, 0.0 
1987-03-25 08:00:00, 1987-03-25 10:00:00, 1.707296, 2:00:00, 0.0 
1987-10-27 02:00:00, 1987-10-27 13:00:00, 0.948713, 11:00:00, 0.0 
1988-01-03 14:00:00, 1988-01-04 01:00:00, 0.812532, 11:00:00, 0.0 
1988-01-15 09:00:00, 1988-01-15 10:00:00, 0.898785, 1:00:00, 0.0 
1988-02-19 12:00:00, 1988-02-19 13:00:00, 1.091859, 1:00:00, 0.0 
1988-04-12 07:00:00, 1988-04-12 07:00:00, 0.801119, 0:00:00, 0.0 
1988-06-04 05:00:00, 1988-06-04 17:00:00, 1.597600, 12:00:00, 0.0 
1988-10-31 20:00:00, 1988-10-31 20:00:00, 0.763922, 0:00:00, 0.0 
1989-01-10 16:00:00, 1989-01-10 17:00:00, 1.064714, 1:00:00, 0.0 
1989-01-22 14:00:00, 1989-01-22 15:00:00, 0.910985, 1:00:00, 0.0 
1989-01-23 14:00:00, 1989-01-24 16:00:00, 7.305750, 1 day, 2:00:00, 0.0 
1989-02-18 12:00:00, 1989-02-19 00:00:00, 1.697500, 12:00:00, 0.0 
1989-03-03 08:00:00, 1989-03-03 10:00:00, 1.769982, 2:00:00, 0.0 
1989-03-08 14:00:00, 1989-03-08 15:00:00, 0.918472, 1:00:00, 0.0 
1989-03-09 03:00:00, 1989-03-12 03:00:00, 23.660830, 3 days, 0:00:00, 0.0 
1989-03-23 02:00:00, 1989-03-24 03:00:00, 5.666220, 1 day, 1:00:00, 0.0 
1989-05-28 20:00:00, 1989-05-28 20:00:00, 0.835367, 0:00:00, 0.0 
1989-05-29 08:00:00, 1989-05-29 09:00:00, 0.889852, 1:00:00, 0.0 
1989-06-30 20:00:00, 1989-07-01 11:00:00, 6.252633, 15:00:00, 0.0 
1989-09-22 02:00:00, 1989-09-22 08:00:00, 28.468017, 6:00:00, 0.0 
1989-09-25 11:00:00, 1989-09-25 11:00:00, 0.754050, 0:00:00, 0.0 
1989-09-28 01:00:00, 1989-09-28 01:00:00, 0.929760, 0:00:00, 0.0 
1989-10-29 15:00:00, 1989-10-29 15:00:00, 0.847880, 0:00:00, 0.0 
1990-03-07 23:00:00, 1990-03-07 23:00:00, 0.857591, 0:00:00, 0.0 
1990-03-08 12:00:00, 1990-03-08 12:00:00, 0.777022, 0:00:00, 0.0 
1990-06-16 19:00:00, 1990-06-17 08:00:00, 3.407636, 13:00:00, 0.0 
1990-10-10 20:00:00, 1990-10-10 20:00:00, 0.849807, 0:00:00, 0.0 
1990-11-09 16:00:00, 1990-11-10 09:00:00, 6.475086, 17:00:00, 0.0 
1991-05-20 07:00:00, 1991-05-20 07:00:00, 0.858764, 0:00:00, 0.0 
1991-05-21 05:00:00, 1991-05-21 08:00:00, 2.847560, 3:00:00, 0.0 
1991-06-05 17:00:00, 1991-06-07 09:00:00, 16.020125, 1 day, 16:00:00, 0.0 
1991-06-25 00:00:00, 1991-06-25 12:00:00, 2.676479, 12:00:00, 0.0 
1991-06-26 01:00:00, 1991-06-26 02:00:00, 0.827540, 1:00:00, 0.0 
1991-06-27 01:00:00, 1991-06-27 03:00:00, 2.292127, 2:00:00, 0.0 
1991-09-02 21:00:00, 1991-09-02 21:00:00, 0.901663, 0:00:00, 0.0 
1991-10-29 06:00:00, 1991-10-29 07:00:00, 0.962916, 1:00:00, 0.0 
1991-10-29 19:00:00, 1991-10-29 20:00:00, 0.967999, 1:00:00, 0.0 
1991-11-01 09:00:00, 1991-11-02 11:00:00, 8.086597, 1 day, 2:00:00, 0.0 
1991-11-09 15:00:00, 1991-11-09 17:00:00, 2.166859, 2:00:00, 0.0 
1992-01-02 13:00:00, 1992-01-03 13:00:00, 5.494563, 1 day, 0:00:00, 0.0 
1992-01-06 14:00:00, 1992-01-06 15:00:00, 0.970144, 1:00:00, 0.0 
1992-01-07 15:00:00, 1992-01-07 16:00:00, 0.858969, 1:00:00, 0.0 
1992-02-06 02:00:00, 1992-02-08 04:00:00, 18.189102, 2 days, 2:00:00, 0.0 
1992-02-13 08:00:00, 1992-02-13 09:00:00, 0.916604, 1:00:00, 0.0 
1992-04-13 23:00:00, 1992-04-14 00:00:00, 1.054166, 1:00:00, 0.0 
1992-05-22 06:00:00, 1992-05-22 06:00:00, 0.773649, 0:00:00, 0.0 
1992-05-29 10:00:00, 1992-05-29 11:00:00, 0.823396, 1:00:00, 0.0 
1992-06-12 09:00:00, 1992-06-14 12:00:00, 14.252445, 2 days, 3:00:00, 0.0 
1992-09-24 13:00:00, 1992-09-25 01:00:00, 1.932324, 12:00:00, 0.0 
1992-09-25 13:00:00, 1992-09-25 14:00:00, 0.950316, 1:00:00, 0.0 
1992-10-06 10:00:00, 1992-10-06 10:00:00, 0.782889, 0:00:00, 0.0 
1992-10-06 23:00:00, 1992-10-06 23:00:00, 1.109125, 0:00:00, 0.0 
1992-10-07 11:00:00, 1992-10-07 11:00:00, 0.851294, 0:00:00, 0.0 
1992-10-07 23:00:00, 1992-10-08 00:00:00, 1.055780, 1:00:00, 0.0 
1992-10-08 12:00:00, 1992-10-08 12:00:00, 0.776967, 0:00:00, 0.0 
1992-11-20 11:00:00, 1992-11-21 12:00:00, 7.622195, 1 day, 1:00:00, 0.0 
1992-11-22 00:00:00, 1992-11-22 00:00:00, 0.977792, 0:00:00, 0.0 
1992-12-15 06:00:00, 1992-12-16 07:00:00, 5.861616, 1 day, 1:00:00, 0.0 
1993-01-10 14:00:00, 1993-01-13 06:00:00, 21.668504, 2 days, 16:00:00, 0.0 
1993-01-16 06:00:00, 1993-01-17 10:00:00, 11.057124, 1 day, 4:00:00, 0.0 
1993-01-26 14:00:00, 1993-01-27 04:00:00, 5.652033, 14:00:00, 0.0 
1993-01-27 16:00:00, 1993-01-28 04:00:00, 2.584361, 12:00:00, 0.0 
1993-01-28 16:00:00, 1993-01-28 16:00:00, 0.785526, 0:00:00, 0.0 
1993-02-05 11:00:00, 1993-02-06 10:00:00, 4.393230, 23:00:00, 0.0 
1993-02-06 23:00:00, 1993-02-08 14:00:00, 16.477679, 1 day, 15:00:00, 0.0 
1993-02-09 16:00:00, 1993-02-10 05:00:00, 2.588135, 13:00:00, 0.0 
1993-02-11 06:00:00, 1993-02-11 06:00:00, 0.787085, 0:00:00, 0.0 
1993-02-12 03:00:00, 1993-02-12 04:00:00, 0.861558, 1:00:00, 0.0 
1993-02-12 17:00:00, 1993-02-12 17:00:00, 0.847302, 0:00:00, 0.0 
1993-03-04 07:00:00, 1993-03-04 09:00:00, 2.421666, 2:00:00, 0.0 
1993-03-13 15:00:00, 1993-03-13 16:00:00, 1.643262, 1:00:00, 0.0 
1993-04-05 13:00:00, 1993-04-05 13:00:00, 0.811219, 0:00:00, 0.0 
1993-04-10 01:00:00, 1993-04-10 05:00:00, 0.895219, 4:00:00, 0.0 
1993-10-07 19:00:00, 1993-10-07 19:00:00, 0.802767, 0:00:00, 0.0 
1993-10-30 13:00:00, 1993-10-30 13:00:00, 0.934235, 0:00:00, 0.0 
1993-11-26 12:00:00, 1993-11-26 12:00:00, 0.816386, 0:00:00, 0.0 
1993-11-27 00:00:00, 1993-11-27 00:00:00, 0.853331, 0:00:00, 0.0 
1994-01-04 04:00:00, 1994-01-04 04:00:00, 0.984776, 0:00:00, 0.0 
1994-02-23 09:00:00, 1994-02-23 11:00:00, 1.866430, 2:00:00, 0.0 
1994-05-20 21:00:00, 1994-05-20 22:00:00, 0.809044, 1:00:00, 0.0 
1994-05-21 10:00:00, 1994-05-21 10:00:00, 0.906841, 0:00:00, 0.0 
1994-05-21 22:00:00, 1994-05-23 12:00:00, 15.788098, 1 day, 14:00:00, 0.0 
1994-05-31 05:00:00, 1994-05-31 05:00:00, 0.835699, 0:00:00, 0.0 
1994-08-09 15:00:00, 1994-08-09 15:00:00, 0.839627, 0:00:00, 0.0 
1994-10-03 13:00:00, 1994-10-03 13:00:00, 1.144523, 0:00:00, 0.0 
1994-10-04 01:00:00, 1994-10-04 01:00:00, 0.827486, 0:00:00, 0.0 
1994-10-04 14:00:00, 1994-10-04 14:00:00, 0.789577, 0:00:00, 0.0 
1994-10-11 20:00:00, 1994-10-13 10:00:00, 16.930870, 1 day, 14:00:00, 0.0 
1994-10-13 22:00:00, 1994-10-13 22:00:00, 0.906059, 0:00:00, 0.0 
1994-10-16 00:00:00, 1994-10-16 00:00:00, 0.788891, 0:00:00, 0.0 
1994-11-20 15:00:00, 1994-11-21 04:00:00, 4.917324, 13:00:00, 0.0 
1994-12-13 11:00:00, 1994-12-13 11:00:00, 0.880824, 0:00:00, 0.0 
1994-12-14 12:00:00, 1994-12-14 12:00:00, 0.807560, 0:00:00, 0.0 
1994-12-16 10:00:00, 1994-12-17 14:00:00, 4.266679, 1 day, 4:00:00, 0.0 
1994-12-20 15:00:00, 1994-12-21 03:00:00, 2.388648, 12:00:00, 0.0 
1994-12-21 15:00:00, 1994-12-23 18:00:00, 14.314433, 2 days, 3:00:00, 0.0 
1994-12-24 06:00:00, 1994-12-24 19:00:00, 5.369779, 13:00:00, 0.0 
1994-12-25 18:00:00, 1994-12-25 19:00:00, 0.915339, 1:00:00, 0.0 
1994-12-26 07:00:00, 1994-12-28 22:00:00, 18.271379, 2 days, 15:00:00, 0.0 
1994-12-29 10:00:00, 1994-12-31 23:00:00, 22.762712, 2 days, 13:00:00, 0.0 
1995-01-19 15:00:00, 1995-01-20 04:00:00, 4.078892, 13:00:00, 0.0 
1995-03-19 02:00:00, 1995-03-19 16:00:00, 3.878643, 14:00:00, 0.0 
1995-04-06 17:00:00, 1995-04-06 17:00:00, 0.999835, 0:00:00, 0.0 
1995-08-02 17:00:00, 1995-08-02 18:00:00, 0.852955, 1:00:00, 0.0 
1995-08-20 07:00:00, 1995-08-20 09:00:00, 0.777387, 2:00:00, 0.0 
1995-08-20 22:00:00, 1995-08-21 10:00:00, 2.773354, 12:00:00, 0.0 
1995-08-21 22:00:00, 1995-08-21 23:00:00, 0.934117, 1:00:00, 0.0 
1995-08-24 13:00:00, 1995-08-24 13:00:00, 0.871585, 0:00:00, 0.0 
1995-08-26 02:00:00, 1995-08-26 02:00:00, 0.989935, 0:00:00, 0.0 
1995-08-29 15:00:00, 1995-08-31 05:00:00, 8.175512, 1 day, 14:00:00, 0.0 
1995-09-06 12:00:00, 1995-09-06 12:00:00, 0.835707, 0:00:00, 0.0 
1995-09-07 00:00:00, 1995-09-07 01:00:00, 1.001299, 1:00:00, 0.0 
1995-09-07 13:00:00, 1995-09-07 13:00:00, 0.848330, 0:00:00, 0.0 
1995-12-18 11:00:00, 1995-12-18 11:00:00, 0.801918, 0:00:00, 0.0 
1996-01-02 09:00:00, 1996-01-02 11:00:00, 1.870992, 2:00:00, 0.0 
1996-01-07 01:00:00, 1996-01-07 15:00:00, 3.731397, 14:00:00, 0.0 
1996-01-12 04:00:00, 1996-01-12 05:00:00, 0.933126, 1:00:00, 0.0 
1996-05-30 21:00:00, 1996-05-31 12:00:00, 6.949766, 15:00:00, 0.0 
1996-06-01 01:00:00, 1996-06-01 02:00:00, 0.828074, 1:00:00, 0.0 
1996-07-11 20:00:00, 1996-07-12 12:00:00, 13.481661, 16:00:00, 0.0 
1996-10-06 22:00:00, 1996-10-06 22:00:00, 0.917200, 0:00:00, 0.0 
1996-10-07 10:00:00, 1996-10-08 12:00:00, 18.218479, 1 day, 2:00:00, 0.0 
1996-11-16 18:00:00, 1996-11-16 19:00:00, 0.936000, 1:00:00, 0.0 
1996-12-15 16:00:00, 1996-12-17 19:00:00, 16.524668, 2 days, 3:00:00, 0.0 
1997-01-09 13:00:00, 1997-01-09 15:00:00, 2.184428, 2:00:00, 0.0 
1997-02-13 17:00:00, 1997-02-14 08:00:00, 6.711841, 15:00:00, 0.0 
1997-04-27 05:00:00, 1997-04-27 05:00:00, 0.824733, 0:00:00, 0.0 
1997-04-27 17:00:00, 1997-04-27 17:00:00, 0.786867, 0:00:00, 0.0 
1997-04-28 05:00:00, 1997-04-28 05:00:00, 0.855978, 0:00:00, 0.0 
1997-05-28 04:00:00, 1997-05-28 07:00:00, 3.950368, 3:00:00, 0.0 
1997-05-29 08:00:00, 1997-05-29 08:00:00, 0.810806, 0:00:00, 0.0 
1997-06-05 14:00:00, 1997-06-08 04:00:00, 20.470968, 2 days, 14:00:00, 0.0 
1997-06-10 05:00:00, 1997-06-10 05:00:00, 0.852980, 0:00:00, 0.0 
1997-07-02 21:00:00, 1997-07-03 00:00:00, 0.906361, 3:00:00, 0.0 
1997-12-15 00:00:00, 1997-12-15 16:00:00, 7.060623, 16:00:00, 0.0 
1997-12-16 16:00:00, 1997-12-16 16:00:00, 0.932894, 0:00:00, 0.0 
1997-12-29 13:00:00, 1997-12-29 14:00:00, 1.131529, 1:00:00, 0.0 
1998-01-15 15:00:00, 1998-01-15 15:00:00, 0.836683, 0:00:00, 0.0 
1998-01-16 03:00:00, 1998-01-16 03:00:00, 0.784982, 0:00:00, 0.0 
1998-01-22 08:00:00, 1998-01-22 08:00:00, 0.848009, 0:00:00, 0.0 
1998-01-23 08:00:00, 1998-01-23 09:00:00, 0.877794, 1:00:00, 0.0 
1998-01-27 10:00:00, 1998-01-27 15:00:00, 8.758626, 5:00:00, 0.0 
1998-01-31 01:00:00, 1998-02-01 17:00:00, 11.161400, 1 day, 16:00:00, 0.0 
1998-02-02 16:00:00, 1998-02-04 20:00:00, 24.337623, 2 days, 4:00:00, 0.0 
1998-02-06 21:00:00, 1998-02-12 00:00:00, 37.361532, 5 days, 3:00:00, 0.0 
1998-02-16 04:00:00, 1998-02-17 16:00:00, 11.460585, 1 day, 12:00:00, 0.0 
1998-02-23 08:00:00, 1998-02-23 12:00:00, 4.983199, 4:00:00, 0.0 
1998-02-26 13:00:00, 1998-02-28 15:00:00, 17.809572, 2 days, 2:00:00, 0.0 
1998-03-08 09:00:00, 1998-03-08 09:00:00, 0.837841, 0:00:00, 0.0 
1998-05-14 03:00:00, 1998-05-15 16:00:00, 8.599430, 1 day, 13:00:00, 0.0 
1998-05-16 04:00:00, 1998-05-16 05:00:00, 1.026118, 1:00:00, 0.0 
1998-12-26 06:00:00, 1998-12-26 07:00:00, 0.847009, 1:00:00, 0.0 
1999-01-03 00:00:00, 1999-01-03 03:00:00, 4.091561, 3:00:00, 0.0 
1999-01-31 11:00:00, 1999-02-02 03:00:00, 14.490967, 1 day, 16:00:00, 0.0 
1999-02-19 15:00:00, 1999-02-19 17:00:00, 2.074535, 2:00:00, 0.0 
1999-02-21 05:00:00, 1999-02-21 05:00:00, 0.841504, 0:00:00, 0.0 
1999-02-21 17:00:00, 1999-02-21 18:00:00, 0.787747, 1:00:00, 0.0 
1999-03-14 10:00:00, 1999-03-14 10:00:00, 0.837568, 0:00:00, 0.0 
1999-04-06 05:00:00, 1999-04-06 06:00:00, 0.954110, 1:00:00, 0.0 
1999-05-01 02:00:00, 1999-05-02 15:00:00, 7.491734, 1 day, 13:00:00, 0.0 
1999-06-19 06:00:00, 1999-06-19 07:00:00, 0.843674, 1:00:00, 0.0 
1999-08-29 16:00:00, 1999-08-29 16:00:00, 0.876971, 0:00:00, 0.0 
1999-08-30 05:00:00, 1999-08-30 05:00:00, 0.839268, 0:00:00, 0.0 
1999-09-02 07:00:00, 1999-09-02 07:00:00, 0.783756, 0:00:00, 0.0 
1999-09-03 06:00:00, 1999-09-04 09:00:00, 11.283557, 1 day, 3:00:00, 0.0 
1999-09-15 16:00:00, 1999-09-15 20:00:00, 6.489539, 4:00:00, 0.0 
1999-10-17 07:00:00, 1999-10-17 08:00:00, 1.280407, 1:00:00, 0.0 
1999-12-19 10:00:00, 1999-12-19 10:00:00, 0.998051, 0:00:00, 0.0 
2000-01-22 14:00:00, 2000-01-22 14:00:00, 0.945660, 0:00:00, 0.0 
2000-01-23 14:00:00, 2000-01-23 15:00:00, 0.945580, 1:00:00, 0.0 
2000-01-24 14:00:00, 2000-01-24 17:00:00, 3.475410, 3:00:00, 0.0 
2000-03-20 02:00:00, 2000-03-20 15:00:00, 7.851937, 13:00:00, 0.0 
2000-05-31 09:00:00, 2000-05-31 12:00:00, 3.069804, 3:00:00, 0.0 
2000-09-07 09:00:00, 2000-09-07 09:00:00, 0.896120, 0:00:00, 0.0 
2000-09-07 22:00:00, 2000-09-07 22:00:00, 0.871327, 0:00:00, 0.0 
2000-09-30 17:00:00, 2000-09-30 17:00:00, 0.817340, 0:00:00, 0.0 
2000-10-01 05:00:00, 2000-10-01 05:00:00, 0.759037, 0:00:00, 0.0 
2001-01-13 16:00:00, 2001-01-13 17:00:00, 0.977691, 1:00:00, 0.0 
2001-03-20 08:00:00, 2001-03-21 10:00:00, 15.296398, 1 day, 2:00:00, 0.0 
2001-05-07 14:00:00, 2001-05-07 14:00:00, 0.777394, 0:00:00, 0.0 
2001-05-16 20:00:00, 2001-05-17 07:00:00, 0.754608, 11:00:00, 0.0 
2001-05-17 20:00:00, 2001-05-17 20:00:00, 0.772111, 0:00:00, 0.0 
2001-05-18 10:00:00, 2001-05-18 10:00:00, 0.780349, 0:00:00, 0.0 
2001-07-21 12:00:00, 2001-07-23 14:00:00, 16.689170, 2 days, 2:00:00, 0.0 
2001-09-16 00:00:00, 2001-09-17 01:00:00, 6.630233, 1 day, 1:00:00, 0.0 
2001-12-10 10:00:00, 2001-12-10 23:00:00, 2.828975, 13:00:00, 0.0 
2002-05-22 10:00:00, 2002-05-22 10:00:00, 0.850714, 0:00:00, 0.0 
2002-05-22 22:00:00, 2002-05-23 11:00:00, 4.053173, 13:00:00, 0.0 
2002-05-29 04:00:00, 2002-05-29 16:00:00, 1.606882, 12:00:00, 0.0 
2002-05-30 04:00:00, 2002-05-30 04:00:00, 0.900800, 0:00:00, 0.0 
2002-06-09 01:00:00, 2002-06-09 12:00:00, 1.678096, 11:00:00, 0.0 
2002-06-10 01:00:00, 2002-06-10 02:00:00, 0.833764, 1:00:00, 0.0 
2002-08-05 23:00:00, 2002-08-06 10:00:00, 1.680906, 11:00:00, 0.0 
2002-08-07 00:00:00, 2002-08-08 13:00:00, 12.828978, 1 day, 13:00:00, 0.0 
2002-08-09 01:00:00, 2002-08-09 14:00:00, 3.750694, 13:00:00, 0.0 
2002-10-14 22:00:00, 2002-10-16 11:00:00, 21.231336, 1 day, 13:00:00, 0.0 
2002-12-10 18:00:00, 2002-12-10 19:00:00, 0.819842, 1:00:00, 0.0 
2002-12-11 07:00:00, 2002-12-11 07:00:00, 0.861496, 0:00:00, 0.0 
2003-01-01 10:00:00, 2003-01-01 10:00:00, 0.863428, 0:00:00, 0.0 
2003-03-15 12:00:00, 2003-03-15 12:00:00, 0.800319, 0:00:00, 0.0 
2003-03-20 02:00:00, 2003-03-20 16:00:00, 4.597855, 14:00:00, 0.0 
2003-03-28 08:00:00, 2003-03-28 10:00:00, 1.935466, 2:00:00, 0.0 
2003-04-10 06:00:00, 2003-04-10 08:00:00, 1.800028, 2:00:00, 0.0 
2003-04-18 15:00:00, 2003-04-18 15:00:00, 0.821194, 0:00:00, 0.0 
2003-04-21 16:00:00, 2003-04-21 18:00:00, 1.567752, 2:00:00, 0.0 
2003-04-23 18:00:00, 2003-04-23 18:00:00, 0.825276, 0:00:00, 0.0 
2003-05-05 03:00:00, 2003-05-05 15:00:00, 2.622690, 12:00:00, 0.0 
2003-05-18 13:00:00, 2003-05-18 16:00:00, 0.780828, 3:00:00, 0.0 
2003-05-19 04:00:00, 2003-05-19 04:00:00, 1.066470, 0:00:00, 0.0 
2003-09-11 15:00:00, 2003-09-11 15:00:00, 0.846459, 0:00:00, 0.0 
2003-11-03 09:00:00, 2003-11-03 10:00:00, 0.904236, 1:00:00, 0.0 
2003-11-03 23:00:00, 2003-11-03 23:00:00, 0.865433, 0:00:00, 0.0 
2003-12-14 04:00:00, 2003-12-14 05:00:00, 1.047717, 1:00:00, 0.0 
2003-12-14 17:00:00, 2003-12-14 18:00:00, 0.754076, 1:00:00, 0.0 
2004-01-25 17:00:00, 2004-01-26 05:00:00, 2.720992, 12:00:00, 0.0 
2004-02-15 20:00:00, 2004-02-15 20:00:00, 1.026408, 0:00:00, 0.0 
2004-02-26 04:00:00, 2004-02-26 18:00:00, 7.022826, 14:00:00, 0.0 
2004-06-13 20:00:00, 2004-06-13 20:00:00, 0.791387, 0:00:00, 0.0 
2004-09-20 19:00:00, 2004-09-20 20:00:00, 0.867951, 1:00:00, 0.0 
2004-09-21 19:00:00, 2004-09-21 21:00:00, 1.948463, 2:00:00, 0.0 
2004-09-26 13:00:00, 2004-09-26 13:00:00, 0.832187, 0:00:00, 0.0 
2004-09-27 02:00:00, 2004-09-27 14:00:00, 1.815072, 12:00:00, 0.0 
2004-10-22 22:00:00, 2004-10-23 10:00:00, 2.709404, 12:00:00, 0.0 
2004-10-24 08:00:00, 2004-10-24 08:00:00, 0.799742, 0:00:00, 0.0 
2004-10-26 00:00:00, 2004-10-26 00:00:00, 0.866402, 0:00:00, 0.0 
2004-12-26 11:00:00, 2004-12-26 15:00:00, 2.140503, 4:00:00, 0.0 
2005-01-22 09:00:00, 2005-01-22 12:00:00, 2.810689, 3:00:00, 0.0 
2005-01-28 16:00:00, 2005-01-28 16:00:00, 0.874341, 0:00:00, 0.0 
2005-01-29 16:00:00, 2005-01-30 04:00:00, 1.715285, 12:00:00, 0.0 
2005-02-02 06:00:00, 2005-02-02 08:00:00, 2.143815, 2:00:00, 0.0 
2005-02-03 07:00:00, 2005-02-03 09:00:00, 2.426191, 2:00:00, 0.0 
2005-02-05 09:00:00, 2005-02-06 12:00:00, 6.895040, 1 day, 3:00:00, 0.0 
2005-02-08 00:00:00, 2005-02-08 10:00:00, 1.565354, 10:00:00, 0.0 
2005-02-27 15:00:00, 2005-02-28 06:00:00, 12.769428, 15:00:00, 0.0 
2005-03-28 00:00:00, 2005-03-28 01:00:00, 0.880201, 1:00:00, 0.0 
2005-04-16 07:00:00, 2005-04-16 07:00:00, 0.835780, 0:00:00, 0.0 
2005-04-17 06:00:00, 2005-04-17 08:00:00, 1.868232, 2:00:00, 0.0 
2005-05-06 01:00:00, 2005-05-06 01:00:00, 1.234803, 0:00:00, 0.0 
2005-06-20 01:00:00, 2005-06-20 01:00:00, 0.835665, 0:00:00, 0.0 
2005-09-06 16:00:00, 2005-09-06 16:00:00, 0.830500, 0:00:00, 0.0 
2005-09-07 04:00:00, 2005-09-07 04:00:00, 0.864738, 0:00:00, 0.0 
2005-09-07 16:00:00, 2005-09-07 17:00:00, 1.028760, 1:00:00, 0.0 
2005-09-08 05:00:00, 2005-09-08 05:00:00, 0.797154, 0:00:00, 0.0 
2005-09-08 18:00:00, 2005-09-08 18:00:00, 0.814298, 0:00:00, 0.0 
2005-09-10 19:00:00, 2005-09-10 20:00:00, 0.928958, 1:00:00, 0.0 
2005-09-12 22:00:00, 2005-09-13 09:00:00, 0.839375, 11:00:00, 0.0 
2005-10-05 15:00:00, 2005-10-06 17:00:00, 10.430629, 1 day, 2:00:00, 0.0 
2006-01-07 05:00:00, 2006-01-07 05:00:00, 0.747618, 0:00:00, 0.0 
2006-01-18 02:00:00, 2006-01-18 03:00:00, 0.969045, 1:00:00, 0.0 
2006-02-03 03:00:00, 2006-02-03 03:00:00, 0.859863, 0:00:00, 0.0 
2006-02-04 05:00:00, 2006-02-04 06:00:00, 0.830374, 1:00:00, 0.0 
2006-06-14 05:00:00, 2006-06-14 05:00:00, 0.925453, 0:00:00, 0.0 
2006-09-12 06:00:00, 2006-09-12 06:00:00, 0.780690, 0:00:00, 0.0 
2006-12-20 13:00:00, 2006-12-20 14:00:00, 0.855571, 1:00:00, 0.0 
2006-12-25 14:00:00, 2006-12-25 18:00:00, 5.128425, 4:00:00, 0.0 
2007-01-18 12:00:00, 2007-01-18 14:00:00, 1.743693, 2:00:00, 0.0 
2007-02-02 00:00:00, 2007-02-02 14:00:00, 3.929811, 14:00:00, 0.0 
2007-04-19 15:00:00, 2007-04-19 15:00:00, 0.823167, 0:00:00, 0.0 
2007-05-08 06:00:00, 2007-05-09 19:00:00, 14.960477, 1 day, 13:00:00, 0.0 
2007-05-10 07:00:00, 2007-05-10 08:00:00, 0.810280, 1:00:00, 0.0 
2007-05-14 10:00:00, 2007-05-14 12:00:00, 1.878530, 2:00:00, 0.0 
2007-06-03 00:00:00, 2007-06-03 04:00:00, 6.615080, 4:00:00, 0.0 
2007-06-11 10:00:00, 2007-06-11 10:00:00, 0.833860, 0:00:00, 0.0 
2007-06-14 11:00:00, 2007-06-15 14:00:00, 9.017501, 1 day, 3:00:00, 0.0 
2007-07-02 14:00:00, 2007-07-03 04:00:00, 3.797968, 14:00:00, 0.0 
2007-11-03 09:00:00, 2007-11-03 09:00:00, 0.841885, 0:00:00, 0.0 
2007-12-22 12:00:00, 2007-12-22 12:00:00, 0.903699, 0:00:00, 0.0 
2007-12-26 02:00:00, 2007-12-27 02:00:00, 4.817012, 1 day, 0:00:00, 0.0 
2008-01-17 07:00:00, 2008-01-17 09:00:00, 2.372087, 2:00:00, 0.0 
2008-04-10 15:00:00, 2008-04-10 15:00:00, 0.820208, 0:00:00, 0.0 
2008-08-21 16:00:00, 2008-08-22 06:00:00, 4.083128, 14:00:00, 0.0 
2008-08-22 18:00:00, 2008-08-22 19:00:00, 0.844713, 1:00:00, 0.0 
2008-09-05 17:00:00, 2008-09-05 19:00:00, 2.531371, 2:00:00, 0.0 
2008-09-19 18:00:00, 2008-09-20 05:00:00, 0.830516, 11:00:00, 0.0 
2008-09-23 22:00:00, 2008-09-25 11:00:00, 9.282706, 1 day, 13:00:00, 0.0 
2008-09-25 23:00:00, 2008-09-26 00:00:00, 0.876716, 1:00:00, 0.0 
2008-10-24 10:00:00, 2008-10-25 12:00:00, 15.948546, 1 day, 2:00:00, 0.0 
2009-05-18 21:00:00, 2009-05-19 09:00:00, 3.025309, 12:00:00, 0.0 
2009-05-19 21:00:00, 2009-05-20 10:00:00, 3.751601, 13:00:00, 0.0 
2009-05-20 22:00:00, 2009-05-20 23:00:00, 0.958494, 1:00:00, 0.0 
2009-05-21 11:00:00, 2009-05-21 11:00:00, 0.812263, 0:00:00, 0.0 
2009-06-17 21:00:00, 2009-06-17 21:00:00, 0.815518, 0:00:00, 0.0 
2009-06-22 11:00:00, 2009-06-24 15:00:00, 18.899110, 2 days, 4:00:00, 0.0 
2009-07-08 02:00:00, 2009-07-08 02:00:00, 0.894091, 0:00:00, 0.0 
2009-07-09 01:00:00, 2009-07-09 01:00:00, 0.971185, 0:00:00, 0.0 
2009-07-10 14:00:00, 2009-07-10 15:00:00, 0.932444, 1:00:00, 0.0 
2009-07-11 03:00:00, 2009-07-11 04:00:00, 0.898192, 1:00:00, 0.0 
2009-09-20 03:00:00, 2009-09-20 03:00:00, 0.864674, 0:00:00, 0.0 
2009-11-14 13:00:00, 2009-11-16 01:00:00, 7.722679, 1 day, 12:00:00, 0.0 
2009-11-21 16:00:00, 2009-11-23 06:00:00, 10.210933, 1 day, 14:00:00, 0.0 
2009-11-26 07:00:00, 2009-11-26 09:00:00, 1.861667, 2:00:00, 0.0 
2009-12-02 13:00:00, 2009-12-02 14:00:00, 0.916738, 1:00:00, 0.0 
2009-12-09 05:00:00, 2009-12-09 08:00:00, 2.948077, 3:00:00, 0.0 
2009-12-17 15:00:00, 2009-12-19 04:00:00, 21.862227, 1 day, 13:00:00, 0.0 
2009-12-24 17:00:00, 2009-12-25 20:00:00, 16.402627, 1 day, 3:00:00, 0.0 
2010-01-21 17:00:00, 2010-01-22 06:00:00, 2.761355, 13:00:00, 0.0 
2010-01-23 05:00:00, 2010-01-24 08:00:00, 7.278676, 1 day, 3:00:00, 0.0 
2010-01-25 06:00:00, 2010-01-25 09:00:00, 3.351807, 3:00:00, 0.0 
2010-01-30 11:00:00, 2010-01-30 15:00:00, 5.726984, 4:00:00, 0.0 
2010-02-05 05:00:00, 2010-02-05 19:00:00, 5.413876, 14:00:00, 0.0 
2010-02-08 09:00:00, 2010-02-08 10:00:00, 0.785216, 1:00:00, 0.0 
2010-02-09 08:00:00, 2010-02-09 11:00:00, 2.699179, 3:00:00, 0.0 
2010-02-12 23:00:00, 2010-02-13 01:00:00, 2.039016, 2:00:00, 0.0 
2010-02-13 13:00:00, 2010-02-13 14:00:00, 0.834932, 1:00:00, 0.0 
2010-03-12 12:00:00, 2010-03-12 12:00:00, 0.891868, 0:00:00, 0.0 
2010-03-18 03:00:00, 2010-03-18 03:00:00, 0.827719, 0:00:00, 0.0 
2010-11-14 08:00:00, 2010-11-14 08:00:00, 0.815363, 0:00:00, 0.0 
2010-12-26 04:00:00, 2010-12-26 18:00:00, 3.508232, 14:00:00, 0.0 
2011-01-10 17:00:00, 2011-01-10 17:00:00, 0.864774, 0:00:00, 0.0 
2011-07-15 11:00:00, 2011-07-16 15:00:00, 9.939647, 1 day, 4:00:00, 0.0 
2011-08-26 11:00:00, 2011-08-27 01:00:00, 5.403348, 14:00:00, 0.0 
2011-10-10 01:00:00, 2011-10-10 01:00:00, 1.075331, 0:00:00, 0.0 
2011-10-10 13:00:00, 2011-10-11 02:00:00, 4.336940, 13:00:00, 0.0 
2011-11-05 23:00:00, 2011-11-05 23:00:00, 0.970629, 0:00:00, 0.0 
2011-11-06 11:00:00, 2011-11-06 11:00:00, 0.832918, 0:00:00, 0.0 
2011-12-12 15:00:00, 2011-12-12 15:00:00, 0.835103, 0:00:00, 0.0 
2011-12-27 13:00:00, 2011-12-27 16:00:00, 3.386302, 3:00:00, 0.0 
2012-02-19 09:00:00, 2012-02-19 10:00:00, 0.854587, 1:00:00, 0.0 
2012-04-07 02:00:00, 2012-04-07 03:00:00, 0.877701, 1:00:00, 0.0 
2012-05-27 04:00:00, 2012-05-27 18:00:00, 6.395562, 14:00:00, 0.0 
2012-06-06 02:00:00, 2012-06-07 16:00:00, 12.135484, 1 day, 14:00:00, 0.0 
2012-06-15 10:00:00, 2012-06-17 01:00:00, 9.923190, 1 day, 15:00:00, 0.0 
2012-06-18 01:00:00, 2012-06-18 01:00:00, 0.822597, 0:00:00, 0.0 
2012-06-27 06:00:00, 2012-06-28 08:00:00, 7.861332, 1 day, 2:00:00, 0.0 
2012-10-27 13:00:00, 2012-10-27 13:00:00, 0.960248, 0:00:00, 0.0 
2012-10-28 01:00:00, 2012-10-28 01:00:00, 1.111583, 0:00:00, 0.0 
2012-10-28 13:00:00, 2012-10-29 01:00:00, 2.165257, 12:00:00, 0.0 
2012-11-18 05:00:00, 2012-11-18 05:00:00, 0.827579, 0:00:00, 0.0 
2012-11-18 19:00:00, 2012-11-18 19:00:00, 0.881671, 0:00:00, 0.0 
2012-11-22 09:00:00, 2012-11-22 10:00:00, 0.885924, 1:00:00, 0.0 
2012-11-23 10:00:00, 2012-11-23 10:00:00, 0.850092, 0:00:00, 0.0 
2012-12-07 08:00:00, 2012-12-07 08:00:00, 0.857608, 0:00:00, 0.0 
2012-12-13 13:00:00, 2012-12-13 15:00:00, 1.743064, 2:00:00, 0.0 
2013-02-26 02:00:00, 2013-02-26 15:00:00, 4.598067, 13:00:00, 0.0 
2013-03-09 22:00:00, 2013-03-10 10:00:00, 2.542936, 12:00:00, 0.0 
2013-03-10 22:00:00, 2013-03-11 23:00:00, 6.961295, 1 day, 1:00:00, 0.0 
2013-05-03 09:00:00, 2013-05-06 11:00:00, 26.536350, 3 days, 2:00:00, 0.0 
2013-10-14 22:00:00, 2013-10-14 23:00:00, 1.108629, 1:00:00, 0.0 
2013-10-15 23:00:00, 2013-10-16 00:00:00, 0.950845, 1:00:00, 0.0 
2013-11-26 08:00:00, 2013-11-26 08:00:00, 0.879831, 0:00:00, 0.0 
2013-12-29 10:00:00, 2013-12-29 10:00:00, 0.894583, 0:00:00, 0.0 
2014-02-12 11:00:00, 2014-02-13 13:00:00, 9.545827, 1 day, 2:00:00, 0.0 
2014-02-27 09:00:00, 2014-02-27 09:00:00, 0.909036, 0:00:00, 0.0 
2014-03-01 01:00:00, 2014-03-01 02:00:00, 0.932894, 1:00:00, 0.0 
2014-03-06 18:00:00, 2014-03-07 17:00:00, 7.557107, 23:00:00, 0.0 
2014-03-18 15:00:00, 2014-03-18 15:00:00, 0.932598, 0:00:00, 0.0 
2014-04-19 03:00:00, 2014-04-19 05:00:00, 2.241400, 2:00:00, 0.0 
2014-08-25 01:00:00, 2014-08-25 14:00:00, 3.633253, 13:00:00, 0.0 
2014-08-26 02:00:00, 2014-08-26 03:00:00, 1.017821, 1:00:00, 0.0 
2014-08-26 15:00:00, 2014-08-26 15:00:00, 0.933755, 0:00:00, 0.0 
2014-12-08 15:00:00, 2014-12-08 16:00:00, 1.158010, 1:00:00, 0.0 
2014-12-24 16:00:00, 2014-12-24 16:00:00, 0.897170, 0:00:00, 0.0 
2015-01-15 09:00:00, 2015-01-15 09:00:00, 0.804049, 0:00:00, 0.0 
2015-01-24 02:00:00, 2015-01-24 03:00:00, 0.927153, 1:00:00, 0.0 
2015-02-12 05:00:00, 2015-02-12 07:00:00, 1.960237, 2:00:00, 0.0 
2015-02-26 06:00:00, 2015-02-26 08:00:00, 1.001685, 2:00:00, 0.0 
2015-05-08 05:00:00, 2015-05-08 05:00:00, 0.894591, 0:00:00, 0.0 
2015-07-25 19:00:00, 2015-07-25 21:00:00, 1.859885, 2:00:00, 0.0 
2015-09-24 23:00:00, 2015-09-25 00:00:00, 0.936320, 1:00:00, 0.0 
2015-10-03 15:00:00, 2015-10-08 11:00:00, 63.703774, 4 days, 20:00:00, 0.0 
2015-10-27 13:00:00, 2015-10-27 15:00:00, 2.269515, 2:00:00, 0.0 
2015-11-09 00:00:00, 2015-11-09 00:00:00, 1.102982, 0:00:00, 0.0 
2015-11-09 12:00:00, 2015-11-09 13:00:00, 1.167010, 1:00:00, 0.0 
2016-01-07 12:00:00, 2016-01-08 00:00:00, 2.040961, 12:00:00, 0.0 
2016-01-08 12:00:00, 2016-01-08 13:00:00, 1.047266, 1:00:00, 0.0 
2016-01-09 13:00:00, 2016-01-10 01:00:00, 3.087359, 12:00:00, 0.0 
2016-01-15 17:00:00, 2016-01-15 18:00:00, 0.911664, 1:00:00, 0.0 
2016-01-28 16:00:00, 2016-01-28 16:00:00, 0.933266, 0:00:00, 0.0 
2016-02-07 13:00:00, 2016-02-07 14:00:00, 1.499015, 1:00:00, 0.0 
2016-02-08 13:00:00, 2016-02-08 14:00:00, 0.948861, 1:00:00, 0.0 
2016-02-16 08:00:00, 2016-02-16 09:00:00, 0.837804, 1:00:00, 0.0 
2016-06-18 22:00:00, 2016-06-19 02:00:00, 4.803966, 4:00:00, 0.0 
2016-10-06 18:00:00, 2016-10-06 18:00:00, 0.895386, 0:00:00, 0.0 
2016-10-07 16:00:00, 2016-10-08 14:00:00, 57.971465, 22:00:00, 0.0 
2016-10-10 21:00:00, 2016-10-10 22:00:00, 1.019559, 1:00:00, 0.0 
2016-10-11 23:00:00, 2016-10-11 23:00:00, 0.843087, 0:00:00, 0.0 
2016-11-13 00:00:00, 2016-11-13 01:00:00, 0.954900, 1:00:00, 0.0 
2016-12-06 19:00:00, 2016-12-06 19:00:00, 0.879758, 0:00:00, 0.0 
2017-03-23 10:00:00, 2017-03-23 10:00:00, 0.869219, 0:00:00, 0.0 
2017-04-06 09:00:00, 2017-04-06 09:00:00, 0.906412, 0:00:00, 0.0 
2017-04-24 09:00:00, 2017-04-25 01:00:00, 8.313854, 16:00:00, 0.0 
2017-05-05 07:00:00, 2017-05-05 07:00:00, 0.836434, 0:00:00, 0.0 
2017-06-08 01:00:00, 2017-06-08 13:00:00, 2.043189, 12:00:00, 0.0 
2017-08-27 17:00:00, 2017-08-28 20:00:00, 8.027670, 1 day, 3:00:00, 0.0 
2017-09-09 16:00:00, 2017-09-10 05:00:00, 3.066635, 13:00:00, 0.0 
2017-09-10 17:00:00, 2017-09-12 07:00:00, 38.632645, 1 day, 14:00:00, 0.0 
2017-09-24 18:00:00, 2017-09-25 05:00:00, 0.875847, 11:00:00, 0.0 
2017-09-25 18:00:00, 2017-09-25 18:00:00, 0.895936, 0:00:00, 0.0 
2017-12-08 17:00:00, 2017-12-09 06:00:00, 3.652964, 13:00:00, 0.0 
2018-01-03 15:00:00, 2018-01-04 01:00:00, 0.827412, 10:00:00, 0.0 
2018-02-28 10:00:00, 2018-02-28 10:00:00, 0.895761, 0:00:00, 0.0 
2018-03-05 04:00:00, 2018-03-07 06:00:00, 17.100182, 2 days, 2:00:00, 0.0 
2018-03-12 08:00:00, 2018-03-12 11:00:00, 3.251848, 3:00:00, 0.0 
2018-03-26 06:00:00, 2018-03-26 06:00:00, 0.862552, 0:00:00, 0.0 
2018-04-23 21:00:00, 2018-04-23 21:00:00, 1.135296, 0:00:00, 0.0 
2018-08-25 01:00:00, 2018-08-25 02:00:00, 0.861087, 1:00:00, 0.0 
2018-11-15 07:00:00, 2018-11-15 07:00:00, 0.785793, 0:00:00, 0.0 
2018-11-23 01:00:00, 2018-11-24 16:00:00, 21.250376, 1 day, 15:00:00, 0.0 
2018-12-09 12:00:00, 2018-12-09 17:00:00, 9.094511, 5:00:00, 0.0 
2018-12-19 10:00:00, 2018-12-19 10:00:00, 0.859625, 0:00:00, 0.0 
2018-12-20 12:00:00, 2018-12-20 22:00:00, 0.865138, 10:00:00, 0.0 
2018-12-21 10:00:00, 2018-12-21 10:00:00, 0.916660, 0:00:00, 0.0 
2019-02-20 02:00:00, 2019-02-20 15:00:00, 3.210821, 13:00:00, 0.0 
2019-03-04 00:00:00, 2019-03-04 00:00:00, 0.905164, 0:00:00, 0.0 
2019-04-02 12:00:00, 2019-04-02 12:00:00, 0.963076, 0:00:00, 0.0 
2019-09-05 05:00:00, 2019-09-05 08:00:00, 4.454475, 3:00:00, 0.0 
2019-11-09 00:00:00, 2019-11-09 00:00:00, 0.982133, 0:00:00, 0.0 
2019-11-09 12:00:00, 2019-11-09 12:00:00, 0.940883, 0:00:00, 0.0 
2019-11-16 15:00:00, 2019-11-19 07:00:00, 19.826288, 2 days, 16:00:00, 0.0 
2019-12-23 11:00:00, 2019-12-23 12:00:00, 1.044354, 1:00:00, 0.0 
2019-12-24 00:00:00, 2019-12-25 01:00:00, 6.238540, 1 day, 1:00:00, 0.0 
2020-01-22 12:00:00, 2020-01-23 00:00:00, 3.017588, 12:00:00, 0.0 
2020-01-23 13:00:00, 2020-01-24 01:00:00, 2.794549, 12:00:00, 0.0 
2020-02-21 00:00:00, 2020-02-21 00:00:00, 0.960733, 0:00:00, 0.0 
2020-02-21 12:00:00, 2020-02-22 00:00:00, 1.874258, 12:00:00, 0.0 
2020-02-22 14:00:00, 2020-02-22 14:00:00, 0.879273, 0:00:00, 0.0 
2020-09-16 00:00:00, 2020-09-16 01:00:00, 1.015894, 1:00:00, 0.0 
2020-09-16 13:00:00, 2020-09-16 13:00:00, 0.943397, 0:00:00, 0.0 
2020-09-19 16:00:00, 2020-09-19 16:00:00, 0.921722, 0:00:00, 0.0 
2020-09-20 05:00:00, 2020-09-20 05:00:00, 0.910780, 0:00:00, 0.0 
2020-09-20 17:00:00, 2020-09-20 17:00:00, 1.037504, 0:00:00, 0.0 
2020-09-21 05:00:00, 2020-09-21 05:00:00, 1.011865, 0:00:00, 0.0 
2020-09-21 18:00:00, 2020-09-21 19:00:00, 1.201985, 1:00:00, 0.0 
2020-12-16 03:00:00, 2020-12-16 03:00:00, 0.798487, 0:00:00, 0.0 
2020-12-16 15:00:00, 2020-12-16 16:00:00, 1.194885, 1:00:00, 0.0 
2021-01-08 08:00:00, 2021-01-08 10:00:00, 2.090232, 2:00:00, 0.0 
2021-01-28 00:00:00, 2021-01-28 00:00:00, 0.796200, 0:00:00, 0.0 
2021-01-31 03:00:00, 2021-01-31 03:00:00, 0.907711, 0:00:00, 0.0 
2021-02-13 15:00:00, 2021-02-13 15:00:00, 0.871395, 0:00:00, 0.0 
2021-02-16 03:00:00, 2021-02-16 04:00:00, 0.941915, 1:00:00, 0.0 
2021-03-03 04:00:00, 2021-03-03 16:00:00, 1.953984, 12:00:00, 0.0 
2021-03-21 06:00:00, 2021-03-21 07:00:00, 1.051840, 1:00:00, 0.0 
2021-03-22 06:00:00, 2021-03-22 09:00:00, 3.183353, 3:00:00, 0.0 
2021-11-06 15:00:00, 2021-11-06 16:00:00, 1.161284, 1:00:00, 0.0 
2021-11-07 04:00:00, 2021-11-07 17:00:00, 3.650675, 13:00:00, 0.0 
2021-11-08 16:00:00, 2021-11-08 18:00:00, 2.058456, 2:00:00, 0.0 
2021-12-21 15:00:00, 2021-12-21 16:00:00, 1.076752, 1:00:00, 0.0 
2022-01-05 13:00:00, 2022-01-05 16:00:00, 2.953549, 3:00:00, 0.0 
2022-01-16 10:00:00, 2022-01-16 14:00:00, 5.740937, 4:00:00, 0.0 
2022-01-27 09:00:00, 2022-01-27 10:00:00, 0.971413, 1:00:00, 0.0 
2022-01-28 09:00:00, 2022-01-28 11:00:00, 1.738645, 2:00:00, 0.0 
2022-05-10 07:00:00, 2022-05-13 12:00:00, 33.960599, 3 days, 5:00:00, 0.0 
2022-05-14 00:00:00, 2022-05-14 01:00:00, 0.860960, 1:00:00, 0.0 
2022-06-05 05:00:00, 2022-06-06 18:00:00, 11.014773, 1 day, 13:00:00, 0.0 
2022-09-29 16:00:00, 2022-09-30 05:00:00, 3.758884, 13:00:00, 0.0 
2022-11-09 15:00:00, 2022-11-11 04:00:00, 15.392602, 1 day, 13:00:00, 0.0 
2022-12-13 18:00:00, 2022-12-13 18:00:00, 0.875260, 0:00:00, 0.0 
2022-12-21 12:00:00, 2022-12-22 14:00:00, 8.041126, 1 day, 2:00:00, 0.0 
