1938-11-09 17:00:00, 1938-11-09 17:00:00, 1.132036, 0:00:00, 0.0 
1938-11-10 05:00:00, 1938-11-10 05:00:00, 1.212428, 0:00:00, 0.0 
1938-11-10 17:00:00, 1938-11-10 18:00:00, 1.470662, 1:00:00, 0.0 
1939-05-03 03:00:00, 1939-05-03 03:00:00, 0.850252, 0:00:00, 0.0 
1939-05-16 00:00:00, 1939-05-16 00:00:00, 0.876524, 0:00:00, 0.0 
1939-08-31 04:00:00, 1939-08-31 04:00:00, 0.898314, 0:00:00, 0.0 
1939-09-15 05:00:00, 1939-09-15 05:00:00, 1.117282, 0:00:00, 0.0 
1939-09-21 22:00:00, 1939-09-23 11:00:00, 10.599489, 1 day, 13:00:00, 0.0 
1939-09-23 23:00:00, 1939-09-24 00:00:00, 1.018474, 1:00:00, 0.0 
1939-10-14 17:00:00, 1939-10-14 17:00:00, 0.844606, 0:00:00, 0.0 
1939-10-15 05:00:00, 1939-10-15 05:00:00, 0.856068, 0:00:00, 0.0 
1939-10-15 17:00:00, 1939-10-16 06:00:00, 3.888344, 13:00:00, 0.0 
1939-10-16 18:00:00, 1939-10-16 19:00:00, 1.255058, 1:00:00, 0.0 
1939-11-26 15:00:00, 1939-11-26 15:00:00, 0.950210, 0:00:00, 0.0 
1940-02-18 08:00:00, 1940-02-18 10:00:00, 2.096882, 2:00:00, 0.0 
1940-06-22 05:00:00, 1940-06-22 05:00:00, 0.792265, 0:00:00, 0.0 
1940-08-02 23:00:00, 1940-08-04 04:00:00, 14.825771, 1 day, 5:00:00, 0.0 
1940-08-10 08:00:00, 1940-08-10 08:00:00, 0.926643, 0:00:00, 0.0 
1940-08-11 08:00:00, 1940-08-11 09:00:00, 1.182857, 1:00:00, 0.0 
1940-09-13 01:00:00, 1940-09-13 01:00:00, 0.823993, 0:00:00, 0.0 
1940-09-13 13:00:00, 1940-09-13 13:00:00, 1.127145, 0:00:00, 0.0 
1940-09-14 02:00:00, 1940-09-14 02:00:00, 0.977545, 0:00:00, 0.0 
1940-09-26 23:00:00, 1940-09-29 01:00:00, 17.716033, 2 days, 2:00:00, 0.0 
1940-09-29 13:00:00, 1940-09-30 02:00:00, 3.637952, 13:00:00, 0.0 
1940-09-30 14:00:00, 1940-09-30 14:00:00, 0.980472, 0:00:00, 0.0 
1940-10-01 03:00:00, 1940-10-01 03:00:00, 1.003292, 0:00:00, 0.0 
1940-12-23 20:00:00, 1940-12-25 00:00:00, 18.837526, 1 day, 4:00:00, 0.0 
1940-12-25 12:00:00, 1940-12-25 12:00:00, 0.984814, 0:00:00, 0.0 
1940-12-26 00:00:00, 1940-12-26 00:00:00, 0.796897, 0:00:00, 0.0 
1940-12-27 01:00:00, 1940-12-27 01:00:00, 0.856851, 0:00:00, 0.0 
1941-01-07 08:00:00, 1941-01-07 10:00:00, 1.885620, 2:00:00, 0.0 
1941-01-12 01:00:00, 1941-01-12 01:00:00, 0.898182, 0:00:00, 0.0 
1941-01-15 04:00:00, 1941-01-15 04:00:00, 0.872471, 0:00:00, 0.0 
1941-01-29 04:00:00, 1941-01-29 04:00:00, 0.785945, 0:00:00, 0.0 
1941-05-03 18:00:00, 1941-05-03 19:00:00, 1.009163, 1:00:00, 0.0 
1941-05-04 07:00:00, 1941-05-04 08:00:00, 1.063130, 1:00:00, 0.0 
1941-09-19 14:00:00, 1941-09-19 14:00:00, 1.029307, 0:00:00, 0.0 
1941-09-20 02:00:00, 1941-09-22 04:00:00, 17.426223, 2 days, 2:00:00, 0.0 
1941-09-22 16:00:00, 1941-09-22 17:00:00, 1.361106, 1:00:00, 0.0 
1941-10-30 12:00:00, 1941-10-30 12:00:00, 1.066736, 0:00:00, 0.0 
1941-12-30 13:00:00, 1941-12-30 13:00:00, 0.792776, 0:00:00, 0.0 
1942-02-11 11:00:00, 1942-02-11 11:00:00, 0.895198, 0:00:00, 0.0 
1942-03-02 15:00:00, 1942-03-02 15:00:00, 1.016960, 0:00:00, 0.0 
1942-04-12 13:00:00, 1942-04-12 13:00:00, 0.994298, 0:00:00, 0.0 
1942-08-26 02:00:00, 1942-08-26 15:00:00, 4.336437, 13:00:00, 0.0 
1942-08-27 03:00:00, 1942-08-27 04:00:00, 1.386147, 1:00:00, 0.0 
1942-08-27 16:00:00, 1942-08-27 16:00:00, 1.110867, 0:00:00, 0.0 
1942-09-29 06:00:00, 1942-09-29 06:00:00, 0.869960, 0:00:00, 0.0 
1942-11-05 00:00:00, 1942-11-05 00:00:00, 1.199523, 0:00:00, 0.0 
1942-11-05 12:00:00, 1942-11-05 13:00:00, 1.162246, 1:00:00, 0.0 
1942-11-06 01:00:00, 1942-11-06 01:00:00, 1.124135, 0:00:00, 0.0 
1942-11-06 13:00:00, 1942-11-06 13:00:00, 0.921964, 0:00:00, 0.0 
1943-03-09 17:00:00, 1943-03-09 17:00:00, 0.959965, 0:00:00, 0.0 
1943-05-23 17:00:00, 1943-05-23 18:00:00, 0.844182, 1:00:00, 0.0 
1943-05-24 06:00:00, 1943-05-24 07:00:00, 1.109816, 1:00:00, 0.0 
1943-05-25 08:00:00, 1943-05-25 08:00:00, 0.848814, 0:00:00, 0.0 
1943-08-20 07:00:00, 1943-08-20 07:00:00, 0.937626, 0:00:00, 0.0 
1943-09-14 02:00:00, 1943-09-14 16:00:00, 4.721821, 14:00:00, 0.0 
1943-09-18 19:00:00, 1943-09-18 19:00:00, 0.897481, 0:00:00, 0.0 
1943-10-04 18:00:00, 1943-10-04 19:00:00, 1.003348, 1:00:00, 0.0 
1943-10-05 20:00:00, 1943-10-07 09:00:00, 9.527739, 1 day, 13:00:00, 0.0 
1943-10-07 21:00:00, 1943-10-07 22:00:00, 1.252749, 1:00:00, 0.0 
1943-10-12 01:00:00, 1943-10-12 02:00:00, 1.350387, 1:00:00, 0.0 
1943-10-12 14:00:00, 1943-10-13 03:00:00, 3.685191, 13:00:00, 0.0 
1943-10-13 15:00:00, 1943-10-13 15:00:00, 0.956333, 0:00:00, 0.0 
1943-10-14 04:00:00, 1943-10-14 04:00:00, 0.985266, 0:00:00, 0.0 
1944-06-05 13:00:00, 1944-06-05 13:00:00, 1.011606, 0:00:00, 0.0 
1944-06-06 01:00:00, 1944-06-06 14:00:00, 5.532776, 13:00:00, 0.0 
1944-07-04 00:00:00, 1944-07-04 13:00:00, 3.467479, 13:00:00, 0.0 
1944-07-05 01:00:00, 1944-07-05 14:00:00, 4.873809, 13:00:00, 0.0 
1944-07-06 02:00:00, 1944-07-06 03:00:00, 1.108140, 1:00:00, 0.0 
1944-10-16 15:00:00, 1944-10-16 15:00:00, 0.927029, 0:00:00, 0.0 
1944-10-19 13:00:00, 1944-10-19 20:00:00, 27.112159, 7:00:00, 0.0 
1945-04-07 10:00:00, 1945-04-07 10:00:00, 1.010027, 0:00:00, 0.0 
1945-06-24 13:00:00, 1945-06-25 03:00:00, 3.970070, 14:00:00, 0.0 
1945-09-16 23:00:00, 1945-09-16 23:00:00, 1.043667, 0:00:00, 0.0 
1945-10-05 03:00:00, 1945-10-05 03:00:00, 0.880273, 0:00:00, 0.0 
1945-10-11 19:00:00, 1945-10-11 19:00:00, 0.835728, 0:00:00, 0.0 
1945-10-15 21:00:00, 1945-10-16 11:00:00, 4.577346, 14:00:00, 0.0 
1945-10-16 23:00:00, 1945-10-17 00:00:00, 1.309925, 1:00:00, 0.0 
1946-01-16 13:00:00, 1946-01-17 02:00:00, 3.502389, 13:00:00, 0.0 
1946-03-21 17:00:00, 1946-03-21 17:00:00, 0.949835, 0:00:00, 0.0 
1946-03-22 05:00:00, 1946-03-22 06:00:00, 1.202672, 1:00:00, 0.0 
1946-03-22 18:00:00, 1946-03-22 18:00:00, 0.993737, 0:00:00, 0.0 
1946-03-23 06:00:00, 1946-03-23 06:00:00, 0.993561, 0:00:00, 0.0 
1946-03-31 14:00:00, 1946-04-01 02:00:00, 3.286681, 12:00:00, 0.0 
1946-04-01 15:00:00, 1946-04-01 15:00:00, 0.926095, 0:00:00, 0.0 
1946-10-05 23:00:00, 1946-10-06 11:00:00, 2.292479, 12:00:00, 0.0 
1946-10-07 00:00:00, 1946-10-07 00:00:00, 1.123369, 0:00:00, 0.0 
1946-10-07 12:00:00, 1946-10-07 12:00:00, 0.941537, 0:00:00, 0.0 
1946-10-08 00:00:00, 1946-10-08 14:00:00, 11.503795, 14:00:00, 0.0 
1946-11-06 13:00:00, 1946-11-06 13:00:00, 0.923730, 0:00:00, 0.0 
1946-11-07 01:00:00, 1946-11-07 01:00:00, 1.133685, 0:00:00, 0.0 
1946-11-19 12:00:00, 1946-11-19 12:00:00, 0.906026, 0:00:00, 0.0 
1946-11-20 13:00:00, 1946-11-20 13:00:00, 0.923862, 0:00:00, 0.0 
1946-11-21 01:00:00, 1946-11-21 01:00:00, 0.924128, 0:00:00, 0.0 
1946-11-21 14:00:00, 1946-11-21 14:00:00, 0.901745, 0:00:00, 0.0 
1946-12-02 21:00:00, 1946-12-03 10:00:00, 3.696708, 13:00:00, 0.0 
1946-12-04 11:00:00, 1946-12-04 11:00:00, 1.060400, 0:00:00, 0.0 
1946-12-04 23:00:00, 1946-12-04 23:00:00, 0.863840, 0:00:00, 0.0 
1946-12-05 12:00:00, 1946-12-05 12:00:00, 0.909206, 0:00:00, 0.0 
1946-12-09 16:00:00, 1946-12-09 16:00:00, 1.149657, 0:00:00, 0.0 
1947-06-22 15:00:00, 1947-06-23 19:00:00, 10.919021, 1 day, 4:00:00, 0.0 
1947-06-24 07:00:00, 1947-06-24 08:00:00, 0.899893, 1:00:00, 0.0 
1947-09-18 05:00:00, 1947-09-18 06:00:00, 1.275948, 1:00:00, 0.0 
1947-09-23 18:00:00, 1947-09-24 00:00:00, 7.511775, 6:00:00, 0.0 
1947-09-27 00:00:00, 1947-09-30 15:00:00, 57.385899, 3 days, 15:00:00, 0.0 
1947-10-01 16:00:00, 1947-10-01 16:00:00, 1.213828, 0:00:00, 0.0 
1947-10-02 04:00:00, 1947-10-02 04:00:00, 0.950331, 0:00:00, 0.0 
1947-10-06 18:00:00, 1947-10-07 05:00:00, 6.924784, 11:00:00, 0.0 
1947-10-13 02:00:00, 1947-10-13 03:00:00, 1.116194, 1:00:00, 0.0 
1947-10-13 15:00:00, 1947-10-13 15:00:00, 0.988176, 0:00:00, 0.0 
1947-10-14 03:00:00, 1947-10-14 03:00:00, 0.895406, 0:00:00, 0.0 
1947-10-14 15:00:00, 1947-10-15 04:00:00, 3.833363, 13:00:00, 0.0 
1947-10-15 16:00:00, 1947-10-15 17:00:00, 1.068149, 1:00:00, 0.0 
1947-11-02 02:00:00, 1947-11-02 19:00:00, 8.716280, 17:00:00, 0.0 
1947-11-21 21:00:00, 1947-11-21 22:00:00, 1.318581, 1:00:00, 0.0 
1947-11-22 10:00:00, 1947-11-22 10:00:00, 1.222261, 0:00:00, 0.0 
1947-11-22 22:00:00, 1947-11-22 22:00:00, 0.844970, 0:00:00, 0.0 
1947-12-13 02:00:00, 1947-12-14 04:00:00, 9.509454, 1 day, 2:00:00, 0.0 
1947-12-14 16:00:00, 1947-12-15 04:00:00, 4.089210, 12:00:00, 0.0 
1947-12-15 16:00:00, 1947-12-15 17:00:00, 1.022933, 1:00:00, 0.0 
1947-12-22 10:00:00, 1947-12-22 22:00:00, 1.929689, 12:00:00, 0.0 
1947-12-23 11:00:00, 1947-12-23 11:00:00, 0.933171, 0:00:00, 0.0 
1947-12-25 12:00:00, 1947-12-25 13:00:00, 1.208917, 1:00:00, 0.0 
1948-01-28 17:00:00, 1948-01-28 17:00:00, 1.034331, 0:00:00, 0.0 
1948-01-29 05:00:00, 1948-01-29 05:00:00, 0.952078, 0:00:00, 0.0 
1948-02-09 15:00:00, 1948-02-10 02:00:00, 1.772871, 11:00:00, 0.0 
1948-02-10 15:00:00, 1948-02-10 16:00:00, 1.343753, 1:00:00, 0.0 
1948-02-11 16:00:00, 1948-02-11 16:00:00, 0.967738, 0:00:00, 0.0 
1948-02-23 14:00:00, 1948-02-23 14:00:00, 0.939376, 0:00:00, 0.0 
1948-02-24 02:00:00, 1948-02-24 16:00:00, 5.390063, 14:00:00, 0.0 
1948-03-05 09:00:00, 1948-03-06 13:00:00, 13.355412, 1 day, 4:00:00, 0.0 
1948-03-13 14:00:00, 1948-03-13 17:00:00, 2.942410, 3:00:00, 0.0 
1948-03-14 05:00:00, 1948-03-14 05:00:00, 0.895267, 0:00:00, 0.0 
1948-04-18 07:00:00, 1948-04-18 11:00:00, 4.754052, 4:00:00, 0.0 
1948-04-18 23:00:00, 1948-04-18 23:00:00, 1.131419, 0:00:00, 0.0 
1948-04-19 11:00:00, 1948-04-19 12:00:00, 0.951762, 1:00:00, 0.0 
1948-04-30 07:00:00, 1948-04-30 08:00:00, 0.862666, 1:00:00, 0.0 
1948-06-02 09:00:00, 1948-06-02 10:00:00, 0.985562, 1:00:00, 0.0 
1948-06-02 22:00:00, 1948-06-02 23:00:00, 1.162880, 1:00:00, 0.0 
1948-06-03 23:00:00, 1948-06-04 00:00:00, 1.034880, 1:00:00, 0.0 
1948-06-04 12:00:00, 1948-06-04 12:00:00, 0.901477, 0:00:00, 0.0 
1948-09-25 20:00:00, 1948-09-26 09:00:00, 3.815080, 13:00:00, 0.0 
1948-09-26 21:00:00, 1948-09-27 09:00:00, 2.082916, 12:00:00, 0.0 
1948-10-06 19:00:00, 1948-10-06 19:00:00, 0.848218, 0:00:00, 0.0 
1948-10-28 11:00:00, 1948-10-28 12:00:00, 1.012907, 1:00:00, 0.0 
1948-12-26 12:00:00, 1948-12-26 13:00:00, 1.429171, 1:00:00, 0.0 
1948-12-27 13:00:00, 1948-12-27 13:00:00, 1.064781, 0:00:00, 0.0 
1949-01-31 02:00:00, 1949-01-31 04:00:00, 0.879115, 2:00:00, 0.0 
1949-02-27 02:00:00, 1949-02-27 02:00:00, 0.927862, 0:00:00, 0.0 
1949-02-27 15:00:00, 1949-02-27 15:00:00, 0.969288, 0:00:00, 0.0 
1949-02-28 03:00:00, 1949-02-28 03:00:00, 0.859484, 0:00:00, 0.0 
1949-06-01 16:00:00, 1949-06-04 09:00:00, 27.449316, 2 days, 17:00:00, 0.0 
1949-06-04 21:00:00, 1949-06-04 21:00:00, 0.830342, 0:00:00, 0.0 
1949-07-10 02:00:00, 1949-07-10 03:00:00, 0.999046, 1:00:00, 0.0 
1949-08-27 18:00:00, 1949-08-27 18:00:00, 1.047308, 0:00:00, 0.0 
1949-09-10 17:00:00, 1949-09-11 05:00:00, 4.172058, 12:00:00, 0.0 
1949-09-11 18:00:00, 1949-09-11 18:00:00, 0.993688, 0:00:00, 0.0 
1949-09-12 06:00:00, 1949-09-12 06:00:00, 0.883841, 0:00:00, 0.0 
1949-10-17 11:00:00, 1949-10-17 11:00:00, 0.855955, 0:00:00, 0.0 
1949-10-21 15:00:00, 1949-10-21 15:00:00, 0.981783, 0:00:00, 0.0 
1949-12-16 12:00:00, 1949-12-16 13:00:00, 1.251991, 1:00:00, 0.0 
1949-12-17 13:00:00, 1949-12-17 14:00:00, 1.173247, 1:00:00, 0.0 
1949-12-24 19:00:00, 1949-12-26 07:00:00, 9.146358, 1 day, 12:00:00, 0.0 
1949-12-29 10:00:00, 1949-12-29 10:00:00, 1.098522, 0:00:00, 0.0 
1950-02-04 15:00:00, 1950-02-05 04:00:00, 3.013009, 13:00:00, 0.0 
1950-02-05 16:00:00, 1950-02-05 17:00:00, 0.980399, 1:00:00, 0.0 
1950-02-08 17:00:00, 1950-02-08 18:00:00, 0.833999, 1:00:00, 0.0 
1950-02-09 08:00:00, 1950-02-09 08:00:00, 0.814605, 0:00:00, 0.0 
1950-05-09 09:00:00, 1950-05-09 09:00:00, 0.828553, 0:00:00, 0.0 
1950-05-21 16:00:00, 1950-05-21 17:00:00, 1.070428, 1:00:00, 0.0 
1950-05-22 05:00:00, 1950-05-22 06:00:00, 0.876701, 1:00:00, 0.0 
1950-09-06 07:00:00, 1950-09-07 10:00:00, 22.171240, 1 day, 3:00:00, 0.0 
1950-09-25 15:00:00, 1950-09-25 15:00:00, 1.157245, 0:00:00, 0.0 
1950-09-26 03:00:00, 1950-09-26 03:00:00, 0.942293, 0:00:00, 0.0 
1950-09-26 16:00:00, 1950-09-26 16:00:00, 0.795719, 0:00:00, 0.0 
1950-09-28 04:00:00, 1950-09-28 04:00:00, 0.873061, 0:00:00, 0.0 
1950-09-28 17:00:00, 1950-09-28 17:00:00, 0.968054, 0:00:00, 0.0 
1950-10-17 08:00:00, 1950-10-19 10:00:00, 52.736986, 2 days, 2:00:00, 0.0 
1950-12-28 18:00:00, 1950-12-28 18:00:00, 0.864299, 0:00:00, 0.0 
1951-01-23 01:00:00, 1951-01-23 02:00:00, 0.906272, 1:00:00, 0.0 
1951-01-23 15:00:00, 1951-01-23 15:00:00, 0.944255, 0:00:00, 0.0 
1951-02-04 14:00:00, 1951-02-04 14:00:00, 0.830157, 0:00:00, 0.0 
1951-03-06 14:00:00, 1951-03-06 14:00:00, 0.899274, 0:00:00, 0.0 
1951-03-13 05:00:00, 1951-03-13 06:00:00, 1.121914, 1:00:00, 0.0 
1951-05-17 11:00:00, 1951-05-17 11:00:00, 0.837105, 0:00:00, 0.0 
1951-09-30 02:00:00, 1951-09-30 15:00:00, 3.803457, 13:00:00, 0.0 
1951-10-01 03:00:00, 1951-10-01 03:00:00, 1.005980, 0:00:00, 0.0 
1951-10-01 15:00:00, 1951-10-03 17:00:00, 15.598988, 2 days, 2:00:00, 0.0 
1952-07-02 08:00:00, 1952-07-02 09:00:00, 1.113098, 1:00:00, 0.0 
1952-07-02 21:00:00, 1952-07-02 23:00:00, 2.821949, 2:00:00, 0.0 
1952-09-09 20:00:00, 1952-09-09 20:00:00, 0.856347, 0:00:00, 0.0 
1952-09-10 20:00:00, 1952-09-11 09:00:00, 6.011360, 13:00:00, 0.0 
1952-10-21 03:00:00, 1952-10-22 05:00:00, 9.799271, 1 day, 2:00:00, 0.0 
1952-10-22 17:00:00, 1952-10-22 18:00:00, 1.358487, 1:00:00, 0.0 
1953-06-02 16:00:00, 1953-06-02 19:00:00, 3.310502, 3:00:00, 0.0 
1953-06-03 07:00:00, 1953-06-03 07:00:00, 0.857365, 0:00:00, 0.0 
1953-06-16 03:00:00, 1953-06-16 06:00:00, 0.871897, 3:00:00, 0.0 
1953-07-12 03:00:00, 1953-07-13 16:00:00, 10.004648, 1 day, 13:00:00, 0.0 
1953-07-14 05:00:00, 1953-07-14 05:00:00, 0.813132, 0:00:00, 0.0 
1953-07-26 03:00:00, 1953-07-26 14:00:00, 0.889852, 11:00:00, 0.0 
1953-08-22 01:00:00, 1953-08-22 01:00:00, 0.934302, 0:00:00, 0.0 
1953-08-23 01:00:00, 1953-08-23 02:00:00, 1.202137, 1:00:00, 0.0 
1953-08-23 14:00:00, 1953-08-23 14:00:00, 1.031177, 0:00:00, 0.0 
1953-08-24 02:00:00, 1953-08-24 15:00:00, 3.115332, 13:00:00, 0.0 
1953-09-09 16:00:00, 1953-09-09 16:00:00, 0.871897, 0:00:00, 0.0 
1953-09-10 04:00:00, 1953-09-10 04:00:00, 0.997309, 0:00:00, 0.0 
1953-09-23 02:00:00, 1953-09-24 04:00:00, 10.904642, 1 day, 2:00:00, 0.0 
1953-09-24 16:00:00, 1953-09-24 17:00:00, 1.302929, 1:00:00, 0.0 
1953-09-25 05:00:00, 1953-09-25 05:00:00, 0.823151, 0:00:00, 0.0 
1953-10-03 12:00:00, 1953-10-03 12:00:00, 0.875627, 0:00:00, 0.0 
1953-10-04 00:00:00, 1953-10-04 13:00:00, 3.231308, 13:00:00, 0.0 
1953-10-05 01:00:00, 1953-10-06 02:00:00, 5.742555, 1 day, 1:00:00, 0.0 
1953-10-08 03:00:00, 1953-10-08 03:00:00, 0.875445, 0:00:00, 0.0 
1953-10-08 15:00:00, 1953-10-10 17:00:00, 11.746852, 2 days, 2:00:00, 0.0 
1953-11-06 02:00:00, 1953-11-06 02:00:00, 0.942331, 0:00:00, 0.0 
1953-11-06 15:00:00, 1953-11-06 16:00:00, 1.257781, 1:00:00, 0.0 
1953-11-09 17:00:00, 1953-11-09 17:00:00, 0.903421, 0:00:00, 0.0 
1953-11-10 05:00:00, 1953-11-10 05:00:00, 0.784289, 0:00:00, 0.0 
1953-11-10 18:00:00, 1953-11-10 18:00:00, 0.876713, 0:00:00, 0.0 
1953-11-11 18:00:00, 1953-11-11 19:00:00, 1.158449, 1:00:00, 0.0 
1954-06-19 01:00:00, 1954-06-22 07:00:00, 35.446843, 3 days, 6:00:00, 0.0 
1954-07-13 00:00:00, 1954-07-13 01:00:00, 0.814846, 1:00:00, 0.0 
1954-09-10 01:00:00, 1954-09-10 01:00:00, 0.806977, 0:00:00, 0.0 
1954-09-11 02:00:00, 1954-09-11 02:00:00, 0.842638, 0:00:00, 0.0 
1954-10-08 11:00:00, 1954-10-08 12:00:00, 1.450204, 1:00:00, 0.0 
1954-10-15 05:00:00, 1954-10-15 05:00:00, 0.940101, 0:00:00, 0.0 
1954-11-11 02:00:00, 1954-11-11 03:00:00, 1.137017, 1:00:00, 0.0 
1954-11-11 16:00:00, 1954-11-11 16:00:00, 1.061625, 0:00:00, 0.0 
1954-12-07 11:00:00, 1954-12-07 13:00:00, 3.419668, 2:00:00, 0.0 
1955-02-04 13:00:00, 1955-02-04 13:00:00, 0.957325, 0:00:00, 0.0 
1955-05-16 09:00:00, 1955-05-16 09:00:00, 0.919329, 0:00:00, 0.0 
1955-08-10 20:00:00, 1955-08-11 08:00:00, 3.178053, 12:00:00, 0.0 
1955-08-11 20:00:00, 1955-08-12 09:00:00, 5.413169, 13:00:00, 0.0 
1955-08-17 02:00:00, 1955-08-17 03:00:00, 1.057313, 1:00:00, 0.0 
1955-08-17 15:00:00, 1955-08-17 15:00:00, 0.924914, 0:00:00, 0.0 
1955-09-18 17:00:00, 1955-09-18 17:00:00, 0.933781, 0:00:00, 0.0 
1955-10-03 04:00:00, 1955-10-03 04:00:00, 0.855941, 0:00:00, 0.0 
1955-10-03 17:00:00, 1955-10-03 17:00:00, 1.030825, 0:00:00, 0.0 
1955-12-27 13:00:00, 1955-12-28 01:00:00, 3.054153, 12:00:00, 0.0 
1955-12-28 14:00:00, 1955-12-28 15:00:00, 1.212485, 1:00:00, 0.0 
1956-01-08 11:00:00, 1956-01-08 12:00:00, 1.270421, 1:00:00, 0.0 
1956-01-09 12:00:00, 1956-01-09 13:00:00, 1.270705, 1:00:00, 0.0 
1956-01-10 13:00:00, 1956-01-10 13:00:00, 0.961881, 0:00:00, 0.0 
1956-01-11 14:00:00, 1956-01-11 14:00:00, 1.015630, 0:00:00, 0.0 
1956-01-12 15:00:00, 1956-01-12 15:00:00, 1.092430, 0:00:00, 0.0 
1956-01-14 16:00:00, 1956-01-14 16:00:00, 1.022397, 0:00:00, 0.0 
1956-04-11 02:00:00, 1956-04-11 03:00:00, 0.896100, 1:00:00, 0.0 
1956-05-08 22:00:00, 1956-05-09 14:00:00, 10.618606, 16:00:00, 0.0 
1956-05-10 03:00:00, 1956-05-10 03:00:00, 0.842845, 0:00:00, 0.0 
1956-05-26 04:00:00, 1956-05-26 04:00:00, 0.926088, 0:00:00, 0.0 
1956-09-09 19:00:00, 1956-09-09 19:00:00, 1.118232, 0:00:00, 0.0 
1956-10-12 22:00:00, 1956-10-12 22:00:00, 1.125941, 0:00:00, 0.0 
1956-10-13 10:00:00, 1956-10-13 10:00:00, 1.132839, 0:00:00, 0.0 
1956-10-13 23:00:00, 1956-10-14 11:00:00, 2.154859, 12:00:00, 0.0 
1956-10-14 23:00:00, 1956-10-15 00:00:00, 1.287344, 1:00:00, 0.0 
1956-10-15 12:00:00, 1956-10-15 12:00:00, 1.178917, 0:00:00, 0.0 
1956-10-16 00:00:00, 1956-10-17 02:00:00, 16.408246, 1 day, 2:00:00, 0.0 
1956-10-17 14:00:00, 1956-10-17 14:00:00, 1.057447, 0:00:00, 0.0 
1956-10-26 07:00:00, 1956-10-26 08:00:00, 1.163493, 1:00:00, 0.0 
1956-10-28 10:00:00, 1956-10-28 11:00:00, 1.217251, 1:00:00, 0.0 
1956-10-28 23:00:00, 1956-10-28 23:00:00, 0.966819, 0:00:00, 0.0 
1956-10-29 11:00:00, 1956-10-29 12:00:00, 1.369140, 1:00:00, 0.0 
1956-10-30 00:00:00, 1956-10-30 00:00:00, 1.096020, 0:00:00, 0.0 
1956-10-30 12:00:00, 1956-10-30 13:00:00, 0.977721, 1:00:00, 0.0 
1956-11-03 03:00:00, 1956-11-03 03:00:00, 0.888603, 0:00:00, 0.0 
1956-11-03 15:00:00, 1956-11-04 04:00:00, 5.298918, 13:00:00, 0.0 
1956-11-04 16:00:00, 1956-11-05 05:00:00, 3.821116, 13:00:00, 0.0 
1956-11-05 17:00:00, 1956-11-05 18:00:00, 1.085239, 1:00:00, 0.0 
1957-02-21 07:00:00, 1957-02-21 09:00:00, 2.587549, 2:00:00, 0.0 
1957-02-22 08:00:00, 1957-02-22 10:00:00, 2.650579, 2:00:00, 0.0 
1957-03-05 17:00:00, 1957-03-05 17:00:00, 0.877716, 0:00:00, 0.0 
1957-03-06 05:00:00, 1957-03-06 17:00:00, 2.360232, 12:00:00, 0.0 
1957-05-05 04:00:00, 1957-05-05 19:00:00, 5.508181, 15:00:00, 0.0 
1957-06-10 13:00:00, 1957-06-10 13:00:00, 0.917907, 0:00:00, 0.0 
1957-07-25 22:00:00, 1957-07-26 02:00:00, 2.395751, 4:00:00, 0.0 
1957-07-26 14:00:00, 1957-07-26 14:00:00, 0.886213, 0:00:00, 0.0 
1957-08-07 01:00:00, 1957-08-07 12:00:00, 0.837453, 11:00:00, 0.0 
1957-08-22 00:00:00, 1957-08-22 12:00:00, 2.081747, 12:00:00, 0.0 
1957-08-23 00:00:00, 1957-08-24 14:00:00, 12.418802, 1 day, 14:00:00, 0.0 
1957-08-25 02:00:00, 1957-08-25 03:00:00, 1.194240, 1:00:00, 0.0 
1957-10-04 12:00:00, 1957-10-04 12:00:00, 0.942287, 0:00:00, 0.0 
1957-10-05 00:00:00, 1957-10-05 01:00:00, 1.171459, 1:00:00, 0.0 
1957-10-05 13:00:00, 1957-10-05 13:00:00, 1.273855, 0:00:00, 0.0 
1957-10-06 01:00:00, 1957-10-06 14:00:00, 3.700205, 13:00:00, 0.0 
1957-10-07 02:00:00, 1957-10-07 02:00:00, 1.000850, 0:00:00, 0.0 
1957-10-12 18:00:00, 1957-10-13 06:00:00, 2.123031, 12:00:00, 0.0 
1958-01-03 12:00:00, 1958-01-03 13:00:00, 0.997934, 1:00:00, 0.0 
1958-01-04 13:00:00, 1958-01-04 14:00:00, 1.275636, 1:00:00, 0.0 
1958-04-05 00:00:00, 1958-04-05 00:00:00, 0.895475, 0:00:00, 0.0 
1958-04-05 13:00:00, 1958-04-05 13:00:00, 1.013945, 0:00:00, 0.0 
1958-04-17 14:00:00, 1958-04-17 14:00:00, 1.085723, 0:00:00, 0.0 
1958-04-20 04:00:00, 1958-04-20 04:00:00, 0.849381, 0:00:00, 0.0 
1958-06-29 13:00:00, 1958-06-29 13:00:00, 1.017459, 0:00:00, 0.0 
1958-06-30 02:00:00, 1958-06-30 02:00:00, 1.016600, 0:00:00, 0.0 
1958-06-30 14:00:00, 1958-06-30 14:00:00, 0.889790, 0:00:00, 0.0 
1958-10-06 21:00:00, 1958-10-07 10:00:00, 4.058260, 13:00:00, 0.0 
1958-10-07 22:00:00, 1958-10-08 11:00:00, 3.869208, 13:00:00, 0.0 
1958-10-12 15:00:00, 1958-10-12 15:00:00, 1.076129, 0:00:00, 0.0 
1958-10-13 03:00:00, 1958-10-13 03:00:00, 1.011296, 0:00:00, 0.0 
1958-10-13 16:00:00, 1958-10-13 16:00:00, 1.104630, 0:00:00, 0.0 
1958-10-14 17:00:00, 1958-10-14 17:00:00, 0.945455, 0:00:00, 0.0 
1958-10-20 09:00:00, 1958-10-20 10:00:00, 1.223569, 1:00:00, 0.0 
1958-10-21 10:00:00, 1958-10-21 11:00:00, 1.258225, 1:00:00, 0.0 
1958-12-11 15:00:00, 1958-12-11 16:00:00, 1.188980, 1:00:00, 0.0 
1958-12-12 04:00:00, 1958-12-12 04:00:00, 1.032087, 0:00:00, 0.0 
1958-12-27 16:00:00, 1958-12-27 16:00:00, 0.952952, 0:00:00, 0.0 
1959-01-03 08:00:00, 1959-01-03 09:00:00, 1.236987, 1:00:00, 0.0 
1959-01-06 13:00:00, 1959-01-06 13:00:00, 0.875107, 0:00:00, 0.0 
1959-02-02 10:00:00, 1959-02-02 10:00:00, 1.104134, 0:00:00, 0.0 
1959-02-03 11:00:00, 1959-02-03 11:00:00, 0.924504, 0:00:00, 0.0 
1959-06-14 18:00:00, 1959-06-15 07:00:00, 3.625241, 13:00:00, 0.0 
1959-06-18 21:00:00, 1959-06-19 12:00:00, 8.238957, 15:00:00, 0.0 
1959-07-08 14:00:00, 1959-07-08 16:00:00, 1.888399, 2:00:00, 0.0 
1959-07-09 05:00:00, 1959-07-09 05:00:00, 0.955659, 0:00:00, 0.0 
1959-09-29 00:00:00, 1959-09-29 01:00:00, 1.624724, 1:00:00, 0.0 
1959-10-22 19:00:00, 1959-10-22 19:00:00, 0.987754, 0:00:00, 0.0 
1959-11-16 16:00:00, 1959-11-16 16:00:00, 1.086709, 0:00:00, 0.0 
1959-11-18 17:00:00, 1959-11-19 05:00:00, 2.458804, 12:00:00, 0.0 
1959-12-04 06:00:00, 1959-12-04 06:00:00, 0.879993, 0:00:00, 0.0 
1959-12-04 18:00:00, 1959-12-04 19:00:00, 1.535222, 1:00:00, 0.0 
1959-12-05 07:00:00, 1959-12-05 07:00:00, 0.863067, 0:00:00, 0.0 
1959-12-05 20:00:00, 1959-12-05 20:00:00, 0.918512, 0:00:00, 0.0 
1959-12-24 09:00:00, 1959-12-24 22:00:00, 3.858973, 13:00:00, 0.0 
1959-12-25 10:00:00, 1959-12-25 11:00:00, 1.544747, 1:00:00, 0.0 
1959-12-25 23:00:00, 1959-12-25 23:00:00, 1.049247, 0:00:00, 0.0 
1959-12-26 11:00:00, 1959-12-26 12:00:00, 1.190154, 1:00:00, 0.0 
1959-12-27 00:00:00, 1959-12-27 00:00:00, 0.951790, 0:00:00, 0.0 
1960-01-18 05:00:00, 1960-01-18 05:00:00, 0.822332, 0:00:00, 0.0 
1960-02-04 07:00:00, 1960-02-04 08:00:00, 1.077718, 1:00:00, 0.0 
1960-02-05 08:00:00, 1960-02-05 09:00:00, 1.034236, 1:00:00, 0.0 
1960-03-12 02:00:00, 1960-03-12 02:00:00, 1.053329, 0:00:00, 0.0 
1960-03-16 05:00:00, 1960-03-16 05:00:00, 1.039227, 0:00:00, 0.0 
1960-06-08 23:00:00, 1960-06-11 05:00:00, 25.927708, 2 days, 6:00:00, 0.0 
1960-09-23 16:00:00, 1960-09-23 17:00:00, 1.296067, 1:00:00, 0.0 
1960-09-24 05:00:00, 1960-09-25 19:00:00, 11.629033, 1 day, 14:00:00, 0.0 
1960-09-26 07:00:00, 1960-09-26 07:00:00, 0.993772, 0:00:00, 0.0 
1960-12-09 19:00:00, 1960-12-09 19:00:00, 0.904888, 0:00:00, 0.0 
1961-01-14 12:00:00, 1961-01-14 13:00:00, 0.865074, 1:00:00, 0.0 
1961-02-03 03:00:00, 1961-02-03 17:00:00, 5.124436, 14:00:00, 0.0 
1961-02-07 06:00:00, 1961-02-07 06:00:00, 0.872298, 0:00:00, 0.0 
1961-03-18 01:00:00, 1961-03-18 13:00:00, 2.982428, 12:00:00, 0.0 
1961-06-17 16:00:00, 1961-06-17 17:00:00, 0.806547, 1:00:00, 0.0 
1961-06-18 06:00:00, 1961-06-18 06:00:00, 0.953868, 0:00:00, 0.0 
1961-09-18 09:00:00, 1961-09-18 09:00:00, 0.995715, 0:00:00, 0.0 
1961-11-29 20:00:00, 1961-11-29 20:00:00, 0.893970, 0:00:00, 0.0 
1962-03-02 10:00:00, 1962-03-05 02:00:00, 21.631606, 2 days, 16:00:00, 0.0 
1962-03-08 05:00:00, 1962-03-08 17:00:00, 2.402381, 12:00:00, 0.0 
1962-03-09 05:00:00, 1962-03-09 18:00:00, 3.677580, 13:00:00, 0.0 
1962-03-10 06:00:00, 1962-03-10 06:00:00, 1.015137, 0:00:00, 0.0 
1962-03-10 18:00:00, 1962-03-11 07:00:00, 4.102229, 13:00:00, 0.0 
1962-06-29 00:00:00, 1962-06-29 12:00:00, 1.862265, 12:00:00, 0.0 
1962-06-30 01:00:00, 1962-06-30 02:00:00, 0.856044, 1:00:00, 0.0 
1962-07-06 06:00:00, 1962-07-06 06:00:00, 0.821253, 0:00:00, 0.0 
1962-09-21 21:00:00, 1962-09-21 23:00:00, 2.917544, 2:00:00, 0.0 
1962-10-18 20:00:00, 1962-10-18 20:00:00, 1.005848, 0:00:00, 0.0 
1962-10-19 08:00:00, 1962-10-19 08:00:00, 1.000524, 0:00:00, 0.0 
1962-10-19 21:00:00, 1962-10-19 21:00:00, 0.906612, 0:00:00, 0.0 
1962-11-27 15:00:00, 1962-12-02 06:00:00, 49.364240, 4 days, 15:00:00, 0.0 
1962-12-03 07:00:00, 1962-12-03 07:00:00, 0.837893, 0:00:00, 0.0 
1962-12-03 20:00:00, 1962-12-03 20:00:00, 0.910593, 0:00:00, 0.0 
1962-12-31 18:00:00, 1962-12-31 18:00:00, 0.961350, 0:00:00, 0.0 
1963-01-07 00:00:00, 1963-01-07 00:00:00, 0.847463, 0:00:00, 0.0 
1963-01-07 12:00:00, 1963-01-07 13:00:00, 1.220141, 1:00:00, 0.0 
1963-01-08 01:00:00, 1963-01-08 01:00:00, 1.016377, 0:00:00, 0.0 
1963-02-03 22:00:00, 1963-02-07 01:00:00, 34.374802, 3 days, 3:00:00, 0.0 
1963-02-09 03:00:00, 1963-02-10 04:00:00, 6.475873, 1 day, 1:00:00, 0.0 
1963-02-10 16:00:00, 1963-02-10 16:00:00, 0.865471, 0:00:00, 0.0 
1963-05-24 16:00:00, 1963-05-24 16:00:00, 0.982868, 0:00:00, 0.0 
1963-05-25 05:00:00, 1963-05-25 05:00:00, 0.949973, 0:00:00, 0.0 
1963-05-26 06:00:00, 1963-05-26 06:00:00, 0.830961, 0:00:00, 0.0 
1963-06-01 23:00:00, 1963-06-01 23:00:00, 0.844033, 0:00:00, 0.0 
1963-09-17 15:00:00, 1963-09-17 15:00:00, 0.944830, 0:00:00, 0.0 
1963-09-23 06:00:00, 1963-09-27 09:00:00, 44.029505, 4 days, 3:00:00, 0.0 
1963-10-23 06:00:00, 1963-10-23 06:00:00, 0.858379, 0:00:00, 0.0 
1963-10-23 18:00:00, 1963-10-25 08:00:00, 14.729013, 1 day, 14:00:00, 0.0 
1963-12-31 01:00:00, 1964-01-01 04:00:00, 10.798490, 1 day, 3:00:00, 0.0 
1964-04-26 15:00:00, 1964-04-26 15:00:00, 1.015373, 0:00:00, 0.0 
1964-04-27 04:00:00, 1964-04-27 04:00:00, 1.033203, 0:00:00, 0.0 
1964-04-30 16:00:00, 1964-04-30 16:00:00, 0.875709, 0:00:00, 0.0 
1964-05-03 07:00:00, 1964-05-03 07:00:00, 0.899789, 0:00:00, 0.0 
1964-05-04 05:00:00, 1964-05-05 21:00:00, 19.997838, 1 day, 16:00:00, 0.0 
1964-05-06 09:00:00, 1964-05-06 10:00:00, 1.133365, 1:00:00, 0.0 
1964-05-06 22:00:00, 1964-05-06 22:00:00, 0.904845, 0:00:00, 0.0 
1964-05-07 11:00:00, 1964-05-07 11:00:00, 0.921589, 0:00:00, 0.0 
1964-06-06 22:00:00, 1964-06-07 00:00:00, 2.023920, 2:00:00, 0.0 
1964-06-07 12:00:00, 1964-06-07 12:00:00, 0.835912, 0:00:00, 0.0 
1964-06-08 01:00:00, 1964-06-08 13:00:00, 2.056908, 12:00:00, 0.0 
1964-06-09 02:00:00, 1964-06-09 02:00:00, 0.971517, 0:00:00, 0.0 
1964-06-29 16:00:00, 1964-06-29 17:00:00, 0.893425, 1:00:00, 0.0 
1964-08-28 15:00:00, 1964-08-28 19:00:00, 4.332541, 4:00:00, 0.0 
1964-09-08 17:00:00, 1964-09-10 19:00:00, 103.456280, 2 days, 2:00:00, 0.0 
1964-09-21 03:00:00, 1964-09-21 03:00:00, 0.824027, 0:00:00, 0.0 
1964-09-21 15:00:00, 1964-09-21 15:00:00, 1.021258, 0:00:00, 0.0 
1964-09-22 04:00:00, 1964-09-22 04:00:00, 1.085879, 0:00:00, 0.0 
1964-09-22 16:00:00, 1964-09-22 16:00:00, 0.819273, 0:00:00, 0.0 
1964-10-06 04:00:00, 1964-10-06 04:00:00, 0.961488, 0:00:00, 0.0 
1964-10-06 16:00:00, 1964-10-08 05:00:00, 8.923501, 1 day, 13:00:00, 0.0 
1964-10-08 17:00:00, 1964-10-08 18:00:00, 1.320583, 1:00:00, 0.0 
1964-10-11 19:00:00, 1964-10-11 20:00:00, 1.114043, 1:00:00, 0.0 
1964-10-15 23:00:00, 1964-10-15 23:00:00, 0.969621, 0:00:00, 0.0 
1964-11-01 01:00:00, 1964-11-01 01:00:00, 0.964635, 0:00:00, 0.0 
1964-11-01 13:00:00, 1964-11-02 02:00:00, 3.993520, 13:00:00, 0.0 
1964-11-02 14:00:00, 1964-11-03 03:00:00, 4.162080, 13:00:00, 0.0 
1964-11-03 15:00:00, 1964-11-03 15:00:00, 1.076907, 0:00:00, 0.0 
1964-11-04 03:00:00, 1964-11-04 03:00:00, 1.031219, 0:00:00, 0.0 
1964-11-04 16:00:00, 1964-11-04 16:00:00, 0.804239, 0:00:00, 0.0 
1964-11-23 19:00:00, 1964-11-23 19:00:00, 0.864436, 0:00:00, 0.0 
1964-12-19 16:00:00, 1964-12-19 16:00:00, 0.823015, 0:00:00, 0.0 
1965-01-07 18:00:00, 1965-01-07 18:00:00, 0.859622, 0:00:00, 0.0 
1965-01-15 23:00:00, 1965-01-16 01:00:00, 2.447569, 2:00:00, 0.0 
1965-02-15 02:00:00, 1965-02-15 02:00:00, 0.884640, 0:00:00, 0.0 
1965-02-16 03:00:00, 1965-02-16 03:00:00, 0.963416, 0:00:00, 0.0 
1965-02-17 04:00:00, 1965-02-17 04:00:00, 0.815707, 0:00:00, 0.0 
1965-02-20 16:00:00, 1965-02-21 07:00:00, 3.523345, 15:00:00, 0.0 
1965-04-01 15:00:00, 1965-04-01 15:00:00, 1.059921, 0:00:00, 0.0 
1965-04-03 13:00:00, 1965-04-03 13:00:00, 0.803065, 0:00:00, 0.0 
1965-04-10 20:00:00, 1965-04-10 22:00:00, 1.706360, 2:00:00, 0.0 
1965-06-05 04:00:00, 1965-06-05 04:00:00, 0.854699, 0:00:00, 0.0 
1965-07-22 08:00:00, 1965-07-22 08:00:00, 0.826535, 0:00:00, 0.0 
1965-09-07 00:00:00, 1965-09-08 13:00:00, 8.509923, 1 day, 13:00:00, 0.0 
1965-09-09 02:00:00, 1965-09-09 02:00:00, 1.042782, 0:00:00, 0.0 
1965-09-28 18:00:00, 1965-09-28 18:00:00, 0.894327, 0:00:00, 0.0 
1965-10-18 09:00:00, 1965-10-18 10:00:00, 1.521998, 1:00:00, 0.0 
1965-10-18 22:00:00, 1965-10-18 22:00:00, 0.965547, 0:00:00, 0.0 
1965-12-19 13:00:00, 1965-12-19 13:00:00, 0.939521, 0:00:00, 0.0 
1965-12-20 12:00:00, 1965-12-21 01:00:00, 3.528650, 13:00:00, 0.0 
1965-12-27 18:00:00, 1965-12-27 18:00:00, 0.807759, 0:00:00, 0.0 
1966-01-15 10:00:00, 1966-01-15 10:00:00, 0.904498, 0:00:00, 0.0 
1966-01-21 12:00:00, 1966-01-22 02:00:00, 2.842529, 14:00:00, 0.0 
1966-01-22 15:00:00, 1966-01-22 16:00:00, 1.040256, 1:00:00, 0.0 
1966-01-26 03:00:00, 1966-01-26 05:00:00, 2.434434, 2:00:00, 0.0 
1966-01-26 17:00:00, 1966-01-26 18:00:00, 1.016251, 1:00:00, 0.0 
1966-02-19 02:00:00, 1966-02-19 15:00:00, 3.724963, 13:00:00, 0.0 
1966-02-23 14:00:00, 1966-02-23 17:00:00, 3.661178, 3:00:00, 0.0 
1966-02-24 05:00:00, 1966-02-24 05:00:00, 0.838510, 0:00:00, 0.0 
1966-03-16 11:00:00, 1966-03-16 11:00:00, 0.925908, 0:00:00, 0.0 
1966-03-17 10:00:00, 1966-03-17 12:00:00, 2.253176, 2:00:00, 0.0 
1966-06-01 11:00:00, 1966-06-01 13:00:00, 2.311188, 2:00:00, 0.0 
1966-06-20 14:00:00, 1966-06-23 17:00:00, 19.221106, 3 days, 3:00:00, 0.0 
1966-07-01 11:00:00, 1966-07-01 13:00:00, 2.034744, 2:00:00, 0.0 
1966-07-22 19:00:00, 1966-07-22 19:00:00, 0.841940, 0:00:00, 0.0 
1966-07-23 20:00:00, 1966-07-23 20:00:00, 0.986174, 0:00:00, 0.0 
1966-07-24 08:00:00, 1966-07-24 08:00:00, 0.961740, 0:00:00, 0.0 
1966-11-22 09:00:00, 1966-11-22 11:00:00, 2.602116, 2:00:00, 0.0 
1966-11-22 23:00:00, 1966-11-23 12:00:00, 6.458153, 13:00:00, 0.0 
1966-11-24 00:00:00, 1966-11-24 00:00:00, 1.117682, 0:00:00, 0.0 
1967-02-09 12:00:00, 1967-02-10 03:00:00, 3.839247, 15:00:00, 0.0 
1967-02-13 03:00:00, 1967-02-13 18:00:00, 6.849428, 15:00:00, 0.0 
1967-05-24 03:00:00, 1967-05-24 04:00:00, 1.199550, 1:00:00, 0.0 
1967-06-02 10:00:00, 1967-06-02 10:00:00, 0.873417, 0:00:00, 0.0 
1967-06-06 02:00:00, 1967-06-07 14:00:00, 8.799824, 1 day, 12:00:00, 0.0 
1967-06-08 02:00:00, 1967-06-08 03:00:00, 1.090057, 1:00:00, 0.0 
1967-06-11 16:00:00, 1967-06-11 16:00:00, 0.837723, 0:00:00, 0.0 
1967-06-13 17:00:00, 1967-06-13 17:00:00, 0.825106, 0:00:00, 0.0 
1967-06-14 06:00:00, 1967-06-16 09:00:00, 14.826223, 2 days, 3:00:00, 0.0 
1967-06-16 21:00:00, 1967-06-17 10:00:00, 4.036603, 13:00:00, 0.0 
1967-06-17 23:00:00, 1967-06-17 23:00:00, 0.873041, 0:00:00, 0.0 
1967-09-03 14:00:00, 1967-09-03 14:00:00, 0.879540, 0:00:00, 0.0 
1967-09-04 03:00:00, 1967-09-04 03:00:00, 0.926888, 0:00:00, 0.0 
1967-09-04 15:00:00, 1967-09-04 15:00:00, 1.197891, 0:00:00, 0.0 
1967-09-05 03:00:00, 1967-09-05 04:00:00, 1.081016, 1:00:00, 0.0 
1967-09-05 16:00:00, 1967-09-05 16:00:00, 0.978977, 0:00:00, 0.0 
1967-09-12 09:00:00, 1967-09-12 10:00:00, 1.149517, 1:00:00, 0.0 
1967-09-12 22:00:00, 1967-09-13 11:00:00, 3.079862, 13:00:00, 0.0 
1967-09-14 00:00:00, 1967-09-14 00:00:00, 0.860180, 0:00:00, 0.0 
1967-09-15 01:00:00, 1967-09-15 01:00:00, 0.846911, 0:00:00, 0.0 
1968-01-02 16:00:00, 1968-01-03 05:00:00, 5.251478, 13:00:00, 0.0 
1968-01-12 13:00:00, 1968-01-12 13:00:00, 0.872488, 0:00:00, 0.0 
1968-01-25 11:00:00, 1968-01-25 12:00:00, 1.379607, 1:00:00, 0.0 
1968-01-26 12:00:00, 1968-01-26 13:00:00, 1.616307, 1:00:00, 0.0 
1968-01-27 13:00:00, 1968-01-27 14:00:00, 1.470760, 1:00:00, 0.0 
1968-01-28 14:00:00, 1968-01-29 02:00:00, 2.497277, 12:00:00, 0.0 
1968-01-29 15:00:00, 1968-01-30 03:00:00, 2.339768, 12:00:00, 0.0 
1968-01-30 16:00:00, 1968-01-30 16:00:00, 1.256905, 0:00:00, 0.0 
1968-01-31 04:00:00, 1968-01-31 04:00:00, 1.052219, 0:00:00, 0.0 
1968-01-31 17:00:00, 1968-01-31 17:00:00, 1.396865, 0:00:00, 0.0 
1968-02-01 14:00:00, 1968-02-02 05:00:00, 4.532082, 15:00:00, 0.0 
1968-02-06 06:00:00, 1968-02-06 06:00:00, 0.792044, 0:00:00, 0.0 
1968-02-23 10:00:00, 1968-02-23 11:00:00, 1.022568, 1:00:00, 0.0 
1968-02-24 09:00:00, 1968-02-24 12:00:00, 0.873203, 3:00:00, 0.0 
1968-06-05 09:00:00, 1968-06-05 09:00:00, 1.023825, 0:00:00, 0.0 
1968-06-05 21:00:00, 1968-06-07 00:00:00, 15.986272, 1 day, 3:00:00, 0.0 
1968-07-08 12:00:00, 1968-07-08 13:00:00, 0.897752, 1:00:00, 0.0 
1968-08-28 15:00:00, 1968-08-31 08:00:00, 29.363156, 2 days, 17:00:00, 0.0 
1968-08-31 21:00:00, 1968-08-31 22:00:00, 0.845263, 1:00:00, 0.0 
1968-09-22 03:00:00, 1968-09-22 03:00:00, 0.980646, 0:00:00, 0.0 
1968-09-22 15:00:00, 1968-09-23 04:00:00, 3.358245, 13:00:00, 0.0 
1968-09-23 16:00:00, 1968-09-23 16:00:00, 0.984601, 0:00:00, 0.0 
1968-10-19 13:00:00, 1968-10-19 13:00:00, 1.190996, 0:00:00, 0.0 
1969-02-15 13:00:00, 1969-02-16 02:00:00, 8.261220, 13:00:00, 0.0 
1969-02-16 15:00:00, 1969-02-16 15:00:00, 0.914309, 0:00:00, 0.0 
1969-02-21 18:00:00, 1969-02-21 18:00:00, 0.930779, 0:00:00, 0.0 
1969-02-22 06:00:00, 1969-02-23 07:00:00, 6.859636, 1 day, 1:00:00, 0.0 
1969-03-03 15:00:00, 1969-03-04 16:00:00, 7.944143, 1 day, 1:00:00, 0.0 
1969-03-05 13:00:00, 1969-03-05 16:00:00, 2.895970, 3:00:00, 0.0 
1969-03-06 04:00:00, 1969-03-06 04:00:00, 0.929909, 0:00:00, 0.0 
1969-03-06 16:00:00, 1969-03-06 16:00:00, 0.879214, 0:00:00, 0.0 
1969-09-20 22:00:00, 1969-09-20 22:00:00, 0.997442, 0:00:00, 0.0 
1969-09-22 00:00:00, 1969-09-22 00:00:00, 0.883602, 0:00:00, 0.0 
1969-09-22 12:00:00, 1969-09-22 12:00:00, 0.858639, 0:00:00, 0.0 
1969-09-23 00:00:00, 1969-09-23 01:00:00, 1.045850, 1:00:00, 0.0 
1969-09-29 18:00:00, 1969-10-01 07:00:00, 16.459082, 1 day, 13:00:00, 0.0 
1969-10-24 02:00:00, 1969-10-24 03:00:00, 1.442704, 1:00:00, 0.0 
1969-10-24 15:00:00, 1969-10-24 15:00:00, 1.084807, 0:00:00, 0.0 
1969-10-29 18:00:00, 1969-10-30 06:00:00, 2.196526, 12:00:00, 0.0 
1969-10-30 18:00:00, 1969-10-31 07:00:00, 3.385468, 13:00:00, 0.0 
1969-10-31 19:00:00, 1969-11-01 16:00:00, 6.524962, 21:00:00, 0.0 
1970-03-09 00:00:00, 1970-03-09 01:00:00, 1.110572, 1:00:00, 0.0 
1970-03-10 01:00:00, 1970-03-10 01:00:00, 0.945768, 0:00:00, 0.0 
1970-06-09 06:00:00, 1970-06-09 06:00:00, 0.846876, 0:00:00, 0.0 
1970-06-29 10:00:00, 1970-06-29 11:00:00, 1.022099, 1:00:00, 0.0 
1970-09-29 14:00:00, 1970-09-29 15:00:00, 0.950836, 1:00:00, 0.0 
1970-10-17 18:00:00, 1970-10-17 18:00:00, 0.970608, 0:00:00, 0.0 
1970-10-28 01:00:00, 1970-10-29 02:00:00, 6.512635, 1 day, 1:00:00, 0.0 
1970-10-29 15:00:00, 1970-10-29 15:00:00, 0.928080, 0:00:00, 0.0 
1970-11-01 04:00:00, 1970-11-01 04:00:00, 0.839279, 0:00:00, 0.0 
1970-12-30 13:00:00, 1970-12-30 13:00:00, 1.150193, 0:00:00, 0.0 
1970-12-31 02:00:00, 1970-12-31 02:00:00, 0.851982, 0:00:00, 0.0 
1971-09-29 23:00:00, 1971-09-29 23:00:00, 0.943609, 0:00:00, 0.0 
1971-10-18 15:00:00, 1971-10-18 15:00:00, 1.009424, 0:00:00, 0.0 
1971-10-19 03:00:00, 1971-10-19 03:00:00, 1.099524, 0:00:00, 0.0 
1971-10-19 15:00:00, 1971-10-19 16:00:00, 1.094235, 1:00:00, 0.0 
1971-10-20 15:00:00, 1971-10-21 04:00:00, 4.173967, 13:00:00, 0.0 
1971-10-21 16:00:00, 1971-10-21 17:00:00, 1.189856, 1:00:00, 0.0 
1971-11-05 18:00:00, 1971-11-05 18:00:00, 0.873346, 0:00:00, 0.0 
1971-11-08 19:00:00, 1971-11-08 20:00:00, 1.099743, 1:00:00, 0.0 
1971-11-09 08:00:00, 1971-11-09 08:00:00, 0.848272, 0:00:00, 0.0 
1971-11-23 18:00:00, 1971-11-23 19:00:00, 1.153067, 1:00:00, 0.0 
1971-12-03 03:00:00, 1971-12-03 03:00:00, 1.111336, 0:00:00, 0.0 
1971-12-03 15:00:00, 1971-12-03 17:00:00, 2.752747, 2:00:00, 0.0 
1971-12-04 16:00:00, 1971-12-05 05:00:00, 5.638522, 13:00:00, 0.0 
1971-12-05 17:00:00, 1971-12-06 06:00:00, 3.367326, 13:00:00, 0.0 
1971-12-22 17:00:00, 1971-12-24 08:00:00, 24.643152, 1 day, 15:00:00, 0.0 
1972-05-11 13:00:00, 1972-05-11 13:00:00, 0.872384, 0:00:00, 0.0 
1972-05-26 13:00:00, 1972-05-29 04:00:00, 23.333579, 2 days, 15:00:00, 0.0 
1972-06-07 23:00:00, 1972-06-08 11:00:00, 3.629904, 12:00:00, 0.0 
1972-06-11 12:00:00, 1972-06-12 04:00:00, 6.404269, 16:00:00, 0.0 
1972-06-19 08:00:00, 1972-06-19 22:00:00, 5.248637, 14:00:00, 0.0 
1972-10-11 05:00:00, 1972-10-11 05:00:00, 0.943870, 0:00:00, 0.0 
1972-10-21 02:00:00, 1972-10-21 02:00:00, 0.934378, 0:00:00, 0.0 
1973-01-07 16:00:00, 1973-01-08 05:00:00, 4.552028, 13:00:00, 0.0 
1973-01-08 17:00:00, 1973-01-08 17:00:00, 1.021510, 0:00:00, 0.0 
1973-01-09 18:00:00, 1973-01-09 18:00:00, 0.858048, 0:00:00, 0.0 
1973-01-10 18:00:00, 1973-01-10 18:00:00, 0.886761, 0:00:00, 0.0 
1973-01-11 07:00:00, 1973-01-11 07:00:00, 0.983575, 0:00:00, 0.0 
1973-01-12 18:00:00, 1973-01-12 20:00:00, 2.104979, 2:00:00, 0.0 
1973-01-13 09:00:00, 1973-01-13 09:00:00, 1.026252, 0:00:00, 0.0 
1973-02-09 17:00:00, 1973-02-13 12:00:00, 48.710928, 3 days, 19:00:00, 0.0 
1973-02-14 09:00:00, 1973-02-14 10:00:00, 0.974366, 1:00:00, 0.0 
1973-04-04 00:00:00, 1973-04-04 02:00:00, 2.068655, 2:00:00, 0.0 
1973-09-26 02:00:00, 1973-09-26 03:00:00, 1.267330, 1:00:00, 0.0 
1973-10-23 01:00:00, 1973-10-23 01:00:00, 0.904623, 0:00:00, 0.0 
1973-10-24 14:00:00, 1973-10-24 14:00:00, 0.987224, 0:00:00, 0.0 
1973-10-25 02:00:00, 1973-10-25 02:00:00, 0.959159, 0:00:00, 0.0 
1973-10-25 14:00:00, 1973-10-25 15:00:00, 1.355080, 1:00:00, 0.0 
1973-10-26 03:00:00, 1973-10-26 03:00:00, 0.919601, 0:00:00, 0.0 
1973-11-10 15:00:00, 1973-11-10 15:00:00, 0.954737, 0:00:00, 0.0 
1974-06-25 17:00:00, 1974-06-25 17:00:00, 0.958555, 0:00:00, 0.0 
1974-06-27 08:00:00, 1974-06-27 08:00:00, 0.923749, 0:00:00, 0.0 
1974-07-12 20:00:00, 1974-07-12 20:00:00, 0.862569, 0:00:00, 0.0 
1974-07-22 14:00:00, 1974-07-22 14:00:00, 0.903265, 0:00:00, 0.0 
1974-09-23 21:00:00, 1974-09-25 10:00:00, 9.564487, 1 day, 13:00:00, 0.0 
1974-10-03 17:00:00, 1974-10-03 17:00:00, 0.851686, 0:00:00, 0.0 
1974-10-05 17:00:00, 1974-10-06 06:00:00, 3.410895, 13:00:00, 0.0 
1974-10-06 18:00:00, 1974-10-07 07:00:00, 5.521762, 13:00:00, 0.0 
1974-10-07 20:00:00, 1974-10-07 20:00:00, 0.960892, 0:00:00, 0.0 
1975-02-03 19:00:00, 1975-02-03 20:00:00, 1.028560, 1:00:00, 0.0 
1975-02-04 09:00:00, 1975-02-04 10:00:00, 1.220365, 1:00:00, 0.0 
1975-06-22 13:00:00, 1975-06-22 13:00:00, 1.102482, 0:00:00, 0.0 
1975-07-01 18:00:00, 1975-07-01 18:00:00, 0.840273, 0:00:00, 0.0 
1975-07-02 20:00:00, 1975-07-02 21:00:00, 0.974654, 1:00:00, 0.0 
1976-04-08 19:00:00, 1976-04-08 19:00:00, 0.803015, 0:00:00, 0.0 
1976-04-09 10:00:00, 1976-04-09 10:00:00, 0.829681, 0:00:00, 0.0 
1976-06-05 06:00:00, 1976-06-06 09:00:00, 9.361054, 1 day, 3:00:00, 0.0 
1976-06-06 21:00:00, 1976-06-08 11:00:00, 12.245021, 1 day, 14:00:00, 0.0 
1976-06-09 00:00:00, 1976-06-09 00:00:00, 0.881467, 0:00:00, 0.0 
1976-06-15 02:00:00, 1976-06-15 02:00:00, 0.895746, 0:00:00, 0.0 
1976-08-19 22:00:00, 1976-08-20 10:00:00, 2.892874, 12:00:00, 0.0 
1976-09-14 04:00:00, 1976-09-14 06:00:00, 2.287549, 2:00:00, 0.0 
1976-11-03 00:00:00, 1976-11-03 00:00:00, 0.923138, 0:00:00, 0.0 
1976-12-06 02:00:00, 1976-12-06 02:00:00, 0.917150, 0:00:00, 0.0 
1976-12-06 15:00:00, 1976-12-06 15:00:00, 1.063954, 0:00:00, 0.0 
1977-05-23 17:00:00, 1977-05-24 07:00:00, 5.549375, 14:00:00, 0.0 
1977-06-07 20:00:00, 1977-06-08 06:00:00, 0.921387, 10:00:00, 0.0 
1977-11-01 17:00:00, 1977-11-02 07:00:00, 4.174700, 14:00:00, 0.0 
1978-03-02 19:00:00, 1978-03-02 19:00:00, 0.897679, 0:00:00, 0.0 
1978-03-03 07:00:00, 1978-03-03 21:00:00, 3.877552, 14:00:00, 0.0 
1978-05-03 09:00:00, 1978-05-03 09:00:00, 0.832011, 0:00:00, 0.0 
1978-07-07 04:00:00, 1978-07-07 04:00:00, 0.876325, 0:00:00, 0.0 
1978-10-30 14:00:00, 1978-10-30 14:00:00, 0.975928, 0:00:00, 0.0 
1978-10-31 02:00:00, 1978-10-31 03:00:00, 1.564061, 1:00:00, 0.0 
1978-10-31 15:00:00, 1978-10-31 15:00:00, 1.080188, 0:00:00, 0.0 
1978-11-03 16:00:00, 1978-11-04 05:00:00, 3.727988, 13:00:00, 0.0 
1978-12-28 14:00:00, 1978-12-29 02:00:00, 2.400090, 12:00:00, 0.0 
1978-12-29 14:00:00, 1978-12-29 15:00:00, 1.537191, 1:00:00, 0.0 
1979-02-17 16:00:00, 1979-02-18 07:00:00, 6.316084, 15:00:00, 0.0 
1979-05-17 18:00:00, 1979-05-17 19:00:00, 0.919931, 1:00:00, 0.0 
1979-05-18 07:00:00, 1979-05-18 08:00:00, 1.017000, 1:00:00, 0.0 
1979-06-12 14:00:00, 1979-06-16 08:00:00, 30.622110, 3 days, 18:00:00, 0.0 
1979-06-26 16:00:00, 1979-06-26 16:00:00, 0.917662, 0:00:00, 0.0 
1979-06-27 04:00:00, 1979-06-27 05:00:00, 1.034931, 1:00:00, 0.0 
1979-06-28 05:00:00, 1979-06-28 05:00:00, 0.949437, 0:00:00, 0.0 
1979-09-04 01:00:00, 1979-09-04 14:00:00, 11.491075, 13:00:00, 0.0 
1979-11-05 17:00:00, 1979-11-05 17:00:00, 1.058953, 0:00:00, 0.0 
1979-12-15 11:00:00, 1979-12-15 12:00:00, 1.208025, 1:00:00, 0.0 
1979-12-16 13:00:00, 1979-12-16 13:00:00, 0.877344, 0:00:00, 0.0 
1979-12-21 17:00:00, 1979-12-21 17:00:00, 1.019833, 0:00:00, 0.0 
1979-12-22 18:00:00, 1979-12-22 18:00:00, 0.877483, 0:00:00, 0.0 
1980-01-13 09:00:00, 1980-01-13 11:00:00, 2.247925, 2:00:00, 0.0 
1980-01-14 10:00:00, 1980-01-14 12:00:00, 2.652504, 2:00:00, 0.0 
1980-01-17 14:00:00, 1980-01-18 02:00:00, 1.786674, 12:00:00, 0.0 
1980-01-18 15:00:00, 1980-01-18 16:00:00, 0.922783, 1:00:00, 0.0 
1980-01-19 16:00:00, 1980-01-19 17:00:00, 0.999528, 1:00:00, 0.0 
1980-02-11 10:00:00, 1980-02-11 10:00:00, 0.840269, 0:00:00, 0.0 
1980-02-19 02:00:00, 1980-02-19 05:00:00, 1.982668, 3:00:00, 0.0 
1980-02-19 17:00:00, 1980-02-20 06:00:00, 3.792960, 13:00:00, 0.0 
1980-03-02 03:00:00, 1980-03-02 03:00:00, 0.971551, 0:00:00, 0.0 
1980-05-10 08:00:00, 1980-05-10 11:00:00, 3.186048, 3:00:00, 0.0 
1980-06-13 13:00:00, 1980-06-13 15:00:00, 2.132442, 2:00:00, 0.0 
1980-06-22 22:00:00, 1980-06-22 22:00:00, 0.843979, 0:00:00, 0.0 
1980-10-24 03:00:00, 1980-10-24 03:00:00, 1.171770, 0:00:00, 0.0 
1980-10-24 16:00:00, 1980-10-24 16:00:00, 1.128204, 0:00:00, 0.0 
1980-11-17 09:00:00, 1980-11-17 11:00:00, 2.567365, 2:00:00, 0.0 
1980-11-17 23:00:00, 1980-11-17 23:00:00, 0.854178, 0:00:00, 0.0 
1980-12-21 14:00:00, 1980-12-22 03:00:00, 4.101956, 13:00:00, 0.0 
1980-12-22 15:00:00, 1980-12-22 16:00:00, 1.069900, 1:00:00, 0.0 
1981-04-22 05:00:00, 1981-04-22 05:00:00, 1.104496, 0:00:00, 0.0 
1981-05-08 03:00:00, 1981-05-09 17:00:00, 14.211860, 1 day, 14:00:00, 0.0 
1981-08-19 06:00:00, 1981-08-19 06:00:00, 0.925622, 0:00:00, 0.0 
1981-10-13 03:00:00, 1981-10-13 03:00:00, 0.876081, 0:00:00, 0.0 
1981-10-13 15:00:00, 1981-10-13 15:00:00, 1.119205, 0:00:00, 0.0 
1981-10-14 03:00:00, 1981-10-14 16:00:00, 4.390749, 13:00:00, 0.0 
1981-10-15 04:00:00, 1981-10-15 04:00:00, 0.926512, 0:00:00, 0.0 
1981-10-30 17:00:00, 1981-10-30 17:00:00, 0.933803, 0:00:00, 0.0 
1981-10-31 17:00:00, 1981-10-31 18:00:00, 1.230320, 1:00:00, 0.0 
1981-11-01 18:00:00, 1981-11-01 18:00:00, 0.952905, 0:00:00, 0.0 
1981-11-11 15:00:00, 1981-11-11 15:00:00, 0.942870, 0:00:00, 0.0 
1981-11-12 03:00:00, 1981-11-12 03:00:00, 0.924671, 0:00:00, 0.0 
1981-11-12 15:00:00, 1981-11-14 05:00:00, 10.135878, 1 day, 14:00:00, 0.0 
1981-11-14 17:00:00, 1981-11-14 18:00:00, 1.001736, 1:00:00, 0.0 
1981-12-30 17:00:00, 1981-12-31 05:00:00, 2.277249, 12:00:00, 0.0 
1982-02-26 04:00:00, 1982-02-26 17:00:00, 3.843669, 13:00:00, 0.0 
1982-02-27 05:00:00, 1982-02-27 05:00:00, 1.029788, 0:00:00, 0.0 
1982-03-25 01:00:00, 1982-03-25 03:00:00, 2.052411, 2:00:00, 0.0 
1982-03-25 15:00:00, 1982-03-25 15:00:00, 0.889325, 0:00:00, 0.0 
1982-03-28 16:00:00, 1982-03-28 17:00:00, 0.992452, 1:00:00, 0.0 
1982-03-29 06:00:00, 1982-03-29 06:00:00, 0.995367, 0:00:00, 0.0 
1982-06-12 06:00:00, 1982-06-12 06:00:00, 1.002118, 0:00:00, 0.0 
1982-10-01 02:00:00, 1982-10-01 02:00:00, 0.866454, 0:00:00, 0.0 
1982-10-23 19:00:00, 1982-10-23 20:00:00, 1.140934, 1:00:00, 0.0 
1982-10-24 08:00:00, 1982-10-24 08:00:00, 1.026012, 0:00:00, 0.0 
1982-10-24 20:00:00, 1982-10-24 21:00:00, 1.133137, 1:00:00, 0.0 
1982-11-17 04:00:00, 1982-11-17 04:00:00, 0.899069, 0:00:00, 0.0 
1982-12-08 22:00:00, 1982-12-08 22:00:00, 0.826542, 0:00:00, 0.0 
1982-12-10 11:00:00, 1982-12-10 11:00:00, 1.000101, 0:00:00, 0.0 
1982-12-13 14:00:00, 1982-12-13 14:00:00, 1.273145, 0:00:00, 0.0 
1982-12-14 15:00:00, 1982-12-14 15:00:00, 0.913815, 0:00:00, 0.0 
1983-01-04 19:00:00, 1983-01-05 08:00:00, 4.387242, 13:00:00, 0.0 
1983-01-10 12:00:00, 1983-01-10 12:00:00, 1.004281, 0:00:00, 0.0 
1983-01-20 16:00:00, 1983-01-21 19:00:00, 12.929338, 1 day, 3:00:00, 0.0 
1983-01-22 07:00:00, 1983-01-22 08:00:00, 1.014316, 1:00:00, 0.0 
1983-01-23 08:00:00, 1983-01-23 09:00:00, 0.970371, 1:00:00, 0.0 
1983-02-13 13:00:00, 1983-02-14 04:00:00, 12.417433, 15:00:00, 0.0 
1983-02-17 03:00:00, 1983-02-17 03:00:00, 0.885960, 0:00:00, 0.0 
1983-02-26 11:00:00, 1983-02-26 11:00:00, 0.902694, 0:00:00, 0.0 
1983-02-27 12:00:00, 1983-02-28 17:00:00, 10.118619, 1 day, 5:00:00, 0.0 
1983-03-17 02:00:00, 1983-03-18 05:00:00, 11.565891, 1 day, 3:00:00, 0.0 
1983-06-10 12:00:00, 1983-06-10 14:00:00, 1.824814, 2:00:00, 0.0 
1983-06-11 02:00:00, 1983-06-12 15:00:00, 9.046763, 1 day, 13:00:00, 0.0 
1983-06-13 03:00:00, 1983-06-13 04:00:00, 1.039519, 1:00:00, 0.0 
1983-07-08 12:00:00, 1983-07-08 12:00:00, 0.878838, 0:00:00, 0.0 
1983-07-09 01:00:00, 1983-07-09 02:00:00, 0.909612, 1:00:00, 0.0 
1983-10-22 03:00:00, 1983-10-22 03:00:00, 0.957973, 0:00:00, 0.0 
1983-11-08 18:00:00, 1983-11-08 18:00:00, 1.015616, 0:00:00, 0.0 
1983-12-21 16:00:00, 1983-12-21 17:00:00, 1.316807, 1:00:00, 0.0 
1984-01-13 08:00:00, 1984-01-13 10:00:00, 2.108095, 2:00:00, 0.0 
1984-01-15 09:00:00, 1984-01-16 13:00:00, 8.682025, 1 day, 4:00:00, 0.0 
1984-01-20 17:00:00, 1984-01-21 18:00:00, 7.563309, 1 day, 1:00:00, 0.0 
1984-01-22 06:00:00, 1984-01-22 06:00:00, 0.977600, 0:00:00, 0.0 
1984-04-11 08:00:00, 1984-04-11 11:00:00, 3.047157, 3:00:00, 0.0 
1984-09-08 02:00:00, 1984-09-08 02:00:00, 1.058736, 0:00:00, 0.0 
1984-09-08 14:00:00, 1984-09-08 14:00:00, 1.112832, 0:00:00, 0.0 
1984-09-09 02:00:00, 1984-09-10 04:00:00, 7.944911, 1 day, 2:00:00, 0.0 
1984-09-17 20:00:00, 1984-09-17 20:00:00, 1.067081, 0:00:00, 0.0 
1984-09-18 08:00:00, 1984-09-18 08:00:00, 0.865180, 0:00:00, 0.0 
1984-09-28 18:00:00, 1984-09-28 18:00:00, 0.971520, 0:00:00, 0.0 
1984-10-11 04:00:00, 1984-10-11 04:00:00, 1.074645, 0:00:00, 0.0 
1984-11-03 23:00:00, 1984-11-04 00:00:00, 1.135618, 1:00:00, 0.0 
1984-11-04 12:00:00, 1984-11-04 12:00:00, 1.160938, 0:00:00, 0.0 
1984-11-21 13:00:00, 1984-11-22 02:00:00, 4.154225, 13:00:00, 0.0 
1984-11-22 14:00:00, 1984-11-24 04:00:00, 15.821850, 1 day, 14:00:00, 0.0 
1984-11-24 16:00:00, 1984-11-24 17:00:00, 1.268564, 1:00:00, 0.0 
1985-01-10 04:00:00, 1985-01-10 04:00:00, 0.872053, 0:00:00, 0.0 
1985-02-05 01:00:00, 1985-02-05 02:00:00, 0.982085, 1:00:00, 0.0 
1985-05-05 04:00:00, 1985-05-05 04:00:00, 0.994455, 0:00:00, 0.0 
1985-07-19 15:00:00, 1985-07-19 15:00:00, 0.861313, 0:00:00, 0.0 
1985-08-03 16:00:00, 1985-08-04 17:00:00, 6.061546, 1 day, 1:00:00, 0.0 
1985-08-05 05:00:00, 1985-08-05 06:00:00, 1.084788, 1:00:00, 0.0 
1985-09-13 14:00:00, 1985-09-14 15:00:00, 6.364538, 1 day, 1:00:00, 0.0 
1985-09-15 03:00:00, 1985-09-15 16:00:00, 4.341095, 13:00:00, 0.0 
1985-09-16 04:00:00, 1985-09-16 17:00:00, 3.620308, 13:00:00, 0.0 
1985-09-17 05:00:00, 1985-09-17 05:00:00, 0.889516, 0:00:00, 0.0 
1985-09-17 18:00:00, 1985-09-17 18:00:00, 0.972468, 0:00:00, 0.0 
1985-09-26 13:00:00, 1985-09-26 14:00:00, 1.141994, 1:00:00, 0.0 
1985-09-27 02:00:00, 1985-09-27 02:00:00, 1.136426, 0:00:00, 0.0 
1985-10-10 00:00:00, 1985-10-10 12:00:00, 2.421726, 12:00:00, 0.0 
1985-10-26 14:00:00, 1985-10-27 02:00:00, 2.199141, 12:00:00, 0.0 
1985-10-27 15:00:00, 1985-10-27 15:00:00, 0.883671, 0:00:00, 0.0 
1985-10-29 12:00:00, 1985-10-30 04:00:00, 9.230175, 16:00:00, 0.0 
1985-10-30 16:00:00, 1985-10-30 17:00:00, 1.173413, 1:00:00, 0.0 
1986-01-08 10:00:00, 1986-01-09 01:00:00, 5.622765, 15:00:00, 0.0 
1986-01-11 15:00:00, 1986-01-12 04:00:00, 3.665333, 13:00:00, 0.0 
1986-01-24 11:00:00, 1986-01-25 02:00:00, 3.014629, 15:00:00, 0.0 
1986-01-25 14:00:00, 1986-01-25 15:00:00, 0.937397, 1:00:00, 0.0 
1986-05-10 00:00:00, 1986-05-10 04:00:00, 1.956626, 4:00:00, 0.0 
1986-06-04 11:00:00, 1986-06-04 12:00:00, 0.965290, 1:00:00, 0.0 
1986-06-06 02:00:00, 1986-06-06 12:00:00, 0.816583, 10:00:00, 0.0 
1986-06-22 13:00:00, 1986-06-22 15:00:00, 1.881920, 2:00:00, 0.0 
1986-11-14 14:00:00, 1986-11-14 14:00:00, 0.898201, 0:00:00, 0.0 
1986-12-01 14:00:00, 1986-12-01 15:00:00, 1.168191, 1:00:00, 0.0 
1986-12-21 18:00:00, 1986-12-23 07:00:00, 8.296374, 1 day, 13:00:00, 0.0 
1986-12-23 19:00:00, 1986-12-23 19:00:00, 1.017628, 0:00:00, 0.0 
1986-12-28 12:00:00, 1986-12-28 13:00:00, 0.910240, 1:00:00, 0.0 
1987-01-01 01:00:00, 1987-01-01 04:00:00, 4.340639, 3:00:00, 0.0 
1987-01-04 18:00:00, 1987-01-06 20:00:00, 27.062150, 2 days, 2:00:00, 0.0 
1987-01-18 03:00:00, 1987-01-18 04:00:00, 1.073300, 1:00:00, 0.0 
1987-01-18 16:00:00, 1987-01-18 17:00:00, 0.970528, 1:00:00, 0.0 
1987-01-22 06:00:00, 1987-01-22 07:00:00, 0.999359, 1:00:00, 0.0 
1987-02-05 19:00:00, 1987-02-05 19:00:00, 0.959176, 0:00:00, 0.0 
1987-02-06 07:00:00, 1987-02-06 09:00:00, 2.631338, 2:00:00, 0.0 
1987-02-07 08:00:00, 1987-02-07 10:00:00, 1.989331, 2:00:00, 0.0 
1987-02-08 09:00:00, 1987-02-08 11:00:00, 2.023600, 2:00:00, 0.0 
1987-02-16 14:00:00, 1987-02-17 05:00:00, 7.527738, 15:00:00, 0.0 
1987-02-21 08:00:00, 1987-02-21 08:00:00, 0.859844, 0:00:00, 0.0 
1987-02-22 08:00:00, 1987-02-22 10:00:00, 2.215389, 2:00:00, 0.0 
1987-02-27 02:00:00, 1987-02-27 02:00:00, 0.886729, 0:00:00, 0.0 
1987-02-27 15:00:00, 1987-02-27 15:00:00, 0.995949, 0:00:00, 0.0 
1987-03-17 16:00:00, 1987-03-17 16:00:00, 0.940894, 0:00:00, 0.0 
1987-03-18 04:00:00, 1987-03-18 05:00:00, 1.081089, 1:00:00, 0.0 
1987-03-20 16:00:00, 1987-03-20 18:00:00, 1.724439, 2:00:00, 0.0 
1987-03-23 06:00:00, 1987-03-24 10:00:00, 5.452860, 1 day, 4:00:00, 0.0 
1988-01-03 14:00:00, 1988-01-03 15:00:00, 1.017640, 1:00:00, 0.0 
1988-01-07 17:00:00, 1988-01-07 17:00:00, 0.897080, 0:00:00, 0.0 
1988-05-26 23:00:00, 1988-05-26 23:00:00, 0.970147, 0:00:00, 0.0 
1988-06-04 06:00:00, 1988-06-04 18:00:00, 3.556183, 12:00:00, 0.0 
1988-06-05 06:00:00, 1988-06-05 07:00:00, 1.080759, 1:00:00, 0.0 
1988-06-28 12:00:00, 1988-06-28 13:00:00, 0.920321, 1:00:00, 0.0 
1988-09-08 01:00:00, 1988-09-08 01:00:00, 1.105188, 0:00:00, 0.0 
1988-10-07 13:00:00, 1988-10-07 13:00:00, 0.990624, 0:00:00, 0.0 
1988-10-08 01:00:00, 1988-10-08 01:00:00, 0.875692, 0:00:00, 0.0 
1988-10-08 13:00:00, 1988-10-08 14:00:00, 1.149400, 1:00:00, 0.0 
1988-12-12 16:00:00, 1988-12-12 18:00:00, 3.215309, 2:00:00, 0.0 
1989-01-10 17:00:00, 1989-01-10 17:00:00, 1.032291, 0:00:00, 0.0 
1989-01-11 05:00:00, 1989-01-11 05:00:00, 0.917508, 0:00:00, 0.0 
1989-01-11 18:00:00, 1989-01-11 18:00:00, 0.874294, 0:00:00, 0.0 
1989-01-12 06:00:00, 1989-01-12 06:00:00, 0.845015, 0:00:00, 0.0 
1989-01-21 15:00:00, 1989-01-24 17:00:00, 26.524707, 3 days, 2:00:00, 0.0 
1989-03-03 11:00:00, 1989-03-03 11:00:00, 0.964987, 0:00:00, 0.0 
1989-03-08 15:00:00, 1989-03-08 16:00:00, 1.392991, 1:00:00, 0.0 
1989-03-09 04:00:00, 1989-03-09 04:00:00, 1.229597, 0:00:00, 0.0 
1989-03-09 16:00:00, 1989-03-11 18:00:00, 20.353785, 2 days, 2:00:00, 0.0 
1989-03-23 04:00:00, 1989-03-23 16:00:00, 4.086088, 12:00:00, 0.0 
1989-05-29 07:00:00, 1989-05-29 09:00:00, 1.966358, 2:00:00, 0.0 
1989-06-30 21:00:00, 1989-07-01 13:00:00, 4.184761, 16:00:00, 0.0 
1989-07-02 02:00:00, 1989-07-02 02:00:00, 0.924841, 0:00:00, 0.0 
1989-09-25 00:00:00, 1989-09-25 12:00:00, 2.134023, 12:00:00, 0.0 
1989-09-28 01:00:00, 1989-09-28 15:00:00, 5.852406, 14:00:00, 0.0 
1989-09-29 03:00:00, 1989-09-29 03:00:00, 1.002330, 0:00:00, 0.0 
1989-10-09 23:00:00, 1989-10-09 23:00:00, 0.893427, 0:00:00, 0.0 
1989-10-27 14:00:00, 1989-10-27 14:00:00, 1.059303, 0:00:00, 0.0 
1989-10-28 02:00:00, 1989-10-28 02:00:00, 1.174553, 0:00:00, 0.0 
1989-10-28 14:00:00, 1989-10-28 15:00:00, 1.128357, 1:00:00, 0.0 
1989-10-29 15:00:00, 1989-10-30 03:00:00, 2.441597, 12:00:00, 0.0 
1989-12-09 12:00:00, 1989-12-09 12:00:00, 0.903692, 0:00:00, 0.0 
1990-02-21 10:00:00, 1990-02-21 12:00:00, 2.149689, 2:00:00, 0.0 
1990-03-06 08:00:00, 1990-03-06 08:00:00, 0.897490, 0:00:00, 0.0 
1990-03-07 22:00:00, 1990-03-08 13:00:00, 7.146002, 15:00:00, 0.0 
1990-03-27 15:00:00, 1990-03-27 16:00:00, 1.074352, 1:00:00, 0.0 
1990-03-28 04:00:00, 1990-03-28 04:00:00, 1.271187, 0:00:00, 0.0 
1990-03-28 16:00:00, 1990-03-28 16:00:00, 0.956882, 0:00:00, 0.0 
1990-03-29 05:00:00, 1990-03-29 05:00:00, 1.025986, 0:00:00, 0.0 
1990-06-17 08:00:00, 1990-06-17 09:00:00, 0.944260, 1:00:00, 0.0 
1990-06-17 21:00:00, 1990-06-17 22:00:00, 1.060772, 1:00:00, 0.0 
1990-07-27 04:00:00, 1990-07-29 07:00:00, 10.334545, 2 days, 3:00:00, 0.0 
1991-01-11 11:00:00, 1991-01-11 12:00:00, 1.059552, 1:00:00, 0.0 
1991-01-25 07:00:00, 1991-01-26 11:00:00, 6.578716, 1 day, 4:00:00, 0.0 
1991-02-01 17:00:00, 1991-02-01 17:00:00, 0.882133, 0:00:00, 0.0 
1991-02-02 05:00:00, 1991-02-02 05:00:00, 0.989209, 0:00:00, 0.0 
1991-06-05 19:00:00, 1991-06-07 23:00:00, 24.982023, 2 days, 4:00:00, 0.0 
1991-06-25 02:00:00, 1991-06-25 13:00:00, 0.990081, 11:00:00, 0.0 
1991-06-26 02:00:00, 1991-06-26 02:00:00, 1.122577, 0:00:00, 0.0 
1991-09-02 22:00:00, 1991-09-02 22:00:00, 0.886685, 0:00:00, 0.0 
1991-09-21 13:00:00, 1991-09-21 13:00:00, 0.885042, 0:00:00, 0.0 
1991-09-22 01:00:00, 1991-09-22 02:00:00, 1.150655, 1:00:00, 0.0 
1991-09-22 14:00:00, 1991-09-22 14:00:00, 0.942044, 0:00:00, 0.0 
1991-10-02 10:00:00, 1991-10-02 10:00:00, 0.854012, 0:00:00, 0.0 
1991-10-29 20:00:00, 1991-10-30 09:00:00, 5.049467, 13:00:00, 0.0 
1991-11-09 16:00:00, 1991-11-10 05:00:00, 3.839072, 13:00:00, 0.0 
1992-01-01 12:00:00, 1992-01-02 00:00:00, 2.107454, 12:00:00, 0.0 
1992-01-02 13:00:00, 1992-01-02 13:00:00, 1.071688, 0:00:00, 0.0 
1992-01-07 01:00:00, 1992-01-10 18:00:00, 83.768586, 3 days, 17:00:00, 0.0 
1992-02-06 04:00:00, 1992-02-07 17:00:00, 13.276884, 1 day, 13:00:00, 0.0 
1992-02-08 05:00:00, 1992-02-08 05:00:00, 0.962924, 0:00:00, 0.0 
1992-02-10 07:00:00, 1992-02-10 18:00:00, 0.986404, 11:00:00, 0.0 
1992-02-11 07:00:00, 1992-02-11 07:00:00, 0.931680, 0:00:00, 0.0 
1992-04-14 13:00:00, 1992-04-14 13:00:00, 0.846641, 0:00:00, 0.0 
1992-05-21 06:00:00, 1992-05-21 17:00:00, 0.889650, 11:00:00, 0.0 
1992-05-22 06:00:00, 1992-05-22 07:00:00, 1.044475, 1:00:00, 0.0 
1992-05-23 07:00:00, 1992-05-23 07:00:00, 0.853161, 0:00:00, 0.0 
1992-06-13 11:00:00, 1992-06-13 13:00:00, 1.881357, 2:00:00, 0.0 
1992-09-15 05:00:00, 1992-09-15 05:00:00, 1.112414, 0:00:00, 0.0 
1992-09-24 13:00:00, 1992-09-26 03:00:00, 11.463446, 1 day, 14:00:00, 0.0 
1992-09-29 18:00:00, 1992-09-29 18:00:00, 0.990569, 0:00:00, 0.0 
1992-09-30 06:00:00, 1992-09-30 06:00:00, 1.384617, 0:00:00, 0.0 
1992-09-30 18:00:00, 1992-09-30 19:00:00, 1.337200, 1:00:00, 0.0 
1992-10-01 20:00:00, 1992-10-01 20:00:00, 0.905849, 0:00:00, 0.0 
1992-10-06 11:00:00, 1992-10-06 11:00:00, 1.058906, 0:00:00, 0.0 
1992-10-06 23:00:00, 1992-10-08 13:00:00, 12.753880, 1 day, 14:00:00, 0.0 
1992-11-09 02:00:00, 1992-11-09 02:00:00, 0.944598, 0:00:00, 0.0 
1992-11-09 14:00:00, 1992-11-10 02:00:00, 1.963420, 12:00:00, 0.0 
1992-11-20 12:00:00, 1992-11-20 12:00:00, 0.942023, 0:00:00, 0.0 
1992-11-21 00:00:00, 1992-11-21 00:00:00, 0.988945, 0:00:00, 0.0 
1992-11-21 12:00:00, 1992-11-21 13:00:00, 1.079834, 1:00:00, 0.0 
1992-11-22 01:00:00, 1992-11-22 01:00:00, 0.838246, 0:00:00, 0.0 
1993-01-10 16:00:00, 1993-01-12 18:00:00, 13.886017, 2 days, 2:00:00, 0.0 
1993-01-16 07:00:00, 1993-01-16 08:00:00, 0.967527, 1:00:00, 0.0 
1993-01-16 20:00:00, 1993-01-16 21:00:00, 0.956219, 1:00:00, 0.0 
1993-01-17 10:00:00, 1993-01-17 11:00:00, 0.912828, 1:00:00, 0.0 
1993-01-20 11:00:00, 1993-01-21 01:00:00, 4.671655, 14:00:00, 0.0 
1993-01-25 17:00:00, 1993-01-27 18:00:00, 23.324212, 2 days, 1:00:00, 0.0 
1993-02-07 00:00:00, 1993-02-08 04:00:00, 13.452716, 1 day, 4:00:00, 0.0 
1993-02-10 05:00:00, 1993-02-10 06:00:00, 1.017589, 1:00:00, 0.0 
1993-03-13 07:00:00, 1993-03-13 07:00:00, 0.898605, 0:00:00, 0.0 
1993-03-19 12:00:00, 1993-03-19 13:00:00, 1.274110, 1:00:00, 0.0 
1993-10-07 20:00:00, 1993-10-07 20:00:00, 0.962925, 0:00:00, 0.0 
1993-10-23 22:00:00, 1993-10-24 11:00:00, 3.585417, 13:00:00, 0.0 
1993-10-24 23:00:00, 1993-10-24 23:00:00, 0.916059, 0:00:00, 0.0 
1993-10-25 11:00:00, 1993-10-25 11:00:00, 0.948860, 0:00:00, 0.0 
1993-10-25 23:00:00, 1993-10-26 00:00:00, 1.206090, 1:00:00, 0.0 
1993-11-24 11:00:00, 1993-11-24 11:00:00, 0.940485, 0:00:00, 0.0 
1993-11-26 00:00:00, 1993-11-27 01:00:00, 8.438026, 1 day, 1:00:00, 0.0 
1993-12-01 16:00:00, 1993-12-01 17:00:00, 1.103045, 1:00:00, 0.0 
1993-12-02 17:00:00, 1993-12-02 17:00:00, 0.933369, 0:00:00, 0.0 
1994-04-09 02:00:00, 1994-04-09 02:00:00, 0.926678, 0:00:00, 0.0 
1994-04-23 13:00:00, 1994-04-23 13:00:00, 0.975177, 0:00:00, 0.0 
1994-04-24 01:00:00, 1994-04-24 02:00:00, 1.708086, 1:00:00, 0.0 
1994-04-24 14:00:00, 1994-04-24 14:00:00, 1.044784, 0:00:00, 0.0 
1994-04-28 06:00:00, 1994-04-28 06:00:00, 1.337446, 0:00:00, 0.0 
1994-05-19 21:00:00, 1994-05-20 10:00:00, 3.345062, 13:00:00, 0.0 
1994-05-20 22:00:00, 1994-05-21 11:00:00, 5.517409, 13:00:00, 0.0 
1994-05-21 23:00:00, 1994-05-22 12:00:00, 3.346305, 13:00:00, 0.0 
1994-05-23 00:00:00, 1994-05-23 01:00:00, 1.120389, 1:00:00, 0.0 
1994-10-04 02:00:00, 1994-10-04 02:00:00, 1.138519, 0:00:00, 0.0 
1994-10-04 14:00:00, 1994-10-04 15:00:00, 1.522071, 1:00:00, 0.0 
1994-10-11 19:00:00, 1994-10-12 10:00:00, 11.210771, 15:00:00, 0.0 
1994-10-12 22:00:00, 1994-10-12 22:00:00, 1.023017, 0:00:00, 0.0 
1994-10-16 01:00:00, 1994-10-17 02:00:00, 6.941349, 1 day, 1:00:00, 0.0 
1994-10-29 10:00:00, 1994-10-29 10:00:00, 0.885726, 0:00:00, 0.0 
1994-11-12 10:00:00, 1994-11-12 11:00:00, 1.478407, 1:00:00, 0.0 
1994-11-12 23:00:00, 1994-11-12 23:00:00, 0.883657, 0:00:00, 0.0 
1994-11-17 15:00:00, 1994-11-17 15:00:00, 1.010133, 0:00:00, 0.0 
1994-11-20 04:00:00, 1994-11-20 04:00:00, 0.908066, 0:00:00, 0.0 
1994-11-20 16:00:00, 1994-11-21 04:00:00, 3.223965, 12:00:00, 0.0 
1994-12-12 11:00:00, 1994-12-12 11:00:00, 0.830731, 0:00:00, 0.0 
1994-12-13 12:00:00, 1994-12-13 12:00:00, 0.948535, 0:00:00, 0.0 
1994-12-14 11:00:00, 1994-12-14 13:00:00, 2.444326, 2:00:00, 0.0 
1994-12-15 13:00:00, 1994-12-15 13:00:00, 0.987234, 0:00:00, 0.0 
1994-12-16 01:00:00, 1994-12-17 02:00:00, 7.297818, 1 day, 1:00:00, 0.0 
1994-12-17 15:00:00, 1994-12-17 15:00:00, 0.844811, 0:00:00, 0.0 
1994-12-19 16:00:00, 1994-12-19 16:00:00, 0.932108, 0:00:00, 0.0 
1994-12-20 16:00:00, 1994-12-20 17:00:00, 0.919415, 1:00:00, 0.0 
1994-12-21 16:00:00, 1994-12-22 05:00:00, 3.186829, 13:00:00, 0.0 
1994-12-22 17:00:00, 1994-12-22 18:00:00, 1.135573, 1:00:00, 0.0 
1994-12-23 06:00:00, 1994-12-23 06:00:00, 1.098374, 0:00:00, 0.0 
1994-12-24 19:00:00, 1994-12-24 19:00:00, 1.133801, 0:00:00, 0.0 
1994-12-25 20:00:00, 1994-12-25 20:00:00, 0.845215, 0:00:00, 0.0 
1994-12-27 09:00:00, 1994-12-27 22:00:00, 3.293826, 13:00:00, 0.0 
1994-12-28 10:00:00, 1994-12-28 11:00:00, 1.161701, 1:00:00, 0.0 
1994-12-30 12:00:00, 1994-12-31 01:00:00, 6.298175, 13:00:00, 0.0 
1994-12-31 13:00:00, 1994-12-31 14:00:00, 1.194387, 1:00:00, 0.0 
1995-03-19 04:00:00, 1995-03-20 05:00:00, 5.369544, 1 day, 1:00:00, 0.0 
1995-04-07 07:00:00, 1995-04-07 08:00:00, 1.179460, 1:00:00, 0.0 
1995-05-21 08:00:00, 1995-05-21 08:00:00, 1.056444, 0:00:00, 0.0 
1995-05-21 21:00:00, 1995-05-21 21:00:00, 0.896252, 0:00:00, 0.0 
1996-03-10 18:00:00, 1996-03-10 18:00:00, 0.913612, 0:00:00, 0.0 
1996-03-11 06:00:00, 1996-03-12 08:00:00, 11.999210, 1 day, 2:00:00, 0.0 
1996-03-12 20:00:00, 1996-03-12 20:00:00, 0.932283, 0:00:00, 0.0 
1996-03-31 12:00:00, 1996-03-31 12:00:00, 0.869782, 0:00:00, 0.0 
1996-05-30 22:00:00, 1996-06-01 14:00:00, 19.497451, 1 day, 16:00:00, 0.0 
1996-06-27 10:00:00, 1996-06-29 01:00:00, 11.255285, 1 day, 15:00:00, 0.0 
1996-07-11 21:00:00, 1996-07-12 12:00:00, 6.392704, 15:00:00, 0.0 
1996-07-13 01:00:00, 1996-07-13 01:00:00, 0.983801, 0:00:00, 0.0 
1997-02-13 18:00:00, 1997-02-13 19:00:00, 1.026249, 1:00:00, 0.0 
1997-05-28 04:00:00, 1997-05-28 20:00:00, 9.503542, 16:00:00, 0.0 
1997-05-29 08:00:00, 1997-05-29 08:00:00, 0.937489, 0:00:00, 0.0 
1997-06-05 13:00:00, 1997-06-06 16:00:00, 11.833936, 1 day, 3:00:00, 0.0 
1997-06-07 04:00:00, 1997-06-07 16:00:00, 2.075525, 12:00:00, 0.0 
1997-06-08 04:00:00, 1997-06-08 05:00:00, 1.366890, 1:00:00, 0.0 
1997-06-08 17:00:00, 1997-06-08 17:00:00, 0.951720, 0:00:00, 0.0 
1997-06-09 05:00:00, 1997-06-09 06:00:00, 1.007046, 1:00:00, 0.0 
1997-06-10 05:00:00, 1997-06-10 06:00:00, 1.126384, 1:00:00, 0.0 
1997-06-10 18:00:00, 1997-06-10 18:00:00, 0.907368, 0:00:00, 0.0 
1997-06-11 07:00:00, 1997-06-11 07:00:00, 0.928412, 0:00:00, 0.0 
1997-08-01 01:00:00, 1997-08-01 02:00:00, 1.123824, 1:00:00, 0.0 
1997-09-04 17:00:00, 1997-09-04 17:00:00, 1.029819, 0:00:00, 0.0 
1997-12-14 16:00:00, 1997-12-14 16:00:00, 0.937304, 0:00:00, 0.0 
1997-12-15 15:00:00, 1997-12-15 17:00:00, 3.323569, 2:00:00, 0.0 
1997-12-16 17:00:00, 1997-12-16 17:00:00, 1.458094, 0:00:00, 0.0 
1998-01-27 01:00:00, 1998-01-27 14:00:00, 4.533033, 13:00:00, 0.0 
1998-01-31 15:00:00, 1998-02-04 09:00:00, 32.284538, 3 days, 18:00:00, 0.0 
1998-02-07 09:00:00, 1998-02-11 12:00:00, 27.481979, 4 days, 3:00:00, 0.0 
1998-02-15 05:00:00, 1998-02-15 05:00:00, 0.884968, 0:00:00, 0.0 
1998-02-15 17:00:00, 1998-02-16 06:00:00, 3.368964, 13:00:00, 0.0 
1998-02-17 05:00:00, 1998-02-17 06:00:00, 1.415195, 1:00:00, 0.0 
1998-02-23 09:00:00, 1998-02-23 12:00:00, 3.356171, 3:00:00, 0.0 
1998-02-27 02:00:00, 1998-02-27 03:00:00, 1.061661, 1:00:00, 0.0 
1998-02-27 15:00:00, 1998-02-28 04:00:00, 2.986591, 13:00:00, 0.0 
1998-03-08 09:00:00, 1998-03-08 09:00:00, 0.877525, 0:00:00, 0.0 
1998-05-15 04:00:00, 1998-05-15 17:00:00, 2.853503, 13:00:00, 0.0 
1998-05-16 05:00:00, 1998-05-16 06:00:00, 1.178155, 1:00:00, 0.0 
1998-12-15 12:00:00, 1998-12-15 13:00:00, 1.047420, 1:00:00, 0.0 
1998-12-25 19:00:00, 1998-12-26 08:00:00, 2.977560, 13:00:00, 0.0 
1998-12-26 20:00:00, 1998-12-26 20:00:00, 0.894540, 0:00:00, 0.0 
1999-01-31 02:00:00, 1999-02-01 03:00:00, 10.400189, 1 day, 1:00:00, 0.0 
1999-02-01 15:00:00, 1999-02-01 16:00:00, 1.116857, 1:00:00, 0.0 
1999-04-13 12:00:00, 1999-04-13 13:00:00, 1.074153, 1:00:00, 0.0 
1999-05-01 03:00:00, 1999-05-01 04:00:00, 1.439714, 1:00:00, 0.0 
1999-05-02 04:00:00, 1999-05-02 16:00:00, 2.453938, 12:00:00, 0.0 
1999-05-03 04:00:00, 1999-05-03 05:00:00, 1.014945, 1:00:00, 0.0 
1999-06-19 06:00:00, 1999-06-19 20:00:00, 4.786632, 14:00:00, 0.0 
1999-06-20 08:00:00, 1999-06-20 08:00:00, 0.925104, 0:00:00, 0.0 
1999-08-30 05:00:00, 1999-08-30 05:00:00, 1.029792, 0:00:00, 0.0 
1999-09-03 20:00:00, 1999-09-04 10:00:00, 5.490529, 14:00:00, 0.0 
1999-09-15 06:00:00, 1999-09-15 20:00:00, 12.881728, 14:00:00, 0.0 
1999-10-16 19:00:00, 1999-10-17 09:00:00, 9.925801, 14:00:00, 0.0 
2000-03-24 06:00:00, 2000-03-24 06:00:00, 0.865477, 0:00:00, 0.0 
2000-05-30 09:00:00, 2000-05-30 12:00:00, 2.879101, 3:00:00, 0.0 
2000-05-31 11:00:00, 2000-05-31 13:00:00, 2.104534, 2:00:00, 0.0 
2000-09-06 20:00:00, 2000-09-06 22:00:00, 2.359415, 2:00:00, 0.0 
2000-09-07 23:00:00, 2000-09-07 23:00:00, 0.852982, 0:00:00, 0.0 
2000-09-08 23:00:00, 2000-09-09 00:00:00, 1.002452, 1:00:00, 0.0 
2000-09-18 04:00:00, 2000-09-18 06:00:00, 2.116692, 2:00:00, 0.0 
2000-09-30 17:00:00, 2000-09-30 18:00:00, 1.395888, 1:00:00, 0.0 
2000-10-01 06:00:00, 2000-10-01 06:00:00, 1.140198, 0:00:00, 0.0 
2000-10-01 18:00:00, 2000-10-01 18:00:00, 1.110987, 0:00:00, 0.0 
2000-10-25 14:00:00, 2000-10-25 14:00:00, 1.121635, 0:00:00, 0.0 
2000-10-26 15:00:00, 2000-10-26 15:00:00, 1.309987, 0:00:00, 0.0 
2000-10-27 03:00:00, 2000-10-27 03:00:00, 1.076412, 0:00:00, 0.0 
2000-10-29 17:00:00, 2000-10-29 17:00:00, 0.928404, 0:00:00, 0.0 
2000-10-30 05:00:00, 2000-10-30 05:00:00, 1.017527, 0:00:00, 0.0 
2000-10-30 17:00:00, 2000-10-30 18:00:00, 1.118799, 1:00:00, 0.0 
2000-11-16 15:00:00, 2000-11-16 15:00:00, 0.925665, 0:00:00, 0.0 
2001-03-19 11:00:00, 2001-03-19 11:00:00, 0.937429, 0:00:00, 0.0 
2001-03-20 09:00:00, 2001-03-20 12:00:00, 5.315178, 3:00:00, 0.0 
2001-05-07 15:00:00, 2001-05-07 15:00:00, 0.882772, 0:00:00, 0.0 
2001-05-08 04:00:00, 2001-05-08 04:00:00, 0.909955, 0:00:00, 0.0 
2001-07-22 00:00:00, 2001-07-23 02:00:00, 9.715463, 1 day, 2:00:00, 0.0 
2001-09-14 23:00:00, 2001-09-17 03:00:00, 26.957434, 2 days, 4:00:00, 0.0 
2001-09-29 13:00:00, 2001-09-29 13:00:00, 1.020222, 0:00:00, 0.0 
2001-09-30 01:00:00, 2001-09-30 02:00:00, 1.373450, 1:00:00, 0.0 
2001-09-30 14:00:00, 2001-09-30 14:00:00, 0.983988, 0:00:00, 0.0 
2001-11-13 01:00:00, 2001-11-13 01:00:00, 1.055545, 0:00:00, 0.0 
2001-11-13 13:00:00, 2001-11-13 14:00:00, 1.181668, 1:00:00, 0.0 
2001-11-14 15:00:00, 2001-11-14 15:00:00, 0.947138, 0:00:00, 0.0 
2001-11-15 03:00:00, 2001-11-15 03:00:00, 0.990356, 0:00:00, 0.0 
2001-11-15 15:00:00, 2001-11-16 04:00:00, 3.689613, 13:00:00, 0.0 
2001-11-16 16:00:00, 2001-11-16 17:00:00, 1.066195, 1:00:00, 0.0 
2002-01-02 17:00:00, 2002-01-02 18:00:00, 1.008738, 1:00:00, 0.0 
2002-05-20 09:00:00, 2002-05-20 09:00:00, 0.904991, 0:00:00, 0.0 
2002-05-22 10:00:00, 2002-05-22 11:00:00, 1.110132, 1:00:00, 0.0 
2002-05-22 23:00:00, 2002-05-23 12:00:00, 3.524243, 13:00:00, 0.0 
2002-06-08 22:00:00, 2002-06-09 13:00:00, 5.978657, 15:00:00, 0.0 
2002-06-10 02:00:00, 2002-06-10 14:00:00, 1.760334, 12:00:00, 0.0 
2002-08-07 11:00:00, 2002-08-08 14:00:00, 13.576363, 1 day, 3:00:00, 0.0 
2002-08-09 02:00:00, 2002-08-09 15:00:00, 3.104482, 13:00:00, 0.0 
2002-10-15 10:00:00, 2002-10-16 00:00:00, 7.517621, 14:00:00, 0.0 
2003-03-15 12:00:00, 2003-03-15 12:00:00, 0.948607, 0:00:00, 0.0 
2003-03-27 22:00:00, 2003-03-27 23:00:00, 0.913577, 1:00:00, 0.0 
2003-05-20 05:00:00, 2003-05-21 04:00:00, 5.959700, 23:00:00, 0.0 
2003-09-12 04:00:00, 2003-09-12 04:00:00, 0.912802, 0:00:00, 0.0 
2003-10-03 09:00:00, 2003-10-03 09:00:00, 0.891976, 0:00:00, 0.0 
2003-11-03 10:00:00, 2003-11-03 11:00:00, 1.264846, 1:00:00, 0.0 
2003-11-04 00:00:00, 2003-11-04 00:00:00, 0.883710, 0:00:00, 0.0 
2003-11-09 15:00:00, 2003-11-10 04:00:00, 3.494901, 13:00:00, 0.0 
2003-11-10 16:00:00, 2003-11-10 17:00:00, 1.201927, 1:00:00, 0.0 
2004-01-27 05:00:00, 2004-01-27 05:00:00, 0.865196, 0:00:00, 0.0 
2004-01-27 17:00:00, 2004-01-27 17:00:00, 0.827564, 0:00:00, 0.0 
2004-02-01 10:00:00, 2004-02-01 11:00:00, 0.934112, 1:00:00, 0.0 
2004-02-02 10:00:00, 2004-02-02 12:00:00, 2.022292, 2:00:00, 0.0 
2004-02-25 16:00:00, 2004-02-27 07:00:00, 18.301443, 1 day, 15:00:00, 0.0 
2004-02-28 08:00:00, 2004-02-28 08:00:00, 0.869831, 0:00:00, 0.0 
2004-08-07 20:00:00, 2004-08-07 20:00:00, 0.975862, 0:00:00, 0.0 
2004-09-05 17:00:00, 2004-09-06 08:00:00, 8.328998, 15:00:00, 0.0 
2004-09-20 19:00:00, 2004-09-21 08:00:00, 5.768923, 13:00:00, 0.0 
2004-09-21 20:00:00, 2004-09-22 09:00:00, 4.026169, 13:00:00, 0.0 
2004-09-25 12:00:00, 2004-09-27 03:00:00, 20.477541, 1 day, 15:00:00, 0.0 
2004-10-23 10:00:00, 2004-10-23 11:00:00, 1.220525, 1:00:00, 0.0 
2004-10-24 00:00:00, 2004-10-24 00:00:00, 0.934674, 0:00:00, 0.0 
2004-11-10 01:00:00, 2004-11-10 01:00:00, 0.860277, 0:00:00, 0.0 
2004-11-14 17:00:00, 2004-11-14 17:00:00, 1.175515, 0:00:00, 0.0 
2004-11-15 05:00:00, 2004-11-15 05:00:00, 0.898413, 0:00:00, 0.0 
2004-12-26 01:00:00, 2004-12-26 16:00:00, 9.335235, 15:00:00, 0.0 
2005-01-15 18:00:00, 2005-01-15 19:00:00, 1.228746, 1:00:00, 0.0 
2005-01-16 07:00:00, 2005-01-16 08:00:00, 1.257994, 1:00:00, 0.0 
2005-01-28 03:00:00, 2005-01-29 05:00:00, 8.806003, 1 day, 2:00:00, 0.0 
2005-01-29 17:00:00, 2005-01-29 17:00:00, 0.935732, 0:00:00, 0.0 
2005-02-02 07:00:00, 2005-02-02 19:00:00, 2.257996, 12:00:00, 0.0 
2005-02-03 08:00:00, 2005-02-03 09:00:00, 1.184982, 1:00:00, 0.0 
2005-02-04 09:00:00, 2005-02-04 11:00:00, 2.232139, 2:00:00, 0.0 
2005-02-05 09:00:00, 2005-02-05 12:00:00, 3.750855, 3:00:00, 0.0 
2005-02-06 11:00:00, 2005-02-06 13:00:00, 2.494828, 2:00:00, 0.0 
2005-02-27 04:00:00, 2005-02-28 04:00:00, 6.920369, 1 day, 0:00:00, 0.0 
2005-03-28 03:00:00, 2005-03-28 04:00:00, 1.064017, 1:00:00, 0.0 
2005-04-16 06:00:00, 2005-04-16 08:00:00, 2.311738, 2:00:00, 0.0 
2005-04-17 08:00:00, 2005-04-17 09:00:00, 1.037112, 1:00:00, 0.0 
2005-05-06 01:00:00, 2005-05-06 02:00:00, 1.140033, 1:00:00, 0.0 
2005-06-20 00:00:00, 2005-06-20 00:00:00, 1.084050, 0:00:00, 0.0 
2005-09-06 16:00:00, 2005-09-09 06:00:00, 16.823782, 2 days, 14:00:00, 0.0 
2005-09-09 18:00:00, 2005-09-10 07:00:00, 3.555019, 13:00:00, 0.0 
2005-10-02 02:00:00, 2005-10-02 02:00:00, 0.937489, 0:00:00, 0.0 
2005-10-05 04:00:00, 2005-10-06 05:00:00, 8.019316, 1 day, 1:00:00, 0.0 
2006-02-26 14:00:00, 2006-02-27 02:00:00, 2.087146, 12:00:00, 0.0 
2006-11-21 16:00:00, 2006-11-21 16:00:00, 1.149196, 0:00:00, 0.0 
2007-04-20 15:00:00, 2007-04-20 17:00:00, 2.132981, 2:00:00, 0.0 
2007-05-07 03:00:00, 2007-05-07 07:00:00, 5.884547, 4:00:00, 0.0 
2007-05-08 06:00:00, 2007-05-10 21:00:00, 22.536053, 2 days, 15:00:00, 0.0 
2007-05-14 10:00:00, 2007-05-14 13:00:00, 3.086382, 3:00:00, 0.0 
2007-05-15 02:00:00, 2007-05-15 02:00:00, 0.839803, 0:00:00, 0.0 
2007-06-02 14:00:00, 2007-06-02 16:00:00, 2.760078, 2:00:00, 0.0 
2007-06-12 11:00:00, 2007-06-12 12:00:00, 0.981113, 1:00:00, 0.0 
2007-06-14 12:00:00, 2007-06-15 13:00:00, 8.348370, 1 day, 1:00:00, 0.0 
2007-07-03 03:00:00, 2007-07-04 17:00:00, 12.778047, 1 day, 14:00:00, 0.0 
2007-09-17 05:00:00, 2007-09-17 06:00:00, 1.098172, 1:00:00, 0.0 
2007-09-17 19:00:00, 2007-09-17 19:00:00, 0.884538, 0:00:00, 0.0 
2007-09-18 19:00:00, 2007-09-18 20:00:00, 0.966616, 1:00:00, 0.0 
2007-09-19 20:00:00, 2007-09-19 21:00:00, 1.104026, 1:00:00, 0.0 
2007-10-01 20:00:00, 2007-10-01 20:00:00, 1.109792, 0:00:00, 0.0 
2007-10-02 21:00:00, 2007-10-02 21:00:00, 0.984250, 0:00:00, 0.0 
2007-10-29 17:00:00, 2007-10-30 06:00:00, 4.026834, 13:00:00, 0.0 
2007-10-30 19:00:00, 2007-10-30 19:00:00, 0.944698, 0:00:00, 0.0 
2007-11-02 09:00:00, 2007-11-02 09:00:00, 1.204679, 0:00:00, 0.0 
2007-11-02 22:00:00, 2007-11-02 22:00:00, 1.079198, 0:00:00, 0.0 
2007-11-03 10:00:00, 2007-11-03 10:00:00, 0.990648, 0:00:00, 0.0 
2007-12-22 13:00:00, 2007-12-22 14:00:00, 0.969865, 1:00:00, 0.0 
2008-04-16 12:00:00, 2008-04-16 12:00:00, 1.013202, 0:00:00, 0.0 
2008-05-25 06:00:00, 2008-05-25 06:00:00, 0.867896, 0:00:00, 0.0 
2008-08-20 15:00:00, 2008-08-22 20:00:00, 40.383186, 2 days, 5:00:00, 0.0 
2008-09-02 05:00:00, 2008-09-02 05:00:00, 0.847900, 0:00:00, 0.0 
2008-09-05 06:00:00, 2008-09-05 06:00:00, 0.898215, 0:00:00, 0.0 
2008-09-05 18:00:00, 2008-09-05 20:00:00, 2.861326, 2:00:00, 0.0 
2008-09-20 03:00:00, 2008-09-20 07:00:00, 4.962197, 4:00:00, 0.0 
2008-09-20 19:00:00, 2008-09-21 07:00:00, 2.938796, 12:00:00, 0.0 
2008-09-22 05:00:00, 2008-09-22 05:00:00, 0.869440, 0:00:00, 0.0 
2008-09-23 23:00:00, 2008-09-26 13:00:00, 20.786330, 2 days, 14:00:00, 0.0 
2008-10-23 10:00:00, 2008-10-23 11:00:00, 1.256243, 1:00:00, 0.0 
2008-10-23 23:00:00, 2008-10-23 23:00:00, 1.026168, 0:00:00, 0.0 
2008-10-24 11:00:00, 2008-10-24 12:00:00, 1.160423, 1:00:00, 0.0 
2009-05-18 19:00:00, 2009-05-21 12:00:00, 40.656030, 2 days, 17:00:00, 0.0 
2009-05-22 01:00:00, 2009-05-22 01:00:00, 0.943294, 0:00:00, 0.0 
2009-06-22 12:00:00, 2009-06-25 01:00:00, 18.938107, 2 days, 13:00:00, 0.0 
2009-07-10 16:00:00, 2009-07-10 16:00:00, 0.899777, 0:00:00, 0.0 
2009-07-11 04:00:00, 2009-07-11 17:00:00, 2.761610, 13:00:00, 0.0 
2009-11-22 06:00:00, 2009-11-22 06:00:00, 1.015949, 0:00:00, 0.0 
2009-11-22 18:00:00, 2009-11-22 19:00:00, 1.141083, 1:00:00, 0.0 
2009-12-13 09:00:00, 2009-12-13 09:00:00, 1.107913, 0:00:00, 0.0 
2009-12-17 15:00:00, 2009-12-18 13:00:00, 5.259643, 22:00:00, 0.0 
2009-12-19 03:00:00, 2009-12-19 04:00:00, 1.018522, 1:00:00, 0.0 
2009-12-24 07:00:00, 2009-12-24 07:00:00, 0.870687, 0:00:00, 0.0 
2009-12-24 19:00:00, 2009-12-25 08:00:00, 3.139087, 13:00:00, 0.0 
2010-01-23 06:00:00, 2010-01-23 07:00:00, 1.098240, 1:00:00, 0.0 
2010-01-24 07:00:00, 2010-01-24 09:00:00, 2.156258, 2:00:00, 0.0 
2010-02-05 05:00:00, 2010-02-05 08:00:00, 1.739823, 3:00:00, 0.0 
2010-02-13 00:00:00, 2010-02-13 13:00:00, 11.087993, 13:00:00, 0.0 
2010-07-03 06:00:00, 2010-07-03 06:00:00, 0.849954, 0:00:00, 0.0 
2011-03-04 02:00:00, 2011-03-04 02:00:00, 0.878840, 0:00:00, 0.0 
2011-03-04 15:00:00, 2011-03-04 15:00:00, 0.945560, 0:00:00, 0.0 
2011-06-16 15:00:00, 2011-06-16 15:00:00, 0.863460, 0:00:00, 0.0 
2011-07-16 13:00:00, 2011-07-16 15:00:00, 1.863375, 2:00:00, 0.0 
2011-07-17 03:00:00, 2011-07-17 04:00:00, 1.144902, 1:00:00, 0.0 
2011-07-18 16:00:00, 2011-07-18 17:00:00, 0.900251, 1:00:00, 0.0 
2011-07-19 05:00:00, 2011-07-19 05:00:00, 0.934983, 0:00:00, 0.0 
2011-08-26 11:00:00, 2011-08-27 13:00:00, 13.021567, 1 day, 2:00:00, 0.0 
2011-10-09 01:00:00, 2011-10-09 01:00:00, 1.077890, 0:00:00, 0.0 
2011-10-09 13:00:00, 2011-10-11 02:00:00, 12.278676, 1 day, 13:00:00, 0.0 
2011-11-05 11:00:00, 2011-11-05 11:00:00, 1.107125, 0:00:00, 0.0 
2011-11-05 23:00:00, 2011-11-07 01:00:00, 8.370950, 1 day, 2:00:00, 0.0 
2011-11-07 13:00:00, 2011-11-07 13:00:00, 0.945375, 0:00:00, 0.0 
2011-11-08 01:00:00, 2011-11-08 01:00:00, 0.966896, 0:00:00, 0.0 
2011-12-11 15:00:00, 2011-12-12 16:00:00, 7.231530, 1 day, 1:00:00, 0.0 
2012-03-11 05:00:00, 2012-03-11 05:00:00, 0.946663, 0:00:00, 0.0 
2012-04-07 02:00:00, 2012-04-07 04:00:00, 2.598945, 2:00:00, 0.0 
2012-05-21 02:00:00, 2012-05-21 03:00:00, 1.309677, 1:00:00, 0.0 
2012-05-27 04:00:00, 2012-05-28 08:00:00, 20.842678, 1 day, 4:00:00, 0.0 
2012-06-05 12:00:00, 2012-06-05 12:00:00, 1.399973, 0:00:00, 0.0 
2012-06-06 00:00:00, 2012-06-06 01:00:00, 1.252811, 1:00:00, 0.0 
2012-06-06 13:00:00, 2012-06-06 13:00:00, 1.578468, 0:00:00, 0.0 
2012-06-07 02:00:00, 2012-06-07 17:00:00, 6.512923, 15:00:00, 0.0 
2012-06-08 06:00:00, 2012-06-08 06:00:00, 1.016336, 0:00:00, 0.0 
2012-06-15 11:00:00, 2012-06-16 12:00:00, 7.741747, 1 day, 1:00:00, 0.0 
2012-06-17 00:00:00, 2012-06-17 01:00:00, 1.329332, 1:00:00, 0.0 
2012-06-18 02:00:00, 2012-06-18 02:00:00, 0.889170, 0:00:00, 0.0 
2012-06-27 06:00:00, 2012-06-28 09:00:00, 9.819182, 1 day, 3:00:00, 0.0 
2012-10-27 01:00:00, 2012-10-27 01:00:00, 1.141166, 0:00:00, 0.0 
2012-10-27 13:00:00, 2012-10-28 02:00:00, 3.744755, 13:00:00, 0.0 
2012-10-28 14:00:00, 2012-10-28 15:00:00, 1.269821, 1:00:00, 0.0 
2012-11-14 16:00:00, 2012-11-14 16:00:00, 0.919572, 0:00:00, 0.0 
2012-11-15 04:00:00, 2012-11-15 04:00:00, 1.012463, 0:00:00, 0.0 
2012-11-17 18:00:00, 2012-11-18 06:00:00, 2.153660, 12:00:00, 0.0 
2012-11-19 20:00:00, 2012-11-19 20:00:00, 0.982888, 0:00:00, 0.0 
2012-11-20 08:00:00, 2012-11-20 08:00:00, 0.931515, 0:00:00, 0.0 
2012-11-22 10:00:00, 2012-11-22 10:00:00, 1.015557, 0:00:00, 0.0 
2013-03-09 13:00:00, 2013-03-09 13:00:00, 0.941629, 0:00:00, 0.0 
2013-03-11 02:00:00, 2013-03-11 02:00:00, 0.961299, 0:00:00, 0.0 
2013-03-11 15:00:00, 2013-03-11 15:00:00, 0.923070, 0:00:00, 0.0 
2013-04-22 10:00:00, 2013-04-22 12:00:00, 2.584213, 2:00:00, 0.0 
2013-04-23 00:00:00, 2013-04-23 01:00:00, 1.226823, 1:00:00, 0.0 
2013-05-02 09:00:00, 2013-05-02 09:00:00, 0.896572, 0:00:00, 0.0 
2013-05-02 21:00:00, 2013-05-05 11:00:00, 28.060279, 2 days, 14:00:00, 0.0 
2013-10-15 00:00:00, 2013-10-16 01:00:00, 6.283566, 1 day, 1:00:00, 0.0 
2013-11-05 17:00:00, 2013-11-05 17:00:00, 0.910200, 0:00:00, 0.0 
2013-11-30 13:00:00, 2013-11-30 13:00:00, 0.873457, 0:00:00, 0.0 
2014-02-12 11:00:00, 2014-02-13 02:00:00, 9.211492, 15:00:00, 0.0 
2014-03-05 06:00:00, 2014-03-05 06:00:00, 0.917586, 0:00:00, 0.0 
2014-03-06 17:00:00, 2014-03-07 07:00:00, 5.645198, 14:00:00, 0.0 
2014-04-20 07:00:00, 2014-04-20 07:00:00, 0.900812, 0:00:00, 0.0 
2014-04-21 07:00:00, 2014-04-21 08:00:00, 0.938058, 1:00:00, 0.0 
2014-06-01 16:00:00, 2014-06-01 17:00:00, 1.131872, 1:00:00, 0.0 
2014-06-30 04:00:00, 2014-06-30 04:00:00, 0.981050, 0:00:00, 0.0 
2014-08-25 02:00:00, 2014-08-25 15:00:00, 3.760859, 13:00:00, 0.0 
2014-08-26 03:00:00, 2014-08-27 04:00:00, 5.584927, 1 day, 1:00:00, 0.0 
2014-09-21 01:00:00, 2014-09-21 01:00:00, 0.919971, 0:00:00, 0.0 
2014-09-24 03:00:00, 2014-09-24 03:00:00, 0.938100, 0:00:00, 0.0 
2014-12-08 03:00:00, 2014-12-09 04:00:00, 6.224139, 1 day, 1:00:00, 0.0 
2015-02-11 06:00:00, 2015-02-11 07:00:00, 1.044662, 1:00:00, 0.0 
2015-05-08 06:00:00, 2015-05-08 06:00:00, 0.958698, 0:00:00, 0.0 
2015-07-25 22:00:00, 2015-07-25 22:00:00, 0.912340, 0:00:00, 0.0 
2015-09-23 22:00:00, 2015-09-24 12:00:00, 6.927487, 14:00:00, 0.0 
2015-09-25 00:00:00, 2015-09-25 00:00:00, 1.017803, 0:00:00, 0.0 
2015-10-05 09:00:00, 2015-10-05 09:00:00, 0.923039, 0:00:00, 0.0 
2015-10-05 22:00:00, 2015-10-06 10:00:00, 2.421689, 12:00:00, 0.0 
2015-10-06 22:00:00, 2015-10-07 11:00:00, 3.289405, 13:00:00, 0.0 
2015-10-07 23:00:00, 2015-10-08 00:00:00, 1.033279, 1:00:00, 0.0 
2015-10-08 12:00:00, 2015-10-08 12:00:00, 1.034435, 0:00:00, 0.0 
2015-11-09 00:00:00, 2015-11-09 02:00:00, 3.227272, 2:00:00, 0.0 
2015-11-09 14:00:00, 2015-11-09 14:00:00, 1.077838, 0:00:00, 0.0 
2015-12-04 09:00:00, 2015-12-04 09:00:00, 0.937936, 0:00:00, 0.0 
2015-12-04 21:00:00, 2015-12-04 22:00:00, 1.191396, 1:00:00, 0.0 
2015-12-05 10:00:00, 2015-12-05 10:00:00, 1.024163, 0:00:00, 0.0 
2015-12-05 22:00:00, 2015-12-05 22:00:00, 0.974045, 0:00:00, 0.0 
2015-12-06 11:00:00, 2015-12-06 11:00:00, 1.164072, 0:00:00, 0.0 
2015-12-07 12:00:00, 2015-12-07 12:00:00, 0.909010, 0:00:00, 0.0 
2016-01-05 11:00:00, 2016-01-05 11:00:00, 0.982765, 0:00:00, 0.0 
2016-01-06 12:00:00, 2016-01-06 12:00:00, 1.112643, 0:00:00, 0.0 
2016-01-07 12:00:00, 2016-01-07 13:00:00, 1.283719, 1:00:00, 0.0 
2016-01-08 01:00:00, 2016-01-08 01:00:00, 1.099904, 0:00:00, 0.0 
2016-01-08 13:00:00, 2016-01-08 14:00:00, 1.169189, 1:00:00, 0.0 
2016-01-09 15:00:00, 2016-01-10 02:00:00, 1.927840, 11:00:00, 0.0 
2016-04-14 21:00:00, 2016-04-14 21:00:00, 0.872065, 0:00:00, 0.0 
2016-04-15 09:00:00, 2016-04-15 22:00:00, 3.181285, 13:00:00, 0.0 
2016-04-16 11:00:00, 2016-04-16 11:00:00, 1.052693, 0:00:00, 0.0 
2016-04-17 11:00:00, 2016-04-17 12:00:00, 1.182192, 1:00:00, 0.0 
2016-06-19 00:00:00, 2016-06-19 03:00:00, 4.164545, 3:00:00, 0.0 
2016-10-05 18:00:00, 2016-10-05 18:00:00, 1.056084, 0:00:00, 0.0 
2016-10-06 06:00:00, 2016-10-06 06:00:00, 0.976153, 0:00:00, 0.0 
2016-10-06 18:00:00, 2016-10-08 01:00:00, 57.138873, 1 day, 7:00:00, 0.0 
2016-10-11 10:00:00, 2016-10-11 10:00:00, 0.980413, 0:00:00, 0.0 
2016-10-11 23:00:00, 2016-10-11 23:00:00, 1.036532, 0:00:00, 0.0 
2016-10-12 11:00:00, 2016-10-12 12:00:00, 1.147431, 1:00:00, 0.0 
2016-10-13 00:00:00, 2016-10-13 00:00:00, 1.069682, 0:00:00, 0.0 
2016-11-13 01:00:00, 2016-11-13 02:00:00, 1.346051, 1:00:00, 0.0 
2016-11-13 14:00:00, 2016-11-13 14:00:00, 1.041538, 0:00:00, 0.0 
2017-03-23 11:00:00, 2017-03-23 11:00:00, 1.082840, 0:00:00, 0.0 
2017-06-08 12:00:00, 2017-06-08 14:00:00, 2.183144, 2:00:00, 0.0 
2017-06-09 02:00:00, 2017-06-09 03:00:00, 1.057805, 1:00:00, 0.0 
2017-08-27 20:00:00, 2017-08-28 08:00:00, 2.281575, 12:00:00, 0.0 
2017-09-09 17:00:00, 2017-09-11 20:00:00, 89.761293, 2 days, 3:00:00, 0.0 
2017-09-30 23:00:00, 2017-10-02 01:00:00, 10.511562, 1 day, 2:00:00, 0.0 
2017-10-03 01:00:00, 2017-10-03 01:00:00, 1.020958, 0:00:00, 0.0 
2017-10-04 02:00:00, 2017-10-04 02:00:00, 1.040060, 0:00:00, 0.0 
2017-10-05 02:00:00, 2017-10-05 03:00:00, 1.158664, 1:00:00, 0.0 
2017-10-05 15:00:00, 2017-10-05 15:00:00, 0.940005, 0:00:00, 0.0 
2017-10-17 13:00:00, 2017-10-18 02:00:00, 3.930751, 13:00:00, 0.0 
2017-10-18 14:00:00, 2017-10-18 15:00:00, 1.207513, 1:00:00, 0.0 
2017-10-19 03:00:00, 2017-10-19 03:00:00, 1.163248, 0:00:00, 0.0 
2017-11-12 10:00:00, 2017-11-12 10:00:00, 0.926184, 0:00:00, 0.0 
2017-12-08 19:00:00, 2017-12-08 19:00:00, 0.969827, 0:00:00, 0.0 
2017-12-09 07:00:00, 2017-12-09 07:00:00, 0.973700, 0:00:00, 0.0 
2018-01-01 15:00:00, 2018-01-01 15:00:00, 0.858297, 0:00:00, 0.0 
2018-01-02 15:00:00, 2018-01-02 16:00:00, 1.245450, 1:00:00, 0.0 
2018-01-03 15:00:00, 2018-01-03 16:00:00, 1.044765, 1:00:00, 0.0 
2018-02-28 01:00:00, 2018-02-28 01:00:00, 0.882016, 0:00:00, 0.0 
2018-03-04 17:00:00, 2018-03-04 17:00:00, 0.906096, 0:00:00, 0.0 
2018-03-05 05:00:00, 2018-03-05 05:00:00, 0.987900, 0:00:00, 0.0 
2018-03-06 06:00:00, 2018-03-06 06:00:00, 0.960135, 0:00:00, 0.0 
2018-03-06 18:00:00, 2018-03-06 18:00:00, 0.898326, 0:00:00, 0.0 
2018-03-26 07:00:00, 2018-03-26 23:00:00, 6.511684, 16:00:00, 0.0 
2018-08-25 02:00:00, 2018-08-25 02:00:00, 1.072110, 0:00:00, 0.0 
2018-11-23 01:00:00, 2018-11-24 16:00:00, 16.872469, 1 day, 15:00:00, 0.0 
2018-12-09 04:00:00, 2018-12-10 04:00:00, 4.441682, 1 day, 0:00:00, 0.0 
2019-02-20 03:00:00, 2019-02-20 03:00:00, 1.071461, 0:00:00, 0.0 
2019-03-27 08:00:00, 2019-03-27 08:00:00, 1.023599, 0:00:00, 0.0 
2019-03-28 09:00:00, 2019-03-28 09:00:00, 0.988832, 0:00:00, 0.0 
2019-09-04 07:00:00, 2019-09-04 21:00:00, 8.082077, 14:00:00, 0.0 
2019-11-08 12:00:00, 2019-11-08 12:00:00, 1.051305, 0:00:00, 0.0 
2019-11-09 00:00:00, 2019-11-09 13:00:00, 4.213112, 13:00:00, 0.0 
2019-11-10 01:00:00, 2019-11-10 01:00:00, 0.987202, 0:00:00, 0.0 
2019-11-17 06:00:00, 2019-11-17 06:00:00, 1.159002, 0:00:00, 0.0 
2019-11-17 18:00:00, 2019-11-18 20:00:00, 8.034977, 1 day, 2:00:00, 0.0 
2019-12-24 14:00:00, 2019-12-24 14:00:00, 0.971685, 0:00:00, 0.0 
2019-12-25 02:00:00, 2019-12-25 02:00:00, 1.239610, 0:00:00, 0.0 
2019-12-25 15:00:00, 2019-12-25 15:00:00, 0.986595, 0:00:00, 0.0 
2020-01-22 13:00:00, 2020-01-23 01:00:00, 2.488554, 12:00:00, 0.0 
2020-01-23 13:00:00, 2020-01-24 02:00:00, 3.810666, 13:00:00, 0.0 
2020-01-30 18:00:00, 2020-01-30 18:00:00, 1.005350, 0:00:00, 0.0 
2020-02-21 01:00:00, 2020-02-22 02:00:00, 9.228614, 1 day, 1:00:00, 0.0 
2020-02-22 14:00:00, 2020-02-23 02:00:00, 2.327730, 12:00:00, 0.0 
2020-05-26 16:00:00, 2020-05-26 17:00:00, 0.878838, 1:00:00, 0.0 
2020-08-03 14:00:00, 2020-08-03 15:00:00, 1.387893, 1:00:00, 0.0 
2020-08-04 03:00:00, 2020-08-04 04:00:00, 0.953645, 1:00:00, 0.0 
2020-09-16 01:00:00, 2020-09-16 02:00:00, 1.073423, 1:00:00, 0.0 
2020-09-19 16:00:00, 2020-09-22 08:00:00, 28.950066, 2 days, 16:00:00, 0.0 
2020-09-22 20:00:00, 2020-09-22 20:00:00, 0.942158, 0:00:00, 0.0 
2020-11-09 09:00:00, 2020-11-09 09:00:00, 0.953462, 0:00:00, 0.0 
2021-02-13 16:00:00, 2021-02-13 16:00:00, 0.953337, 0:00:00, 0.0 
2021-03-03 04:00:00, 2021-03-03 06:00:00, 2.668151, 2:00:00, 0.0 
2021-03-21 06:00:00, 2021-03-22 10:00:00, 13.676615, 1 day, 4:00:00, 0.0 
2021-03-23 08:00:00, 2021-03-23 10:00:00, 2.117027, 2:00:00, 0.0 
2021-11-05 15:00:00, 2021-11-06 04:00:00, 5.523916, 13:00:00, 0.0 
2021-11-06 16:00:00, 2021-11-08 19:00:00, 16.701750, 2 days, 3:00:00, 0.0 
2021-12-21 15:00:00, 2021-12-22 04:00:00, 3.527176, 13:00:00, 0.0 
2022-01-27 09:00:00, 2022-01-27 11:00:00, 2.515091, 2:00:00, 0.0 
2022-01-28 09:00:00, 2022-01-28 11:00:00, 2.375725, 2:00:00, 0.0 
2022-02-06 18:00:00, 2022-02-06 19:00:00, 1.131398, 1:00:00, 0.0 
2022-05-10 22:00:00, 2022-05-10 22:00:00, 0.979784, 0:00:00, 0.0 
2022-05-11 10:00:00, 2022-05-13 12:00:00, 20.573338, 2 days, 2:00:00, 0.0 
2022-06-06 06:00:00, 2022-06-06 07:00:00, 1.038618, 1:00:00, 0.0 
2022-09-28 17:00:00, 2022-09-30 19:00:00, 41.314598, 2 days, 2:00:00, 0.0 
2022-11-09 03:00:00, 2022-11-11 04:00:00, 43.395527, 2 days, 1:00:00, 0.0 
2022-12-13 18:00:00, 2022-12-13 18:00:00, 0.954059, 0:00:00, 0.0 
2022-12-21 12:00:00, 2022-12-22 01:00:00, 5.622350, 13:00:00, 0.0 
