Start Date, Storm SEPI, Time From Previous Storm 
1926-05-07 13:00:00, 0.268141, 0.0 
1926-05-09 03:00:00, 0.290088, 1.583333 
1926-06-24 16:00:00, 0.280032, 46.541667 
1926-07-26 18:00:00, 0.345366, 32.083333 
1926-07-27 15:00:00, 0.701883, 0.875000 
1926-08-16 09:00:00, 0.271117, 19.583333 
1926-08-21 15:00:00, 0.296792, 5.208333 
1926-08-22 16:00:00, 0.290963, 1.000000 
1926-08-23 05:00:00, 4.583427, 0.541667 
1926-08-25 18:00:00, 0.339603, 0.500000 
1926-09-18 01:00:00, 9.109750, 23.250000 
1926-09-20 16:00:00, 0.293440, 1.000000 
1926-09-23 19:00:00, 0.298909, 3.083333 
1926-10-16 00:00:00, 1.161965, 22.208333 
1926-10-17 02:00:00, 0.832077, 0.500000 
1926-10-18 03:00:00, 0.304120, 0.500000 
1926-10-20 21:00:00, 7.017602, 2.750000 
1926-10-22 18:00:00, 1.089060, 0.500000 
1926-10-23 19:00:00, 0.313083, 0.500000 
1926-10-24 07:00:00, 0.338692, 0.500000 
1926-11-07 18:00:00, 0.297160, 14.416667 
1927-02-15 02:00:00, 0.231291, 99.291667 
1927-02-16 03:00:00, 0.204057, 1.041667 
1927-02-17 02:00:00, 0.681482, 0.916667 
1927-02-18 16:00:00, 4.590376, 1.458333 
1927-06-21 21:00:00, 0.230577, 121.625000 
1927-06-22 10:00:00, 0.236956, 0.541667 
1927-06-28 14:00:00, 0.443393, 6.166667 
1927-08-15 19:00:00, 0.193531, 48.125000 
1927-10-18 03:00:00, 0.190188, 63.333333 
1927-11-16 11:00:00, 0.227041, 29.333333 
1927-11-26 05:00:00, 0.235219, 9.750000 
1927-11-28 05:00:00, 0.225178, 1.958333 
1927-12-03 11:00:00, 0.411379, 5.250000 
1927-12-07 13:00:00, 1.708692, 3.708333 
1927-12-29 06:00:00, 0.463616, 21.083333 
1927-12-30 07:00:00, 0.424313, 0.958333 
1928-01-08 04:00:00, 0.302395, 8.791667 
1928-05-25 21:00:00, 0.241256, 138.666667 
1928-07-18 16:00:00, 0.298447, 53.750000 
1928-08-26 13:00:00, 0.245127, 38.875000 
1928-09-16 15:00:00, 3.178845, 21.083333 
1928-11-15 05:00:00, 0.256000, 58.916667 
1928-11-16 07:00:00, 0.256949, 1.083333 
1928-11-17 06:00:00, 0.267520, 0.958333 
1928-12-12 16:00:00, 1.824416, 25.416667 
1928-12-17 08:00:00, 0.815946, 4.125000 
1928-12-20 09:00:00, 0.232197, 2.541667 
1929-02-06 00:00:00, 0.572782, 47.625000 
1929-02-21 02:00:00, 0.309109, 15.000000 
1929-04-21 11:00:00, 0.689594, 59.333333 
1929-04-22 04:00:00, 0.853039, 0.500000 
1929-07-08 16:00:00, 0.297315, 77.000000 
1929-07-09 18:00:00, 0.897379, 1.041667 
1929-07-10 20:00:00, 0.291867, 0.541667 
1929-07-11 08:00:00, 2.290450, 0.500000 
1929-07-15 12:00:00, 0.319351, 3.208333 
1929-07-18 13:00:00, 0.579082, 3.000000 
1929-08-26 20:00:00, 0.762118, 39.208333 
1929-09-28 02:00:00, 5.592679, 32.166667 
1929-12-18 04:00:00, 0.291426, 79.541667 
1929-12-22 21:00:00, 0.260043, 4.625000 
1930-01-08 21:00:00, 0.511541, 17.000000 
1930-01-13 01:00:00, 0.710152, 4.083333 
1930-01-15 03:00:00, 0.589406, 2.000000 
1930-01-18 06:00:00, 0.244079, 3.041667 
1930-02-04 07:00:00, 0.499348, 17.000000 
1930-02-15 05:00:00, 0.295200, 10.375000 
1930-02-15 17:00:00, 0.293119, 0.500000 
1930-03-07 15:00:00, 3.063177, 19.875000 
1931-03-03 04:00:00, 0.230450, 360.250000 
1931-03-21 14:00:00, 2.951897, 18.416667 
1931-03-25 18:00:00, 0.521675, 3.500000 
1931-03-26 15:00:00, 1.905522, 0.791667 
1931-03-27 16:00:00, 1.884081, 0.791667 
1931-03-30 21:00:00, 10.883599, 2.916667 
1931-04-03 14:00:00, 0.552008, 2.000000 
1931-04-04 16:00:00, 0.540249, 1.000000 
1931-04-05 06:00:00, 1.139488, 0.500000 
1931-09-25 16:00:00, 0.303212, 172.916667 
1931-11-10 05:00:00, 0.250996, 45.500000 
1931-12-28 07:00:00, 0.227884, 48.083333 
1931-12-29 05:00:00, 0.821827, 0.916667 
1931-12-30 07:00:00, 4.529256, 0.958333 
1932-01-24 04:00:00, 0.760604, 23.291667 
1932-01-25 05:00:00, 0.915944, 0.958333 
1932-01-26 07:00:00, 0.278241, 1.000000 
1932-01-26 19:00:00, 0.331158, 0.500000 
1932-03-03 02:00:00, 0.244101, 36.291667 
1932-03-04 23:00:00, 0.272160, 1.875000 
1932-03-05 14:00:00, 3.984761, 0.541667 
1932-11-26 03:00:00, 0.260710, 264.916667 
1932-11-29 23:00:00, 26.455755, 3.833333 
1932-12-07 00:00:00, 2.710615, 1.000000 
1932-12-09 12:00:00, 0.588744, 1.458333 
1932-12-10 02:00:00, 0.260260, 0.500000 
1932-12-11 16:00:00, 2.605853, 1.583333 
1932-12-12 16:00:00, 0.300454, 0.500000 
1933-06-21 14:00:00, 0.320670, 190.458333 
1933-06-22 15:00:00, 0.332971, 1.000000 
1933-07-09 12:00:00, 0.321243, 16.875000 
1933-09-01 13:00:00, 17.222813, 54.041667 
1933-09-04 00:00:00, 0.305061, 0.833333 
1933-10-03 23:00:00, 26.686526, 29.958333 
1933-10-31 14:00:00, 22.352910, 24.791667 
1933-11-05 03:00:00, 3.510164, 0.916667 
1934-01-07 18:00:00, 0.410511, 62.541667 
1934-01-19 16:00:00, 1.175694, 11.833333 
1934-02-01 02:00:00, 0.756839, 11.791667 
1934-06-28 18:00:00, 0.183787, 147.541667 
1934-09-07 03:00:00, 0.199195, 70.375000 
1934-09-08 03:00:00, 0.204499, 1.000000 
1934-09-14 05:00:00, 1.963195, 6.041667 
1934-10-16 12:00:00, 0.190615, 31.666667 
1934-10-20 11:00:00, 1.338073, 3.958333 
1934-10-21 17:00:00, 0.214513, 0.833333 
1934-10-24 01:00:00, 2.348125, 2.333333 
1934-10-26 01:00:00, 0.706361, 1.333333 
1934-10-29 19:00:00, 0.214809, 3.125000 
1934-11-01 00:00:00, 0.195659, 2.125000 
1934-11-21 16:00:00, 0.188754, 20.666667 
1934-11-27 18:00:00, 0.431209, 6.083333 
1934-11-29 22:00:00, 0.197439, 2.041667 
1934-12-18 01:00:00, 0.423994, 18.083333 
1934-12-19 02:00:00, 0.197181, 0.958333 
1935-01-08 06:00:00, 0.268960, 20.125000 
1935-01-09 19:00:00, 0.245062, 1.541667 
1935-02-03 00:00:00, 0.549217, 24.166667 
1935-02-04 00:00:00, 1.254941, 0.833333 
1935-07-07 09:00:00, 0.255484, 153.166667 
1935-09-03 05:00:00, 1.272919, 57.833333 
1935-10-20 13:00:00, 0.261811, 47.166667 
1935-10-25 16:00:00, 0.250725, 5.125000 
1935-10-27 16:00:00, 1.109317, 2.000000 
1935-10-28 22:00:00, 0.596786, 0.750000 
1935-11-04 22:00:00, 1.637525, 6.708333 
1935-11-07 15:00:00, 0.263579, 2.500000 
1935-11-27 04:00:00, 0.258556, 19.541667 
1935-11-28 04:00:00, 1.667247, 0.958333 
1935-12-22 23:00:00, 0.337686, 24.208333 
1936-05-24 13:00:00, 0.860271, 153.583333 
1936-05-26 07:00:00, 2.193701, 1.500000 
1936-05-28 07:00:00, 3.859071, 0.916667 
1936-06-08 17:00:00, 0.538800, 10.208333 
1936-06-10 18:00:00, 0.259040, 1.958333 
1936-06-11 17:00:00, 9.965509, 0.958333 
1936-06-16 13:00:00, 0.283118, 1.083333 
1936-06-20 18:00:00, 0.238533, 4.208333 
1936-07-29 10:00:00, 0.302242, 38.666667 
1936-11-02 16:00:00, 0.297975, 96.250000 
1936-11-05 18:00:00, 0.254445, 3.083333 
1936-12-27 22:00:00, 0.245605, 52.166667 
1936-12-30 16:00:00, 0.240301, 2.750000 
1937-02-04 21:00:00, 0.583397, 36.166667 
1937-02-07 01:00:00, 0.242580, 2.083333 
1937-02-08 01:00:00, 0.343760, 1.000000 
1937-02-08 22:00:00, 1.746054, 0.833333 
1937-02-09 15:00:00, 1.442280, 0.500000 
1937-02-13 02:00:00, 4.011526, 2.958333 
1937-02-15 17:00:00, 0.268640, 1.458333 
1937-02-22 00:00:00, 0.259040, 6.250000 
1937-05-07 13:00:00, 0.297440, 74.500000 
1937-10-16 15:00:00, 0.254079, 162.083333 
1937-10-17 14:00:00, 0.520698, 0.958333 
1937-10-18 14:00:00, 2.484976, 0.916667 
1937-12-06 04:00:00, 0.564052, 48.000000 
1938-01-20 19:00:00, 0.190502, 45.541667 
1938-01-24 19:00:00, 0.430508, 4.000000 
1938-06-02 18:00:00, 0.450421, 128.791667 
1938-08-16 19:00:00, 0.209916, 74.958333 
1938-08-25 15:00:00, 1.294437, 8.833333 
1938-10-13 06:00:00, 2.055380, 47.583333 
1938-10-14 09:00:00, 1.150811, 0.541667 
1938-11-04 13:00:00, 0.250500, 20.666667 
1938-11-05 14:00:00, 0.222547, 1.000000 
1938-11-07 15:00:00, 2.856567, 2.041667 
1938-11-09 06:00:00, 0.661340, 0.500000 
1938-12-01 07:00:00, 0.211718, 21.041667 
1938-12-04 01:00:00, 0.253068, 2.583333 
1939-01-28 19:00:00, 0.242131, 55.708333 
1939-01-29 19:00:00, 0.739358, 0.916667 
1939-02-03 02:00:00, 0.221764, 4.125000 
1939-09-22 00:00:00, 0.216875, 230.916667 
1939-09-24 15:00:00, 0.461239, 2.625000 
1939-09-25 16:00:00, 0.218643, 0.541667 
1939-09-26 04:00:00, 0.223947, 0.500000 
1939-09-26 16:00:00, 0.209725, 0.500000 
1939-10-14 18:00:00, 0.209725, 18.083333 
1939-10-17 08:00:00, 0.237332, 2.583333 
1939-10-17 20:00:00, 0.215161, 0.500000 
1939-10-18 17:00:00, 9.104990, 0.875000 
1939-10-21 01:00:00, 0.897772, 0.583333 
1939-10-23 00:00:00, 0.224280, 1.041667 
1939-10-24 03:00:00, 0.211571, 1.125000 
1939-10-25 16:00:00, 0.208035, 1.541667 
1939-10-31 07:00:00, 0.202731, 5.625000 
1939-11-04 23:00:00, 0.266379, 4.666667 
1939-12-01 06:00:00, 0.475731, 26.250000 
1939-12-02 09:00:00, 0.222179, 1.041667 
1940-02-17 19:00:00, 0.853151, 77.416667 
1940-08-05 16:00:00, 0.265011, 169.750000 
1940-09-30 17:00:00, 0.332089, 56.000000 
1940-10-01 16:00:00, 3.401073, 0.958333 
1940-10-03 19:00:00, 0.223783, 0.541667 
1940-10-05 08:00:00, 0.227777, 1.541667 
1940-10-06 09:00:00, 7.886294, 1.041667 
1940-10-09 20:00:00, 0.734105, 0.666667 
1940-12-26 13:00:00, 4.256114, 77.500000 
1940-12-28 14:00:00, 0.377280, 1.416667 
1941-01-13 02:00:00, 0.586255, 15.458333 
1941-01-14 01:00:00, 16.362171, 0.875000 
1941-01-18 18:00:00, 0.256142, 1.000000 
1941-02-02 19:00:00, 0.268601, 15.041667 
1941-02-03 18:00:00, 0.598172, 0.916667 
1941-02-07 00:00:00, 0.251131, 3.166667 
1941-02-09 02:00:00, 0.253667, 2.083333 
1941-02-13 17:00:00, 0.895477, 4.625000 
1941-05-01 18:00:00, 0.249845, 76.500000 
1941-09-20 17:00:00, 0.239451, 141.958333 
1941-09-21 05:00:00, 0.303124, 0.500000 
1941-09-22 06:00:00, 0.261613, 1.041667 
1941-09-30 13:00:00, 0.253991, 8.291667 
1941-12-23 03:00:00, 0.584982, 83.583333 
1942-02-23 20:00:00, 1.928477, 62.500000 
1942-03-02 15:00:00, 0.346239, 6.166667 
1942-06-09 01:00:00, 0.278018, 98.416667 
1942-07-12 03:00:00, 0.338473, 33.083333 
1942-07-13 16:00:00, 0.269280, 1.541667 
1942-09-03 22:00:00, 0.502019, 52.250000 
1942-10-01 20:00:00, 14.378871, 27.833333 
1942-10-15 18:00:00, 0.528255, 10.125000 
1942-10-16 10:00:00, 0.243994, 0.583333 
1942-10-17 11:00:00, 1.817261, 1.041667 
1942-11-06 14:00:00, 13.375840, 19.541667 
1942-11-16 10:00:00, 0.508699, 5.125000 
1943-02-05 04:00:00, 0.279481, 80.666667 
1943-02-06 05:00:00, 0.285090, 1.041667 
1943-03-06 02:00:00, 0.298279, 27.833333 
1943-03-26 07:00:00, 1.605065, 20.208333 
1943-04-10 17:00:00, 0.300000, 14.875000 
1943-06-17 15:00:00, 0.285759, 67.875000 
1943-09-18 17:00:00, 0.258866, 93.083333 
1943-09-24 15:00:00, 2.314260, 5.791667 
1943-09-28 23:00:00, 0.833879, 3.333333 
1943-10-01 18:00:00, 2.918297, 2.125000 
1943-10-07 22:00:00, 3.798262, 4.875000 
1943-10-13 11:00:00, 2.363380, 4.916667 
1943-10-14 12:00:00, 9.586369, 0.750000 
1944-09-27 00:00:00, 0.257713, 345.791667 
1944-10-17 17:00:00, 26.299651, 20.666667 
1944-10-30 17:00:00, 1.914591, 10.750000 
1944-11-26 14:00:00, 0.263986, 25.375000 
1944-11-29 13:00:00, 0.854679, 2.958333 
1944-12-07 21:00:00, 0.807027, 8.166667 
1945-06-06 14:00:00, 0.261708, 180.583333 
1946-10-05 13:00:00, 0.267602, 485.958333 
1946-10-07 11:00:00, 1.951298, 1.875000 
1946-10-17 22:00:00, 2.404596, 10.250000 
1946-10-19 01:00:00, 0.281361, 0.541667 
1946-12-05 20:00:00, 34.054104, 47.791667 
1946-12-18 00:00:00, 0.278080, 4.166667 
1947-06-23 19:00:00, 0.317361, 187.791667 
1947-06-24 09:00:00, 0.287915, 0.583333 
1947-06-25 10:00:00, 0.283343, 1.041667 
1947-09-22 09:00:00, 2.750212, 88.958333 
1947-10-11 22:00:00, 0.337207, 18.708333 
1947-11-02 04:00:00, 1.080621, 21.250000 
1947-11-08 14:00:00, 0.313760, 6.250000 
1947-11-11 12:00:00, 1.905539, 2.916667 
1947-11-12 17:00:00, 0.348272, 0.833333 
1947-11-15 04:00:00, 0.329830, 2.416667 
1947-11-25 03:00:00, 0.613843, 9.958333 
1947-11-26 11:00:00, 3.329585, 0.833333 
1947-11-28 02:00:00, 1.650679, 1.041667 
1947-12-02 20:00:00, 0.628171, 4.166667 
1948-01-13 17:00:00, 0.608493, 41.333333 
1948-03-06 01:00:00, 0.274365, 51.958333 
1948-03-07 23:00:00, 0.785521, 1.916667 
1948-04-25 05:00:00, 1.019205, 48.125000 
1948-04-26 16:00:00, 0.294712, 0.916667 
1948-07-21 16:00:00, 0.282136, 85.958333 
1948-07-23 17:00:00, 0.267842, 2.041667 
1948-09-20 00:00:00, 23.827253, 58.291667 
1948-10-27 12:00:00, 6.782083, 35.166667 
1948-10-29 03:00:00, 2.864394, 0.500000 
1949-02-27 16:00:00, 0.275366, 121.000000 
1949-07-06 14:00:00, 0.250614, 128.916667 
1949-07-15 08:00:00, 0.247078, 8.750000 
1949-10-13 04:00:00, 1.248034, 89.833333 
1949-10-16 13:00:00, 0.251270, 3.166667 
1949-10-20 02:00:00, 11.593621, 3.541667 
1949-10-24 15:00:00, 8.032092, 1.375000 
1949-10-28 23:00:00, 1.347758, 2.583333 
1949-12-26 18:00:00, 0.542298, 58.208333 
1950-01-02 22:00:00, 1.571922, 7.041667 
1950-01-03 22:00:00, 2.791568, 0.750000 
1950-02-14 00:00:00, 0.565313, 40.791667 
1950-02-22 16:00:00, 0.530090, 8.583333 
1950-04-13 11:00:00, 0.552939, 49.666667 
1950-08-19 05:00:00, 0.277201, 127.625000 
1950-08-27 04:00:00, 0.261090, 7.916667 
1950-09-03 09:00:00, 7.101350, 7.208333 
1950-10-17 10:00:00, 1.045839, 43.291667 
1950-10-18 20:00:00, 1.049392, 0.875000 
1951-02-07 04:00:00, 0.270407, 111.125000 
1951-04-07 12:00:00, 1.866821, 59.333333 
1951-04-10 15:00:00, 0.903402, 2.416667 
1951-04-11 18:00:00, 0.236856, 0.958333 
1951-10-01 16:00:00, 5.854188, 172.875000 
1951-10-03 19:00:00, 0.220255, 0.708333 
1951-10-15 17:00:00, 0.748046, 11.916667 
1951-10-18 17:00:00, 0.929597, 2.583333 
1951-10-20 00:00:00, 2.616877, 1.000000 
1951-10-21 07:00:00, 2.681200, 0.916667 
1951-10-24 23:00:00, 0.448092, 2.916667 
1951-10-28 14:00:00, 0.244172, 3.541667 
1951-10-30 01:00:00, 0.507519, 1.375000 
1951-12-03 08:00:00, 0.679796, 34.208333 
1951-12-04 18:00:00, 0.678745, 0.916667 
1952-02-02 19:00:00, 0.233100, 59.916667 
1952-02-26 02:00:00, 0.234770, 23.291667 
1952-02-26 14:00:00, 0.261450, 0.500000 
1952-03-10 14:00:00, 0.710911, 12.916667 
1952-03-18 20:00:00, 0.206640, 7.666667 
1952-05-17 22:00:00, 0.221919, 60.083333 
1952-05-25 12:00:00, 0.752999, 7.541667 
1952-05-26 17:00:00, 0.231136, 1.041667 
1952-05-30 20:00:00, 0.225349, 4.083333 
1952-05-31 20:00:00, 0.210945, 0.958333 
1952-06-01 09:00:00, 0.218157, 0.541667 
1952-09-17 17:00:00, 0.236137, 108.291667 
1952-12-07 19:00:00, 0.221753, 81.083333 
1952-12-09 22:00:00, 0.212774, 2.083333 
1952-12-10 19:00:00, 0.240660, 0.875000 
1953-10-25 06:00:00, 0.167954, 318.375000 
1953-11-16 10:00:00, 0.616889, 22.166667 
1954-05-13 00:00:00, 1.592778, 177.166667 
1954-05-25 18:00:00, 6.047353, 12.208333 
1954-06-18 13:00:00, 0.269776, 22.041667 
1954-09-09 01:00:00, 0.250725, 82.416667 
1954-11-12 23:00:00, 0.262658, 64.916667 
1954-11-14 08:00:00, 0.796113, 1.375000 
1954-11-15 17:00:00, 0.882358, 0.875000 
1955-01-18 20:00:00, 0.596997, 63.958333 
1955-01-24 00:00:00, 1.274044, 5.000000 
1955-01-28 16:00:00, 1.158170, 4.458333 
1955-06-10 18:00:00, 0.310697, 132.458333 
1955-06-11 06:00:00, 0.335164, 0.500000 
1955-09-16 16:00:00, 0.280938, 97.416667 
1956-01-10 22:00:00, 0.314436, 116.166667 
1956-01-11 23:00:00, 3.616302, 0.958333 
1956-04-10 16:00:00, 0.590757, 88.541667 
1956-09-14 00:00:00, 0.282586, 155.916667 
1956-09-16 00:00:00, 0.875258, 1.958333 
1956-10-15 05:00:00, 11.264257, 28.916667 
1956-10-30 14:00:00, 7.830854, 13.708333 
1956-11-02 05:00:00, 16.567492, 0.500000 
1956-11-06 08:00:00, 2.546259, 0.666667 
1957-08-23 13:00:00, 0.298049, 289.500000 
1957-10-06 04:00:00, 0.259108, 43.625000 
1957-10-08 17:00:00, 0.267303, 2.541667 
1957-10-09 23:00:00, 1.242626, 1.208333 
1957-10-17 23:00:00, 0.513811, 7.708333 
1957-10-19 00:00:00, 0.834048, 0.958333 
1957-10-24 16:00:00, 1.239812, 5.166667 
1958-01-06 16:00:00, 8.124670, 73.041667 
1958-10-08 01:00:00, 0.322971, 273.291667 
1958-10-08 14:00:00, 0.295536, 0.500000 
1958-10-09 13:00:00, 1.549200, 0.958333 
1958-10-10 16:00:00, 0.276143, 0.541667 
1958-10-11 04:00:00, 0.267153, 0.500000 
1958-10-11 16:00:00, 0.312160, 0.500000 
1958-10-12 04:00:00, 0.285280, 0.500000 
1958-10-12 16:00:00, 0.313034, 0.500000 
1958-10-13 05:00:00, 0.286492, 0.541667 
1958-10-13 18:00:00, 28.584384, 0.541667 
1958-10-20 10:00:00, 3.919892, 0.625000 
1958-10-27 03:00:00, 0.608350, 6.083333 
1958-12-05 00:00:00, 0.267153, 38.791667 
1959-01-15 20:00:00, 0.252859, 41.833333 
1959-01-16 08:00:00, 0.280937, 0.500000 
1959-03-06 01:00:00, 0.259680, 48.291667 
1959-05-27 21:00:00, 0.250371, 82.833333 
1959-05-28 09:00:00, 0.262957, 0.500000 
1959-05-29 10:00:00, 0.272978, 1.041667 
1959-06-18 00:00:00, 2.039710, 19.208333 
1959-09-27 14:00:00, 0.241381, 101.083333 
1959-09-29 02:00:00, 0.253732, 1.500000 
1959-11-13 04:00:00, 0.260175, 45.083333 
1959-11-14 12:00:00, 1.336038, 1.333333 
1959-11-19 04:00:00, 3.374767, 4.458333 
1959-11-20 19:00:00, 8.107769, 0.583333 
1959-12-06 10:00:00, 0.265072, 14.000000 
1959-12-26 20:00:00, 1.571528, 19.958333 
1959-12-27 14:00:00, 0.566580, 0.500000 
1959-12-28 14:00:00, 0.342480, 0.500000 
1960-01-03 07:00:00, 0.243105, 5.666667 
1960-02-10 02:00:00, 0.288830, 37.750000 
1960-05-08 11:00:00, 1.234415, 88.333333 
1960-06-10 15:00:00, 0.285778, 33.000000 
1960-06-11 16:00:00, 2.254634, 1.041667 
1960-06-13 17:00:00, 6.816784, 0.916667 
1960-07-14 05:00:00, 0.577689, 27.791667 
1960-07-14 21:00:00, 0.254079, 0.500000 
1960-09-10 06:00:00, 4.745468, 57.375000 
1960-11-01 16:00:00, 0.302242, 51.791667 
1961-02-07 07:00:00, 0.283485, 97.625000 
1961-02-07 19:00:00, 0.270794, 0.500000 
1961-03-05 16:00:00, 0.541856, 25.875000 
1961-03-06 15:00:00, 1.282536, 0.875000 
1961-03-08 16:00:00, 0.294210, 1.875000 
1961-03-17 15:00:00, 1.225244, 8.916667 
1961-03-22 16:00:00, 0.851770, 4.416667 
1961-03-28 14:00:00, 0.287081, 5.791667 
1961-03-31 14:00:00, 0.627730, 3.000000 
1961-04-01 04:00:00, 0.330439, 0.500000 
1961-04-12 14:00:00, 0.324450, 11.375000 
1961-04-16 02:00:00, 0.306560, 3.500000 
1961-10-17 23:00:00, 0.269640, 184.833333 
1961-10-18 13:00:00, 0.545450, 0.583333 
1961-10-31 11:00:00, 0.580537, 12.458333 
1961-11-02 01:00:00, 0.267076, 1.250000 
1961-11-02 14:00:00, 0.269101, 0.541667 
1962-03-04 14:00:00, 2.217571, 122.000000 
1962-03-08 14:00:00, 28.212317, 3.416667 
1962-03-13 18:00:00, 0.830970, 0.833333 
1962-03-14 22:00:00, 0.642444, 1.041667 
1962-03-16 00:00:00, 0.275940, 1.000000 
1962-03-23 14:00:00, 0.288000, 7.583333 
1962-03-24 14:00:00, 1.330612, 0.958333 
1962-03-25 15:00:00, 2.601242, 0.875000 
1962-10-31 17:00:00, 1.005817, 219.083333 
1962-12-05 19:00:00, 2.211900, 34.958333 
1962-12-07 09:00:00, 0.266490, 1.041667 
1963-01-02 08:00:00, 0.280142, 25.916667 
1963-01-06 21:00:00, 2.430018, 4.500000 
1963-01-09 02:00:00, 0.302556, 1.958333 
1963-01-10 04:00:00, 0.268202, 1.083333 
1963-09-20 04:00:00, 0.674502, 252.958333 
1963-09-28 03:00:00, 10.918097, 7.833333 
1963-10-07 01:00:00, 0.648207, 7.416667 
1963-10-07 20:00:00, 4.097955, 0.708333 
1963-10-09 23:00:00, 0.976865, 0.500000 
1963-10-22 00:00:00, 0.304605, 11.500000 
1963-10-25 07:00:00, 0.325018, 3.250000 
1963-10-28 06:00:00, 5.871593, 2.958333 
1964-05-03 16:00:00, 0.250909, 187.541667 
1964-05-08 13:00:00, 0.272369, 4.875000 
1964-05-09 15:00:00, 0.246509, 1.083333 
1964-05-11 13:00:00, 0.293584, 1.916667 
1964-05-12 02:00:00, 0.255166, 0.500000 
1964-06-28 17:00:00, 0.259040, 47.541667 
1964-09-23 19:00:00, 0.268589, 87.083333 
1964-10-14 16:00:00, 1.765249, 20.875000 
1964-11-19 17:00:00, 0.599198, 35.916667 
1964-12-24 18:00:00, 0.941849, 34.625000 
1965-01-06 01:00:00, 0.230826, 12.166667 
1965-02-17 17:00:00, 0.214223, 42.458333 
1965-02-21 06:00:00, 1.004068, 3.541667 
1965-02-23 18:00:00, 0.801184, 1.958333 
1965-03-02 00:00:00, 0.221614, 6.125000 
1965-09-07 13:00:00, 26.109096, 189.541667 
1965-09-11 11:00:00, 2.171438, 0.791667 
1965-09-14 14:00:00, 0.480704, 2.583333 
1966-01-12 20:00:00, 0.244528, 120.166667 
1966-01-13 18:00:00, 0.815256, 0.875000 
1966-01-14 18:00:00, 4.592401, 0.833333 
1966-01-22 01:00:00, 0.517856, 6.083333 
1966-01-25 17:00:00, 1.908764, 3.500000 
1966-01-29 16:00:00, 3.246792, 3.375000 
1966-02-02 00:00:00, 0.259718, 3.083333 
1966-06-08 16:00:00, 4.856809, 126.625000 
1966-10-05 08:00:00, 0.248124, 118.416667 
1966-11-27 01:00:00, 5.047363, 52.666667 
1967-02-06 23:00:00, 0.807938, 70.333333 
1967-06-11 17:00:00, 0.232893, 124.583333 
1967-06-12 13:00:00, 1.981853, 0.750000 
1967-06-13 15:00:00, 2.669332, 0.791667 
1967-06-15 22:00:00, 3.752798, 0.583333 
1967-06-20 12:00:00, 0.843584, 2.541667 
1967-06-21 15:00:00, 0.246135, 1.000000 
1967-08-12 20:00:00, 0.214561, 52.208333 
1967-12-10 23:00:00, 0.246330, 120.125000 
1967-12-11 13:00:00, 0.830709, 0.541667 
1967-12-28 01:00:00, 0.238672, 16.041667 
1968-01-09 23:00:00, 0.321752, 12.916667 
1968-01-23 21:00:00, 0.566307, 13.875000 
1968-01-25 20:00:00, 0.254079, 1.875000 
1968-02-01 03:00:00, 0.913154, 6.291667 
1968-02-02 16:00:00, 0.257981, 1.416667 
1968-02-05 17:00:00, 1.283110, 3.041667 
1968-02-11 21:00:00, 1.969772, 6.000000 
1968-02-13 01:00:00, 0.297440, 0.916667 
1968-03-11 01:00:00, 0.276836, 26.916667 
1968-03-11 22:00:00, 3.139527, 0.875000 
1968-04-23 23:00:00, 0.281514, 41.875000 
1968-04-24 14:00:00, 1.389180, 0.625000 
1968-04-26 03:00:00, 0.254079, 1.000000 
1968-06-03 15:00:00, 4.452291, 38.500000 
1968-10-16 22:00:00, 4.331475, 134.500000 
1969-01-19 04:00:00, 0.245280, 93.666667 
1969-02-16 00:00:00, 0.920288, 27.791667 
1969-03-03 02:00:00, 0.231826, 14.958333 
1969-03-04 00:00:00, 0.770092, 0.833333 
1969-03-06 14:00:00, 2.741322, 2.375000 
1969-03-08 17:00:00, 0.245338, 1.500000 
1969-10-31 04:00:00, 12.974992, 236.458333 
1969-11-08 15:00:00, 1.364049, 6.333333 
1969-12-10 04:00:00, 0.296125, 31.083333 
1970-02-02 00:00:00, 0.273096, 53.833333 
1970-02-03 00:00:00, 0.251805, 1.000000 
1970-03-26 17:00:00, 0.287743, 51.666667 
1970-05-24 13:00:00, 0.561933, 58.833333 
1970-08-02 16:00:00, 1.354285, 70.000000 
1970-08-05 03:00:00, 0.834287, 1.458333 
1970-08-06 03:00:00, 3.468691, 0.875000 
1970-08-09 21:00:00, 2.256552, 2.750000 
1970-08-11 04:00:00, 2.836279, 0.750000 
1970-08-12 05:00:00, 1.312456, 0.708333 
1970-08-13 12:00:00, 0.274396, 1.000000 
1970-08-15 16:00:00, 0.238297, 2.166667 
1970-10-12 13:00:00, 0.300427, 57.875000 
1970-10-14 11:00:00, 0.852471, 1.916667 
1970-10-19 16:00:00, 5.002449, 5.041667 
1970-12-31 04:00:00, 0.853029, 71.375000 
1971-02-04 22:00:00, 0.987365, 35.625000 
1971-02-07 22:00:00, 1.649358, 2.875000 
1971-11-06 16:00:00, 1.167778, 271.541667 
1971-11-08 18:00:00, 1.248721, 1.916667 
1971-11-09 10:00:00, 5.891482, 0.500000 
1971-11-11 19:00:00, 2.002623, 0.791667 
1971-11-14 01:00:00, 0.305944, 2.000000 
1971-11-15 23:00:00, 1.662584, 1.916667 
1971-11-17 02:00:00, 0.649975, 0.916667 
1971-11-17 16:00:00, 0.298778, 0.500000 
1971-11-18 16:00:00, 3.601569, 1.000000 
1971-11-21 17:00:00, 0.285515, 2.500000 
1971-11-26 18:00:00, 0.289661, 5.000000 
1971-11-27 07:00:00, 1.612731, 0.541667 
1971-11-29 00:00:00, 2.363101, 1.500000 
1971-12-23 17:00:00, 4.568996, 24.125000 
1971-12-26 18:00:00, 4.473348, 1.416667 
1972-01-09 18:00:00, 1.084585, 12.708333 
1972-01-21 04:00:00, 1.264805, 11.208333 
1972-01-22 06:00:00, 0.639734, 0.916667 
1972-01-28 02:00:00, 0.270740, 5.750000 
1972-02-01 17:00:00, 0.315156, 4.625000 
1972-03-02 17:00:00, 0.259647, 30.000000 
1972-03-17 06:00:00, 0.293350, 14.541667 
1972-05-14 11:00:00, 0.267540, 58.208333 
1972-06-17 06:00:00, 8.654029, 33.750000 
1972-12-21 15:00:00, 4.563295, 185.166667 
1973-01-18 02:00:00, 0.299206, 26.833333 
1973-01-19 02:00:00, 0.332107, 0.916667 
1973-01-21 15:00:00, 3.149153, 2.541667 
1973-02-19 04:00:00, 2.334457, 27.916667 
1973-03-06 04:00:00, 0.323503, 14.416667 
1973-03-29 11:00:00, 0.791235, 23.291667 
1973-03-30 13:00:00, 3.788419, 1.000000 
1973-04-01 11:00:00, 1.446199, 0.875000 
1973-04-02 11:00:00, 11.989534, 0.833333 
1973-10-25 11:00:00, 5.257400, 203.750000 
1973-10-27 14:00:00, 3.867238, 1.375000 
1973-12-04 11:00:00, 0.315816, 37.166667 
1974-02-19 02:00:00, 0.264036, 76.583333 
1974-06-24 07:00:00, 3.239784, 125.208333 
1974-10-01 16:00:00, 0.533773, 98.291667 
1974-10-04 18:00:00, 49.967089, 2.583333 
1974-10-13 14:00:00, 5.636466, 0.708333 
1975-03-13 04:00:00, 0.258323, 148.958333 
1975-05-11 16:00:00, 0.299984, 59.500000 
1975-05-12 16:00:00, 0.284417, 0.958333 
1975-05-14 18:00:00, 0.394263, 2.041667 
1975-06-30 06:00:00, 0.475622, 46.458333 
1975-12-17 02:00:00, 0.532688, 169.750000 
1975-12-25 06:00:00, 2.992322, 8.083333 
1976-02-26 02:00:00, 0.209354, 62.125000 
1976-04-06 18:00:00, 0.222771, 40.666667 
1976-06-05 20:00:00, 0.219520, 60.000000 
1976-06-11 10:00:00, 0.847338, 5.541667 
1976-06-12 14:00:00, 0.518395, 1.000000 
1976-06-16 07:00:00, 1.600249, 3.583333 
1976-08-19 08:00:00, 0.264604, 63.500000 
1976-08-30 09:00:00, 0.232924, 11.041667 
1976-11-03 10:00:00, 0.225002, 65.041667 
1976-12-05 22:00:00, 7.325451, 32.500000 
1976-12-11 17:00:00, 0.250511, 3.541667 
1976-12-28 18:00:00, 1.339571, 17.041667 
1977-01-09 18:00:00, 0.521374, 11.791667 
1977-05-10 10:00:00, 0.269944, 120.250000 
1977-05-21 13:00:00, 0.822621, 11.125000 
1977-05-22 16:00:00, 7.021888, 0.916667 
1977-06-02 02:00:00, 3.743122, 8.291667 
1977-09-19 10:00:00, 0.270761, 107.666667 
1977-09-26 11:00:00, 0.551090, 7.041667 
1977-11-15 08:00:00, 0.281179, 49.625000 
1977-12-14 01:00:00, 0.573550, 28.708333 
1978-01-09 00:00:00, 0.387360, 25.875000 
1978-01-13 18:00:00, 0.375744, 4.708333 
1978-02-20 02:00:00, 0.371250, 37.333333 
1978-03-03 19:00:00, 0.535787, 11.666667 
1978-10-11 08:00:00, 6.146873, 221.375000 
1978-10-20 05:00:00, 3.034324, 7.083333 
1978-10-29 21:00:00, 0.258888, 8.583333 
1978-11-07 18:00:00, 4.048638, 8.833333 
1978-11-26 20:00:00, 1.766345, 18.333333 
1979-01-01 05:00:00, 0.289996, 34.791667 
1979-01-02 05:00:00, 2.011461, 0.958333 
1979-01-08 00:00:00, 0.285515, 5.208333 
1979-01-12 03:00:00, 3.641287, 4.083333 
1979-01-20 18:00:00, 2.367371, 7.541667 
1979-02-25 15:00:00, 0.258562, 35.291667 
1979-03-03 16:00:00, 0.876056, 6.041667 
1979-03-04 08:00:00, 1.690150, 0.500000 
1979-04-25 00:00:00, 0.274750, 51.166667 
1979-06-10 15:00:00, 0.278568, 46.625000 
1979-06-11 15:00:00, 3.603908, 0.958333 
1979-06-13 17:00:00, 0.292391, 0.958333 
1979-06-14 16:00:00, 1.506520, 0.958333 
1979-06-15 08:00:00, 0.279042, 0.500000 
1979-09-03 07:00:00, 1.418602, 79.958333 
1979-09-09 20:00:00, 0.263503, 5.875000 
1979-09-11 05:00:00, 2.796495, 1.375000 
1980-01-21 19:00:00, 4.288648, 131.583333 
1980-02-16 14:00:00, 1.827841, 24.208333 
1980-02-19 05:00:00, 0.282940, 2.083333 
1980-02-19 17:00:00, 0.277601, 0.500000 
1980-03-01 16:00:00, 0.286588, 10.958333 
1980-05-26 12:00:00, 0.734342, 85.833333 
1980-05-30 15:00:00, 0.580833, 4.041667 
1980-06-01 17:00:00, 0.274207, 2.000000 
1980-06-02 18:00:00, 0.273209, 1.000000 
1980-06-04 08:00:00, 0.250325, 1.541667 
1980-11-17 00:00:00, 1.597344, 165.666667 
1981-01-24 05:00:00, 0.283577, 67.875000 
1981-02-02 01:00:00, 0.245235, 8.833333 
1981-05-07 06:00:00, 0.295282, 94.166667 
1981-08-16 11:00:00, 2.693557, 101.208333 
1981-11-04 01:00:00, 2.261707, 78.541667 
1981-11-05 06:00:00, 1.051439, 0.875000 
1981-11-13 23:00:00, 19.509369, 8.500000 
1982-03-07 14:00:00, 0.305069, 108.083333 
1982-06-17 11:00:00, 4.713438, 101.875000 
1982-10-03 04:00:00, 0.242793, 106.583333 
1982-10-08 01:00:00, 1.668568, 4.875000 
1982-10-30 02:00:00, 2.107497, 21.166667 
1982-11-12 14:00:00, 0.241264, 12.916667 
1982-11-23 03:00:00, 4.826460, 10.500000 
1982-12-05 20:00:00, 0.236493, 11.541667 
1982-12-11 21:00:00, 1.923817, 6.041667 
1982-12-15 14:00:00, 3.277263, 3.458333 
1983-01-20 16:00:00, 3.833084, 35.458333 
1983-01-22 23:00:00, 0.405065, 1.125000 
1983-02-01 16:00:00, 4.918016, 9.250000 
1983-02-11 01:00:00, 0.293857, 8.250000 
1983-02-16 18:00:00, 0.341726, 5.708333 
1983-02-27 14:00:00, 2.353177, 10.833333 
1983-03-15 16:00:00, 11.926470, 15.000000 
1984-01-10 18:00:00, 0.645360, 298.541667 
1984-01-16 23:00:00, 1.375248, 6.125000 
1984-01-17 22:00:00, 2.239327, 0.791667 
1984-01-18 23:00:00, 0.938851, 0.791667 
1984-01-23 17:00:00, 6.845849, 4.500000 
1984-03-19 13:00:00, 2.178712, 54.208333 
1984-03-28 13:00:00, 0.316902, 8.416667 
1984-10-16 05:00:00, 1.859729, 201.625000 
1984-10-19 12:00:00, 0.288903, 2.750000 
1984-10-20 13:00:00, 1.163806, 1.000000 
1984-11-04 15:00:00, 0.299870, 14.500000 
1984-11-26 06:00:00, 7.771266, 21.583333 
1984-11-28 18:00:00, 1.235284, 0.916667 
1985-01-21 04:00:00, 0.320746, 53.250000 
1985-02-11 17:00:00, 1.231298, 21.541667 
1985-09-26 16:00:00, 0.287168, 226.791667 
1985-10-23 12:00:00, 0.564480, 26.833333 
1985-10-26 17:00:00, 7.484313, 3.125000 
1985-10-30 03:00:00, 5.637228, 1.000000 
1985-10-31 23:00:00, 0.254854, 0.708333 
1985-11-19 19:00:00, 8.797883, 18.500000 
1986-02-23 16:00:00, 2.914828, 94.750000 
1986-04-13 17:00:00, 0.759470, 48.041667 
1986-04-25 15:00:00, 0.325280, 11.833333 
1986-04-27 06:00:00, 0.291090, 1.583333 
1986-05-11 12:00:00, 2.096603, 14.250000 
1986-05-17 09:00:00, 20.256484, 5.625000 
1986-05-30 23:00:00, 0.887934, 8.958333 
1986-06-01 00:00:00, 6.835152, 0.541667 
1986-06-05 13:00:00, 0.305724, 1.958333 
1986-06-06 03:00:00, 0.304973, 0.583333 
1986-10-24 23:00:00, 0.285750, 140.833333 
1986-10-26 20:00:00, 0.292487, 1.875000 
1986-12-31 23:00:00, 3.188408, 65.958333 
1987-01-04 17:00:00, 1.140697, 3.458333 
1987-01-22 17:00:00, 0.378460, 17.875000 
1987-03-07 16:00:00, 2.202810, 43.958333 
1987-03-15 16:00:00, 0.305116, 7.750000 
1987-03-16 04:00:00, 0.316279, 0.500000 
1987-03-16 16:00:00, 0.320914, 0.500000 
1987-03-17 05:00:00, 11.426528, 0.500000 
1987-03-23 23:00:00, 0.286133, 4.166667 
1987-03-25 01:00:00, 0.305588, 1.041667 
1987-03-26 14:00:00, 0.314057, 1.541667 
1987-03-27 12:00:00, 0.307518, 0.916667 
1987-03-28 03:00:00, 0.298450, 0.583333 
1987-10-12 16:00:00, 0.344597, 198.500000 
1987-11-03 10:00:00, 1.348687, 21.750000 
1987-11-04 17:00:00, 0.303660, 1.041667 
1987-11-26 09:00:00, 0.586310, 21.666667 
1988-01-07 18:00:00, 0.291573, 41.916667 
1988-01-09 17:00:00, 0.254575, 1.958333 
1988-01-18 01:00:00, 0.342049, 8.333333 
1988-01-19 23:00:00, 2.161024, 1.875000 
1988-01-21 16:00:00, 0.589255, 1.458333 
1988-02-08 18:00:00, 0.261367, 18.000000 
1988-02-10 17:00:00, 1.492461, 1.958333 
1988-02-11 18:00:00, 1.109502, 0.875000 
1988-02-19 01:00:00, 2.253079, 7.125000 
1988-09-14 06:00:00, 5.662279, 207.541667 
1988-10-11 23:00:00, 0.258781, 26.625000 
1988-10-21 01:00:00, 0.260362, 9.083333 
1988-10-21 15:00:00, 0.248083, 0.541667 
1989-03-13 15:00:00, 0.352743, 143.000000 
1989-07-13 12:00:00, 0.324201, 121.875000 
1990-03-02 18:00:00, 0.285719, 232.250000 
1990-03-25 01:00:00, 0.903970, 22.291667 
1990-05-09 11:00:00, 0.259633, 45.291667 
1990-05-25 11:00:00, 0.258736, 15.875000 
1990-08-13 10:00:00, 0.250000, 79.958333 
1990-08-20 04:00:00, 0.243854, 6.750000 
1990-10-09 20:00:00, 6.591850, 50.666667 
1990-11-09 11:00:00, 0.483887, 29.500000 
1990-11-10 12:00:00, 0.273656, 0.541667 
1991-01-27 23:00:00, 1.493845, 78.458333 
1991-05-22 11:00:00, 0.280619, 114.333333 
1991-06-12 14:00:00, 0.308819, 21.083333 
1991-09-09 00:00:00, 0.629181, 88.375000 
1991-09-10 19:00:00, 0.268917, 1.583333 
1991-10-01 23:00:00, 0.267422, 20.958333 
1991-10-28 20:00:00, 0.282121, 26.833333 
1991-10-30 11:00:00, 0.262899, 1.625000 
1991-10-31 11:00:00, 8.124810, 0.666667 
1991-11-02 10:00:00, 2.679438, 0.833333 
1991-11-03 14:00:00, 0.856841, 0.666667 
1991-11-07 17:00:00, 4.446824, 3.583333 
1991-11-11 06:00:00, 5.278201, 1.541667 
1991-11-14 18:00:00, 0.269798, 2.375000 
1992-02-05 01:00:00, 3.180509, 82.250000 
1992-06-02 11:00:00, 3.238853, 117.708333 
1992-10-02 09:00:00, 15.998268, 120.583333 
1992-10-10 17:00:00, 0.618754, 6.166667 
1992-10-17 07:00:00, 0.687492, 6.083333 
1992-10-20 13:00:00, 0.280862, 3.166667 
1992-10-22 02:00:00, 0.313704, 1.541667 
1992-10-23 12:00:00, 5.400399, 1.375000 
1992-11-19 23:00:00, 9.080755, 25.750000 
1993-01-24 15:00:00, 0.616171, 62.958333 
1993-01-25 17:00:00, 2.194624, 1.000000 
1993-01-31 18:00:00, 1.397412, 5.000000 
1993-02-04 23:00:00, 1.299881, 4.041667 
1993-02-05 22:00:00, 7.699750, 0.791667 
1993-02-21 04:00:00, 0.891905, 13.000000 
1993-02-26 15:00:00, 0.577388, 4.958333 
1993-03-03 19:00:00, 0.915071, 5.083333 
1993-10-30 15:00:00, 0.958391, 240.666667 
1993-11-25 15:00:00, 0.293888, 25.875000 
1993-11-26 14:00:00, 5.944180, 0.958333 
1993-12-11 00:00:00, 0.317927, 12.791667 
1993-12-20 18:00:00, 0.965262, 9.750000 
1994-01-14 04:00:00, 0.403682, 24.291667 
1994-02-20 20:00:00, 0.282702, 37.666667 
1994-03-02 05:00:00, 1.890803, 9.375000 
1994-05-25 11:00:00, 0.290851, 83.666667 
1994-10-19 16:00:00, 0.559621, 147.208333 
1994-11-15 03:00:00, 8.183582, 26.375000 
1994-11-20 18:00:00, 1.201915, 4.166667 
1994-11-25 03:00:00, 2.099132, 3.833333 
1994-12-18 16:00:00, 2.299968, 23.250000 
1994-12-20 03:00:00, 4.935271, 0.916667 
1994-12-23 05:00:00, 0.831558, 1.458333 
1994-12-25 06:00:00, 0.269844, 1.916667 
1994-12-26 20:00:00, 0.872356, 1.541667 
1994-12-27 22:00:00, 0.934118, 0.958333 
1994-12-28 23:00:00, 0.580523, 0.916667 
1994-12-29 20:00:00, 2.328242, 0.791667 
1995-03-15 14:00:00, 0.296250, 75.000000 
1995-04-06 15:00:00, 0.304894, 22.041667 
1995-09-07 03:00:00, 0.319424, 153.458333 
1995-09-07 16:00:00, 0.340535, 0.541667 
1995-09-08 17:00:00, 0.308662, 1.041667 
1995-09-26 17:00:00, 2.587809, 18.000000 
1995-09-29 06:00:00, 1.267309, 1.541667 
1995-09-30 19:00:00, 0.596946, 1.041667 
1995-10-02 09:00:00, 16.659562, 1.458333 
1995-10-20 01:00:00, 2.285632, 14.625000 
1995-10-25 04:00:00, 2.472583, 4.000000 
1995-10-27 05:00:00, 0.767239, 0.958333 
1996-01-01 00:00:00, 3.901145, 65.708333 
1996-01-07 16:00:00, 0.324720, 5.583333 
1996-01-19 01:00:00, 0.323400, 11.333333 
1996-01-24 05:00:00, 0.591732, 5.166667 
1996-01-26 17:00:00, 1.187519, 2.416667 
1996-02-02 23:00:00, 1.644457, 7.083333 
1996-04-13 13:00:00, 0.274350, 70.375000 
1996-10-17 07:00:00, 1.551209, 186.750000 
1996-10-18 10:00:00, 3.724652, 0.541667 
1996-11-15 06:00:00, 20.224626, 27.041667 
1996-11-20 11:00:00, 2.101796, 0.958333 
1996-12-18 11:00:00, 0.291984, 26.916667 
1997-01-15 18:00:00, 1.438399, 28.291667 
1997-02-05 01:00:00, 0.271690, 20.125000 
1997-04-23 16:00:00, 0.262487, 77.625000 
1997-04-27 07:00:00, 0.882433, 3.583333 
1997-04-28 18:00:00, 0.326975, 0.916667 
1998-02-01 19:00:00, 14.580208, 279.000000 
1998-02-07 01:00:00, 0.272534, 3.083333 
1998-02-15 16:00:00, 1.010196, 8.625000 
1998-02-16 17:00:00, 0.614281, 0.916667 
1998-02-17 07:00:00, 0.294981, 0.500000 
1998-03-07 23:00:00, 3.854450, 18.666667 
1998-08-25 18:00:00, 2.698382, 169.666667 
1998-08-26 20:00:00, 1.303422, 0.500000 
1998-09-16 00:00:00, 0.268592, 19.625000 
1998-09-25 14:00:00, 11.873870, 9.541667 
1998-11-05 05:00:00, 0.312892, 40.083333 
1999-03-03 15:00:00, 0.399877, 118.375000 
1999-04-27 11:00:00, 0.252909, 54.791667 
1999-05-05 18:00:00, 0.318426, 8.291667 
1999-09-03 20:00:00, 6.721121, 121.041667 
1999-09-15 04:00:00, 0.905450, 10.125000 
1999-09-17 23:00:00, 19.702928, 2.583333 
1999-10-15 01:00:00, 11.939155, 23.416667 
2000-01-24 06:00:00, 0.233470, 100.333333 
2000-07-21 20:00:00, 0.230960, 179.541667 
2000-07-29 09:00:00, 0.276194, 7.541667 
2000-07-30 10:00:00, 0.278964, 1.000000 
2000-09-14 04:00:00, 0.257110, 45.750000 
2000-10-13 23:00:00, 0.270424, 29.791667 
2000-10-25 16:00:00, 2.919316, 11.708333 
2001-10-12 04:00:00, 0.266151, 350.458333 
2001-10-13 06:00:00, 6.265218, 1.083333 
2001-10-31 11:00:00, 0.276345, 17.125000 
2001-11-01 12:00:00, 39.701552, 1.041667 
2001-11-19 06:00:00, 0.310519, 12.375000 
2001-12-23 22:00:00, 0.631316, 34.666667 
2001-12-25 20:00:00, 1.221632, 1.833333 
2001-12-28 22:00:00, 0.593776, 2.916667 
2002-05-25 14:00:00, 0.286239, 147.500000 
2002-05-26 04:00:00, 0.588724, 0.541667 
2002-05-27 03:00:00, 3.139266, 0.500000 
2002-05-28 12:00:00, 0.264115, 0.791667 
2002-05-29 13:00:00, 0.890055, 1.041667 
2002-05-30 18:00:00, 0.290684, 0.958333 
2002-05-31 20:00:00, 0.262919, 1.083333 
2002-06-10 11:00:00, 0.859373, 9.625000 
2002-06-11 16:00:00, 0.288977, 1.041667 
2002-06-15 17:00:00, 0.280442, 4.041667 
2002-09-02 23:00:00, 4.867600, 79.250000 
2002-09-04 02:00:00, 0.268740, 0.500000 
2002-10-15 14:00:00, 2.406308, 41.291667 
2003-03-27 22:00:00, 0.350403, 162.666667 
2003-04-17 15:00:00, 0.305425, 20.708333 
2003-04-25 11:00:00, 3.395236, 7.791667 
2003-05-15 10:00:00, 0.323637, 18.833333 
2003-05-18 16:00:00, 0.331227, 3.083333 
2003-05-19 13:00:00, 2.003786, 0.833333 
2003-05-21 19:00:00, 0.297498, 2.000000 
2003-05-22 09:00:00, 3.788454, 0.583333 
2003-05-24 10:00:00, 0.288449, 0.958333 
2003-05-26 09:00:00, 1.134218, 1.958333 
2003-09-22 13:00:00, 0.319034, 119.000000 
2003-09-27 19:00:00, 0.433712, 5.250000 
2003-10-05 00:00:00, 0.567949, 7.208333 
2003-10-07 14:00:00, 0.870150, 2.500000 
2004-01-17 22:00:00, 1.005572, 102.000000 
2004-01-18 13:00:00, 0.415796, 0.500000 
2004-01-31 23:00:00, 0.238133, 13.416667 
2004-02-24 06:00:00, 0.252476, 23.250000 
2004-02-25 18:00:00, 0.252056, 1.458333 
2004-02-26 17:00:00, 0.489903, 0.916667 
2004-08-13 14:00:00, 0.284620, 168.791667 
2004-09-05 02:00:00, 0.241958, 22.458333 
2004-09-14 17:00:00, 0.259307, 9.625000 
2004-09-21 23:00:00, 0.243040, 7.208333 
2004-09-24 01:00:00, 0.236617, 2.083333 
2004-09-25 13:00:00, 1.495952, 1.500000 
2004-09-26 16:00:00, 0.243848, 0.541667 
2004-10-27 16:00:00, 0.251291, 31.000000 
2004-10-30 18:00:00, 0.811662, 3.083333 
2004-11-24 15:00:00, 0.252096, 24.416667 
2004-12-25 22:00:00, 0.975707, 31.250000 
2005-01-30 07:00:00, 0.348241, 35.250000 
2005-01-30 19:00:00, 0.324171, 0.500000 
2005-02-06 20:00:00, 3.514637, 7.041667 
2005-02-08 00:00:00, 11.648665, 0.875000 
2005-02-13 18:00:00, 1.332174, 3.500000 
2005-07-09 03:00:00, 12.866409, 144.833333 
2005-08-26 16:00:00, 1.170886, 47.833333 
2005-09-20 13:00:00, 14.096402, 24.708333 
2005-09-22 00:00:00, 0.330812, 0.666667 
2005-10-05 13:00:00, 0.718450, 13.500000 
2005-10-24 02:00:00, 18.078992, 18.291667 
2006-02-02 16:00:00, 0.240149, 101.083333 
2006-04-16 16:00:00, 0.250425, 73.000000 
2006-05-04 21:00:00, 0.230213, 18.166667 
2006-05-06 11:00:00, 1.984631, 1.583333 
2006-05-08 13:00:00, 0.234048, 1.041667 
2006-05-22 22:00:00, 0.244340, 14.375000 
2006-10-11 17:00:00, 0.245480, 141.708333 
2006-10-15 13:00:00, 4.050112, 3.791667 
2006-10-28 07:00:00, 0.264770, 11.750000 
2006-10-31 23:00:00, 0.238164, 3.666667 
2006-11-06 22:00:00, 0.244739, 5.916667 
2006-12-25 20:00:00, 0.224495, 48.916667 
2007-05-05 18:00:00, 0.330956, 130.916667 
2007-05-09 16:00:00, 1.724417, 3.916667 
2007-05-12 10:00:00, 2.949099, 2.541667 
2007-05-13 22:00:00, 6.472507, 0.875000 
2007-05-16 01:00:00, 4.448341, 0.958333 
2007-05-17 04:00:00, 0.356569, 0.500000 
2007-05-23 08:00:00, 0.765453, 5.875000 
2007-05-23 22:00:00, 1.334826, 0.500000 
2007-05-25 11:00:00, 0.359062, 1.000000 
2007-06-02 11:00:00, 1.056415, 8.000000 
2007-10-02 10:00:00, 2.979082, 121.833333 
2007-10-07 13:00:00, 1.078404, 4.500000 
2007-10-31 21:00:00, 0.344389, 24.208333 
2007-11-01 19:00:00, 0.649275, 0.916667 
2007-11-02 23:00:00, 0.327570, 1.041667 
2008-08-18 19:00:00, 0.805629, 289.833333 
2008-08-31 04:00:00, 4.440959, 12.041667 
2008-09-03 00:00:00, 0.417340, 2.250000 
2008-09-04 06:00:00, 0.407007, 1.000000 
2008-09-05 02:00:00, 4.709971, 0.833333 
2008-09-08 23:00:00, 36.472309, 3.208333 
2008-09-14 15:00:00, 0.435627, 3.000000 
2008-09-24 21:00:00, 27.495568, 10.250000 
2008-09-30 05:00:00, 0.398438, 1.500000 
2009-09-14 04:00:00, 16.093141, 348.958333 
2009-09-19 03:00:00, 2.304821, 2.458333 
2009-09-20 04:00:00, 3.549951, 0.500000 
2009-12-02 16:00:00, 0.367339, 72.875000 
2009-12-18 16:00:00, 0.792702, 16.000000 
2009-12-24 09:00:00, 8.355337, 5.625000 
2010-01-24 18:00:00, 1.453928, 30.000000 
2010-02-12 23:00:00, 1.036588, 19.000000 
2010-02-22 22:00:00, 0.269439, 9.750000 
2010-09-06 08:00:00, 0.574838, 195.416667 
2010-09-09 04:00:00, 0.281037, 2.500000 
2010-09-10 05:00:00, 0.301768, 1.000000 
2010-09-14 09:00:00, 0.269869, 4.166667 
2010-09-29 05:00:00, 3.944995, 14.791667 
2010-11-16 12:00:00, 1.207030, 47.625000 
2011-08-23 10:00:00, 19.370596, 279.583333 
2011-10-18 06:00:00, 7.068078, 52.583333 
2011-11-09 01:00:00, 5.720742, 20.708333 
2012-04-22 05:00:00, 0.398463, 164.000000 
2012-06-18 14:00:00, 0.361618, 57.375000 
2012-06-19 11:00:00, 27.094172, 0.833333 
2012-08-26 21:00:00, 5.742634, 61.625000 
2012-10-30 02:00:00, 0.341205, 63.500000 
2012-11-23 00:00:00, 18.989895, 23.750000 
2012-11-27 16:00:00, 0.343009, 0.500000 
2013-01-30 06:00:00, 0.855846, 63.583333 
2013-02-02 20:00:00, 0.225006, 3.083333 
2013-03-11 03:00:00, 7.334565, 36.291667 
2013-06-28 08:00:00, 0.236069, 107.125000 
2013-06-28 20:00:00, 0.257131, 0.500000 
2013-06-29 19:00:00, 0.236427, 0.958333 
2013-07-13 07:00:00, 0.252459, 13.500000 
2013-10-15 01:00:00, 0.237084, 93.750000 
2013-11-16 16:00:00, 0.240093, 32.625000 
2013-11-20 15:00:00, 1.091104, 3.958333 
2013-11-25 19:00:00, 6.778193, 5.000000 
2013-12-03 03:00:00, 0.225151, 5.750000 
2014-01-05 19:00:00, 0.306072, 33.583333 
2014-04-29 12:00:00, 0.261239, 113.666667 
2014-05-02 17:00:00, 0.307572, 3.208333 
2014-05-03 14:00:00, 0.587736, 0.875000 
2014-08-26 04:00:00, 1.808600, 114.458333 
2014-08-28 06:00:00, 0.274834, 1.500000 
2014-08-31 07:00:00, 0.287430, 3.041667 
2014-11-16 23:00:00, 1.415551, 77.666667 
2014-11-23 14:00:00, 4.682918, 6.208333 
2014-12-02 09:00:00, 4.131109, 7.625000 
2014-12-03 14:00:00, 0.271485, 0.500000 
2014-12-05 13:00:00, 1.078592, 1.958333 
2014-12-12 03:00:00, 0.837375, 6.458333 
2014-12-12 20:00:00, 0.255488, 0.500000 
2014-12-15 20:00:00, 0.873392, 3.000000 
2014-12-24 05:00:00, 0.262144, 8.208333 
2015-02-17 01:00:00, 0.303063, 54.791667 
2015-02-18 01:00:00, 0.301986, 0.958333 
2015-09-24 14:00:00, 0.271212, 218.500000 
2015-09-28 04:00:00, 4.691004, 3.125000 
2015-09-30 19:00:00, 0.260663, 1.000000 
2015-10-01 16:00:00, 6.029107, 0.875000 
2015-10-04 19:00:00, 1.167942, 1.375000 
2015-10-05 19:00:00, 1.401607, 0.833333 
2015-10-06 20:00:00, 24.989356, 0.833333 
2015-11-18 08:00:00, 0.278183, 37.708333 
2015-11-30 20:00:00, 0.256950, 12.458333 
2015-12-09 13:00:00, 0.597262, 8.708333 
2015-12-11 02:00:00, 0.287761, 1.458333 
2015-12-13 17:00:00, 0.860707, 2.583333 
2016-01-07 01:00:00, 2.805657, 23.875000 
2016-01-09 14:00:00, 4.579672, 1.458333 
2016-01-15 08:00:00, 3.265191, 4.666667 
2016-01-17 08:00:00, 0.724534, 1.458333 
2016-01-28 16:00:00, 1.558304, 11.250000 
2016-01-31 20:00:00, 0.341709, 3.000000 
2016-02-02 19:00:00, 2.023027, 1.916667 
2016-02-03 20:00:00, 1.820924, 0.833333 
2016-02-24 04:00:00, 0.336557, 20.125000 
2016-04-27 19:00:00, 0.334981, 63.583333 
2016-05-05 00:00:00, 0.684049, 7.208333 
2016-10-13 01:00:00, 0.347456, 160.916667 
2016-10-14 09:00:00, 2.812766, 1.291667 
2016-10-17 17:00:00, 3.659288, 3.041667 
2016-11-01 04:00:00, 0.659977, 13.875000 
2016-11-15 03:00:00, 0.393455, 13.875000 
2017-04-22 13:00:00, 0.352564, 158.416667 
2017-09-09 19:00:00, 32.995724, 140.250000 
2017-10-02 14:00:00, 0.335004, 21.458333 
2017-10-05 04:00:00, 17.911472, 2.583333 
2017-11-18 16:00:00, 0.343159, 41.875000 
2018-03-05 18:00:00, 6.015766, 107.083333 
2018-03-08 19:00:00, 0.289365, 0.958333 
2018-03-09 18:00:00, 1.456505, 0.958333 
2018-03-10 18:00:00, 2.620171, 0.833333 
2018-03-11 21:00:00, 0.880026, 0.875000 
2018-03-19 14:00:00, 0.998647, 7.583333 
2018-03-20 05:00:00, 1.839300, 0.500000 
2018-03-28 14:00:00, 0.268613, 7.833333 
2018-03-29 03:00:00, 1.477095, 0.541667 
2018-04-04 14:00:00, 0.268892, 5.958333 
2018-10-09 16:00:00, 0.616625, 188.083333 
2018-12-01 06:00:00, 6.035406, 52.500000 
2018-12-14 09:00:00, 0.308792, 11.791667 
2018-12-20 12:00:00, 1.908324, 6.125000 
2019-09-23 12:00:00, 8.330879, 276.416667 
2019-10-01 07:00:00, 12.375070, 5.750000 
2019-10-05 23:00:00, 10.974022, 1.541667 
2019-10-12 15:00:00, 28.403246, 4.458333 
2019-10-18 05:00:00, 2.165210, 0.958333 
2019-11-12 03:00:00, 4.186901, 24.250000 
2019-11-14 17:00:00, 3.612020, 0.583333 
2019-11-18 05:00:00, 2.819705, 2.916667 
2019-11-22 00:00:00, 0.336000, 2.916667 
2019-11-24 01:00:00, 0.343080, 2.041667 
2020-02-24 15:00:00, 6.326847, 92.541667 
2020-09-22 08:00:00, 0.324254, 208.583333 
2020-09-22 21:00:00, 29.958009, 0.500000 
2020-09-27 13:00:00, 0.342616, 1.000000 
2020-09-30 03:00:00, 0.322947, 2.583333 
2020-10-19 07:00:00, 1.759859, 19.166667 
2020-10-20 19:00:00, 1.609952, 0.958333 
2020-10-22 01:00:00, 1.457859, 0.666667 
2020-10-24 09:00:00, 0.346835, 2.000000 
2020-11-06 06:00:00, 0.721794, 12.875000 
2020-11-07 08:00:00, 26.727241, 1.000000 
2021-01-31 05:00:00, 0.246445, 80.583333 
2021-02-06 23:00:00, 0.242324, 6.750000 
2021-04-15 17:00:00, 0.262880, 67.750000 
2021-08-14 21:00:00, 0.249750, 121.166667 
2021-08-26 20:00:00, 1.559533, 11.958333 
2021-08-28 05:00:00, 0.545148, 0.916667 
2021-11-10 06:00:00, 19.356988, 73.875000 
2021-11-20 17:00:00, 1.607387, 7.666667 
2021-11-21 17:00:00, 0.490621, 0.541667 
2021-11-24 19:00:00, 0.762206, 2.791667 
2021-11-26 06:00:00, 1.172359, 1.166667 
2021-12-21 04:00:00, 0.261600, 24.750000 
2022-01-15 02:00:00, 0.273317, 24.916667 
2022-01-16 02:00:00, 0.334293, 1.000000 
2022-02-01 02:00:00, 0.667927, 15.958333 
2022-02-02 05:00:00, 0.286009, 1.041667 
2022-02-03 16:00:00, 0.626022, 1.458333 
2022-05-12 11:00:00, 9.962589, 97.708333 
2022-09-26 04:00:00, 3.823147, 132.541667 
2022-09-27 16:00:00, 15.303436, 0.500000 
2022-10-03 10:00:00, 0.674942, 4.750000 
2022-11-10 00:00:00, 9.370094, 37.500000 
2022-11-23 03:00:00, 0.302155, 10.125000 
2022-12-13 19:00:00, 0.275334, 20.666667 
2022-12-14 07:00:00, 4.389380, 0.500000 
