1947-10-31 00:00:00, 1947-11-02 06:00:00, 41.680120, 2 days, 6:00:00, 0.0 
1947-11-04 15:00:00, 1947-11-06 21:00:00, 16.084433, 2 days, 6:00:00, 0.0 
1947-11-08 09:00:00, 1947-11-09 02:00:00, 14.580605, 17:00:00, 0.0 
1947-11-11 23:00:00, 1947-11-12 16:00:00, 14.075791, 17:00:00, 0.0 
1947-11-24 21:00:00, 1947-11-25 02:00:00, 4.407226, 5:00:00, 0.0 
1947-12-16 12:00:00, 1947-12-16 13:00:00, 0.573421, 1:00:00, 0.0 
1947-12-23 20:00:00, 1947-12-23 23:00:00, 1.750728, 3:00:00, 0.0 
1947-12-26 14:00:00, 1947-12-27 03:00:00, 7.913014, 13:00:00, 0.0 
1948-01-02 08:00:00, 1948-01-02 22:00:00, 14.398353, 14:00:00, 0.0 
1948-01-04 06:00:00, 1948-01-04 12:00:00, 3.614013, 6:00:00, 0.0 
1948-01-05 22:00:00, 1948-01-05 23:00:00, 0.566220, 1:00:00, 0.0 
1948-01-09 15:00:00, 1948-01-09 15:00:00, 0.538493, 0:00:00, 0.0 
1948-02-28 16:00:00, 1948-02-29 05:00:00, 3.922532, 13:00:00, 0.0 
1948-03-03 06:00:00, 1948-03-03 06:00:00, 0.546719, 0:00:00, 0.0 
1948-03-04 06:00:00, 1948-03-04 12:00:00, 4.062345, 6:00:00, 0.0 
1948-05-06 00:00:00, 1948-05-06 03:00:00, 1.074373, 3:00:00, 0.0 
1948-05-08 03:00:00, 1948-05-08 03:00:00, 0.551970, 0:00:00, 0.0 
1948-10-06 04:00:00, 1948-10-06 17:00:00, 1.984603, 13:00:00, 0.0 
1948-10-24 15:00:00, 1948-10-26 08:00:00, 18.221416, 1 day, 17:00:00, 0.0 
1948-10-26 21:00:00, 1948-10-27 00:00:00, 0.499694, 3:00:00, 0.0 
1948-11-23 07:00:00, 1948-11-23 07:00:00, 0.543200, 0:00:00, 0.0 
1948-11-29 23:00:00, 1948-11-30 10:00:00, 2.609234, 11:00:00, 0.0 
1948-12-05 14:00:00, 1948-12-05 16:00:00, 1.131626, 2:00:00, 0.0 
1948-12-06 04:00:00, 1948-12-06 08:00:00, 2.378952, 4:00:00, 0.0 
1948-12-06 20:00:00, 1948-12-06 21:00:00, 0.569816, 1:00:00, 0.0 
1948-12-16 13:00:00, 1948-12-17 14:00:00, 5.158931, 1 day, 1:00:00, 0.0 
1948-12-20 01:00:00, 1948-12-21 06:00:00, 20.243808, 1 day, 5:00:00, 0.0 
1948-12-31 11:00:00, 1949-01-01 18:00:00, 20.318290, 1 day, 7:00:00, 0.0 
1949-01-22 05:00:00, 1949-01-22 05:00:00, 0.540497, 0:00:00, 0.0 
1949-01-28 11:00:00, 1949-01-28 17:00:00, 4.525747, 6:00:00, 0.0 
1949-02-07 18:00:00, 1949-02-07 19:00:00, 0.644717, 1:00:00, 0.0 
1949-02-10 22:00:00, 1949-02-11 11:00:00, 2.521288, 13:00:00, 0.0 
1949-02-15 13:00:00, 1949-02-15 16:00:00, 2.065277, 3:00:00, 0.0 
1949-02-26 02:00:00, 1949-02-26 02:00:00, 0.512730, 0:00:00, 0.0 
1949-02-28 13:00:00, 1949-03-01 05:00:00, 9.169280, 16:00:00, 0.0 
1949-03-08 07:00:00, 1949-03-08 11:00:00, 1.087444, 4:00:00, 0.0 
1949-03-11 08:00:00, 1949-03-11 21:00:00, 4.630975, 13:00:00, 0.0 
1949-04-06 11:00:00, 1949-04-06 21:00:00, 10.639838, 10:00:00, 0.0 
1949-04-19 04:00:00, 1949-04-19 10:00:00, 3.530503, 6:00:00, 0.0 
1949-09-29 16:00:00, 1949-09-29 17:00:00, 0.565446, 1:00:00, 0.0 
1949-10-16 21:00:00, 1949-10-16 21:00:00, 0.602730, 0:00:00, 0.0 
1949-10-19 02:00:00, 1949-10-19 02:00:00, 0.527159, 0:00:00, 0.0 
1949-10-19 22:00:00, 1949-10-21 13:00:00, 7.324705, 1 day, 15:00:00, 0.0 
1949-11-02 09:00:00, 1949-11-02 14:00:00, 3.747878, 5:00:00, 0.0 
1949-11-14 07:00:00, 1949-11-14 08:00:00, 0.525735, 1:00:00, 0.0 
1949-11-25 17:00:00, 1949-11-25 17:00:00, 0.583815, 0:00:00, 0.0 
1949-12-04 11:00:00, 1949-12-04 16:00:00, 3.491644, 5:00:00, 0.0 
1950-01-10 18:00:00, 1950-01-10 20:00:00, 1.046058, 2:00:00, 0.0 
1950-01-31 13:00:00, 1950-01-31 15:00:00, 1.272917, 2:00:00, 0.0 
1950-02-14 23:00:00, 1950-02-15 23:00:00, 8.866278, 1 day, 0:00:00, 0.0 
1950-02-16 11:00:00, 1950-02-16 15:00:00, 2.437049, 4:00:00, 0.0 
1950-02-23 04:00:00, 1950-02-23 19:00:00, 4.163306, 15:00:00, 0.0 
1950-03-09 04:00:00, 1950-03-09 06:00:00, 1.432739, 2:00:00, 0.0 
1950-03-23 13:00:00, 1950-03-23 17:00:00, 3.759764, 4:00:00, 0.0 
1950-03-24 05:00:00, 1950-03-24 06:00:00, 0.544950, 1:00:00, 0.0 
1950-04-08 03:00:00, 1950-04-09 07:00:00, 17.585560, 1 day, 4:00:00, 0.0 
1950-09-12 01:00:00, 1950-09-13 15:00:00, 14.805497, 1 day, 14:00:00, 0.0 
1950-09-22 22:00:00, 1950-09-23 00:00:00, 1.153603, 2:00:00, 0.0 
1950-10-23 09:00:00, 1950-10-23 23:00:00, 3.768019, 14:00:00, 0.0 
1950-10-25 02:00:00, 1950-10-25 02:00:00, 0.526717, 0:00:00, 0.0 
1950-11-04 07:00:00, 1950-11-05 13:00:00, 11.333722, 1 day, 6:00:00, 0.0 
1950-11-25 02:00:00, 1950-11-27 06:00:00, 53.453516, 2 days, 4:00:00, 0.0 
1950-11-28 06:00:00, 1950-11-28 19:00:00, 3.351301, 13:00:00, 0.0 
1950-12-04 20:00:00, 1950-12-05 00:00:00, 2.822657, 4:00:00, 0.0 
1950-12-08 01:00:00, 1950-12-08 23:00:00, 7.423097, 22:00:00, 0.0 
1950-12-11 03:00:00, 1950-12-11 18:00:00, 7.565676, 15:00:00, 0.0 
1950-12-16 06:00:00, 1950-12-17 10:00:00, 8.155930, 1 day, 4:00:00, 0.0 
1951-01-08 00:00:00, 1951-01-08 03:00:00, 1.117407, 3:00:00, 0.0 
1951-01-24 14:00:00, 1951-01-24 16:00:00, 1.264945, 2:00:00, 0.0 
1951-02-01 06:00:00, 1951-02-01 06:00:00, 0.506137, 0:00:00, 0.0 
1951-02-08 00:00:00, 1951-02-08 05:00:00, 4.676874, 5:00:00, 0.0 
1951-02-22 00:00:00, 1951-02-22 00:00:00, 0.516693, 0:00:00, 0.0 
1951-03-03 09:00:00, 1951-03-03 13:00:00, 2.430140, 4:00:00, 0.0 
1951-03-04 08:00:00, 1951-03-05 00:00:00, 5.517201, 16:00:00, 0.0 
1951-03-12 01:00:00, 1951-03-15 10:00:00, 46.236707, 3 days, 9:00:00, 0.0 
1951-03-20 12:00:00, 1951-03-20 14:00:00, 1.267809, 2:00:00, 0.0 
1951-03-31 07:00:00, 1951-03-31 07:00:00, 0.574570, 0:00:00, 0.0 
1951-04-03 12:00:00, 1951-04-03 15:00:00, 2.125191, 3:00:00, 0.0 
1951-04-13 05:00:00, 1951-04-13 10:00:00, 3.623826, 5:00:00, 0.0 
1951-05-24 14:00:00, 1951-05-24 15:00:00, 0.540480, 1:00:00, 0.0 
1951-06-11 05:00:00, 1951-06-11 17:00:00, 1.080472, 12:00:00, 0.0 
1951-10-07 21:00:00, 1951-10-08 09:00:00, 5.034803, 12:00:00, 0.0 
1951-10-11 08:00:00, 1951-10-11 23:00:00, 4.177734, 15:00:00, 0.0 
1951-11-01 15:00:00, 1951-11-01 18:00:00, 2.578988, 3:00:00, 0.0 
1951-11-03 02:00:00, 1951-11-03 20:00:00, 12.385048, 18:00:00, 0.0 
1951-11-07 11:00:00, 1951-11-07 19:00:00, 2.657707, 8:00:00, 0.0 
1951-11-26 11:00:00, 1951-11-26 14:00:00, 2.296791, 3:00:00, 0.0 
1951-12-18 19:00:00, 1951-12-18 19:00:00, 0.515873, 0:00:00, 0.0 
1951-12-21 06:00:00, 1951-12-21 10:00:00, 2.764775, 4:00:00, 0.0 
1952-01-05 12:00:00, 1952-01-05 12:00:00, 0.546871, 0:00:00, 0.0 
1952-01-07 08:00:00, 1952-01-09 01:00:00, 31.071359, 1 day, 17:00:00, 0.0 
1952-02-04 07:00:00, 1952-02-04 22:00:00, 4.504308, 15:00:00, 0.0 
1952-02-11 14:00:00, 1952-02-11 16:00:00, 1.367205, 2:00:00, 0.0 
1952-02-17 16:00:00, 1952-02-18 07:00:00, 9.076720, 15:00:00, 0.0 
1952-02-28 01:00:00, 1952-02-28 07:00:00, 3.012370, 6:00:00, 0.0 
1952-03-05 04:00:00, 1952-03-05 10:00:00, 6.710619, 6:00:00, 0.0 
1952-03-07 09:00:00, 1952-03-07 14:00:00, 0.508834, 5:00:00, 0.0 
1952-03-11 23:00:00, 1952-03-12 01:00:00, 1.372352, 2:00:00, 0.0 
1952-04-05 21:00:00, 1952-04-05 21:00:00, 0.501642, 0:00:00, 0.0 
1952-05-11 15:00:00, 1952-05-11 15:00:00, 0.577496, 0:00:00, 0.0 
1952-05-12 06:00:00, 1952-05-12 15:00:00, 2.012984, 9:00:00, 0.0 
1952-11-19 14:00:00, 1952-11-19 18:00:00, 1.243482, 4:00:00, 0.0 
1952-11-21 04:00:00, 1952-11-21 04:00:00, 0.591153, 0:00:00, 0.0 
1952-11-22 03:00:00, 1952-11-23 06:00:00, 13.999660, 1 day, 3:00:00, 0.0 
1952-12-02 13:00:00, 1952-12-02 14:00:00, 0.625575, 1:00:00, 0.0 
1952-12-06 02:00:00, 1952-12-06 07:00:00, 4.169367, 5:00:00, 0.0 
1952-12-11 10:00:00, 1952-12-12 07:00:00, 5.957712, 21:00:00, 0.0 
1952-12-22 05:00:00, 1952-12-23 20:00:00, 23.889030, 1 day, 15:00:00, 0.0 
1953-01-01 01:00:00, 1953-01-01 17:00:00, 4.864927, 16:00:00, 0.0 
1953-01-03 12:00:00, 1953-01-03 18:00:00, 5.152012, 6:00:00, 0.0 
1953-01-09 07:00:00, 1953-01-09 21:00:00, 3.540436, 14:00:00, 0.0 
1953-01-10 21:00:00, 1953-01-11 21:00:00, 5.703421, 1 day, 0:00:00, 0.0 
1953-01-21 19:00:00, 1953-01-23 07:00:00, 7.295603, 1 day, 12:00:00, 0.0 
1953-01-24 21:00:00, 1953-01-25 10:00:00, 4.297708, 13:00:00, 0.0 
1953-01-28 10:00:00, 1953-01-28 15:00:00, 2.990050, 5:00:00, 0.0 
1953-02-04 17:00:00, 1953-02-05 05:00:00, 1.060928, 12:00:00, 0.0 
1953-03-04 13:00:00, 1953-03-04 15:00:00, 1.167588, 2:00:00, 0.0 
1953-03-24 21:00:00, 1953-03-25 00:00:00, 1.700693, 3:00:00, 0.0 
1953-03-26 00:00:00, 1953-03-26 00:00:00, 0.551968, 0:00:00, 0.0 
1953-03-27 00:00:00, 1953-03-27 13:00:00, 2.199323, 13:00:00, 0.0 
1953-03-30 04:00:00, 1953-03-31 02:00:00, 2.746195, 22:00:00, 0.0 
1953-04-07 22:00:00, 1953-04-08 12:00:00, 6.062958, 14:00:00, 0.0 
1953-04-13 22:00:00, 1953-04-14 05:00:00, 4.607208, 7:00:00, 0.0 
1953-05-01 12:00:00, 1953-05-01 15:00:00, 2.169932, 3:00:00, 0.0 
1953-05-02 14:00:00, 1953-05-02 16:00:00, 1.330240, 2:00:00, 0.0 
1953-08-15 04:00:00, 1953-08-15 06:00:00, 1.283680, 2:00:00, 0.0 
1953-10-06 14:00:00, 1953-10-07 04:00:00, 4.447631, 14:00:00, 0.0 
1953-10-22 10:00:00, 1953-10-24 02:00:00, 13.006913, 1 day, 16:00:00, 0.0 
1953-10-25 15:00:00, 1953-10-25 19:00:00, 1.132809, 4:00:00, 0.0 
1953-11-06 22:00:00, 1953-11-07 17:00:00, 38.817877, 19:00:00, 0.0 
1953-11-25 18:00:00, 1953-11-25 21:00:00, 2.513382, 3:00:00, 0.0 
1953-12-02 22:00:00, 1953-12-03 11:00:00, 2.363807, 13:00:00, 0.0 
1953-12-14 12:00:00, 1953-12-14 22:00:00, 7.486720, 10:00:00, 0.0 
1954-01-06 12:00:00, 1954-01-06 15:00:00, 1.913641, 3:00:00, 0.0 
1954-01-11 17:00:00, 1954-01-12 18:00:00, 10.651099, 1 day, 1:00:00, 0.0 
1954-01-23 16:00:00, 1954-01-23 16:00:00, 0.525420, 0:00:00, 0.0 
1954-03-01 23:00:00, 1954-03-02 02:00:00, 2.271275, 3:00:00, 0.0 
1954-03-04 00:00:00, 1954-03-04 01:00:00, 1.184400, 1:00:00, 0.0 
1954-03-14 08:00:00, 1954-03-14 08:00:00, 0.503440, 0:00:00, 0.0 
1954-03-20 12:00:00, 1954-03-20 15:00:00, 1.878132, 3:00:00, 0.0 
1954-04-18 03:00:00, 1954-04-18 04:00:00, 0.967908, 1:00:00, 0.0 
1954-04-28 10:00:00, 1954-04-28 12:00:00, 0.496808, 2:00:00, 0.0 
1954-05-04 13:00:00, 1954-05-04 13:00:00, 0.578340, 0:00:00, 0.0 
1954-05-21 14:00:00, 1954-05-21 16:00:00, 1.143135, 2:00:00, 0.0 
1954-08-31 12:00:00, 1954-08-31 19:00:00, 20.756330, 7:00:00, 0.0 
1954-09-11 12:00:00, 1954-09-11 19:00:00, 12.327029, 7:00:00, 0.0 
1954-10-16 02:00:00, 1954-10-16 07:00:00, 4.243544, 5:00:00, 0.0 
1954-10-21 08:00:00, 1954-10-21 10:00:00, 0.583480, 2:00:00, 0.0 
1954-10-29 15:00:00, 1954-10-29 19:00:00, 3.259603, 4:00:00, 0.0 
1954-10-30 15:00:00, 1954-10-30 19:00:00, 2.401839, 4:00:00, 0.0 
1954-11-03 03:00:00, 1954-11-03 10:00:00, 6.901348, 7:00:00, 0.0 
1954-11-21 13:00:00, 1954-11-21 13:00:00, 0.559937, 0:00:00, 0.0 
1954-11-24 23:00:00, 1954-11-25 03:00:00, 2.786171, 4:00:00, 0.0 
1954-11-29 10:00:00, 1954-11-29 13:00:00, 2.386168, 3:00:00, 0.0 
1954-12-14 20:00:00, 1954-12-15 07:00:00, 6.652763, 11:00:00, 0.0 
1954-12-18 19:00:00, 1954-12-18 23:00:00, 1.974060, 4:00:00, 0.0 
1954-12-30 14:00:00, 1954-12-30 15:00:00, 0.539110, 1:00:00, 0.0 
1955-01-06 09:00:00, 1955-01-06 23:00:00, 4.579349, 14:00:00, 0.0 
1955-01-15 17:00:00, 1955-01-15 21:00:00, 2.765353, 4:00:00, 0.0 
1955-02-12 03:00:00, 1955-02-12 05:00:00, 1.376537, 2:00:00, 0.0 
1955-03-22 10:00:00, 1955-03-23 03:00:00, 11.417133, 17:00:00, 0.0 
1955-03-26 16:00:00, 1955-03-26 16:00:00, 0.575899, 0:00:00, 0.0 
1955-04-03 21:00:00, 1955-04-05 04:00:00, 9.706596, 1 day, 7:00:00, 0.0 
1955-04-25 07:00:00, 1955-04-26 05:00:00, 4.536651, 22:00:00, 0.0 
1955-06-09 01:00:00, 1955-06-09 17:00:00, 6.979375, 16:00:00, 0.0 
1955-10-14 00:00:00, 1955-10-17 05:00:00, 66.368490, 3 days, 5:00:00, 0.0 
1955-10-30 23:00:00, 1955-10-31 03:00:00, 2.504959, 4:00:00, 0.0 
1955-11-02 15:00:00, 1955-11-02 15:00:00, 0.656739, 0:00:00, 0.0 
1955-11-04 16:00:00, 1955-11-06 05:00:00, 11.802781, 1 day, 13:00:00, 0.0 
1955-11-11 09:00:00, 1955-11-11 12:00:00, 2.287409, 3:00:00, 0.0 
1955-11-16 15:00:00, 1955-11-16 18:00:00, 1.130681, 3:00:00, 0.0 
1955-11-20 04:00:00, 1955-11-20 09:00:00, 3.217336, 5:00:00, 0.0 
1955-11-21 03:00:00, 1955-11-21 10:00:00, 6.225967, 7:00:00, 0.0 
1956-01-08 14:00:00, 1956-01-13 16:00:00, 72.369208, 5 days, 2:00:00, 0.0 
1956-01-15 15:00:00, 1956-01-15 15:00:00, 0.575333, 0:00:00, 0.0 
1956-01-17 14:00:00, 1956-01-17 17:00:00, 1.952338, 3:00:00, 0.0 
1956-02-07 07:00:00, 1956-02-07 11:00:00, 3.080344, 4:00:00, 0.0 
1956-02-12 00:00:00, 1956-02-12 12:00:00, 4.785987, 12:00:00, 0.0 
1956-02-18 16:00:00, 1956-02-18 20:00:00, 3.448269, 4:00:00, 0.0 
1956-02-28 14:00:00, 1956-02-28 14:00:00, 0.621539, 0:00:00, 0.0 
1956-03-07 11:00:00, 1956-03-07 11:00:00, 0.539040, 0:00:00, 0.0 
1956-03-08 09:00:00, 1956-03-08 22:00:00, 4.477976, 13:00:00, 0.0 
1956-03-17 00:00:00, 1956-03-17 06:00:00, 12.114933, 6:00:00, 0.0 
1956-03-18 03:00:00, 1956-03-18 07:00:00, 3.161177, 4:00:00, 0.0 
1956-03-19 05:00:00, 1956-03-19 22:00:00, 9.639678, 17:00:00, 0.0 
1956-03-30 05:00:00, 1956-03-30 07:00:00, 1.137810, 2:00:00, 0.0 
1956-04-07 21:00:00, 1956-04-08 15:00:00, 16.235442, 18:00:00, 0.0 
1956-09-27 19:00:00, 1956-09-28 09:00:00, 2.923369, 14:00:00, 0.0 
1956-10-19 13:00:00, 1956-10-19 13:00:00, 0.649144, 0:00:00, 0.0 
1956-10-23 14:00:00, 1956-10-23 14:00:00, 0.581995, 0:00:00, 0.0 
1956-10-25 17:00:00, 1956-10-25 18:00:00, 0.622691, 1:00:00, 0.0 
1956-11-22 05:00:00, 1956-11-22 05:00:00, 0.599073, 0:00:00, 0.0 
1956-11-26 06:00:00, 1956-11-26 12:00:00, 5.696288, 6:00:00, 0.0 
1956-12-15 10:00:00, 1956-12-15 10:00:00, 0.725026, 0:00:00, 0.0 
1956-12-23 04:00:00, 1956-12-23 07:00:00, 2.107876, 3:00:00, 0.0 
1956-12-29 09:00:00, 1956-12-30 01:00:00, 7.995984, 16:00:00, 0.0 
1957-01-07 06:00:00, 1957-01-07 06:00:00, 0.534880, 0:00:00, 0.0 
1957-01-10 19:00:00, 1957-01-10 20:00:00, 0.657311, 1:00:00, 0.0 
1957-01-16 12:00:00, 1957-01-16 16:00:00, 2.718828, 4:00:00, 0.0 
1957-02-13 10:00:00, 1957-02-13 11:00:00, 0.598233, 1:00:00, 0.0 
1957-02-14 23:00:00, 1957-02-15 01:00:00, 1.173880, 2:00:00, 0.0 
1957-02-15 13:00:00, 1957-02-16 00:00:00, 0.547938, 11:00:00, 0.0 
1957-02-16 15:00:00, 1957-02-16 15:00:00, 0.603033, 0:00:00, 0.0 
1957-03-01 00:00:00, 1957-03-02 00:00:00, 7.851201, 1 day, 0:00:00, 0.0 
1957-03-09 04:00:00, 1957-03-09 21:00:00, 10.475816, 17:00:00, 0.0 
1957-03-20 02:00:00, 1957-03-20 07:00:00, 3.440204, 5:00:00, 0.0 
1957-03-21 04:00:00, 1957-03-21 17:00:00, 3.608046, 13:00:00, 0.0 
1957-04-06 05:00:00, 1957-04-06 06:00:00, 0.683226, 1:00:00, 0.0 
1957-04-09 06:00:00, 1957-04-09 12:00:00, 5.925445, 6:00:00, 0.0 
1957-06-29 12:00:00, 1957-06-29 12:00:00, 0.560227, 0:00:00, 0.0 
1957-10-06 22:00:00, 1957-10-07 03:00:00, 3.122493, 5:00:00, 0.0 
1957-10-08 12:00:00, 1957-10-08 12:00:00, 0.583722, 0:00:00, 0.0 
1957-11-01 20:00:00, 1957-11-01 20:00:00, 0.538335, 0:00:00, 0.0 
1957-11-09 03:00:00, 1957-11-09 04:00:00, 0.521604, 1:00:00, 0.0 
1957-11-19 10:00:00, 1957-11-19 23:00:00, 2.638016, 13:00:00, 0.0 
1957-11-30 19:00:00, 1957-11-30 23:00:00, 2.721717, 4:00:00, 0.0 
1957-12-04 22:00:00, 1957-12-06 13:00:00, 26.227260, 1 day, 15:00:00, 0.0 
1957-12-09 15:00:00, 1957-12-09 15:00:00, 0.613674, 0:00:00, 0.0 
1957-12-10 03:00:00, 1957-12-10 03:00:00, 0.545467, 0:00:00, 0.0 
1957-12-10 16:00:00, 1957-12-11 04:00:00, 1.806743, 12:00:00, 0.0 
1957-12-12 03:00:00, 1957-12-12 08:00:00, 3.652932, 5:00:00, 0.0 
1957-12-26 17:00:00, 1957-12-27 04:00:00, 4.340033, 11:00:00, 0.0 
1957-12-29 10:00:00, 1957-12-29 10:00:00, 0.515016, 0:00:00, 0.0 
1958-01-01 11:00:00, 1958-01-01 11:00:00, 0.596385, 0:00:00, 0.0 
1958-01-08 02:00:00, 1958-01-08 05:00:00, 2.338266, 3:00:00, 0.0 
1958-01-15 06:00:00, 1958-01-17 15:00:00, 26.072407, 2 days, 9:00:00, 0.0 
1958-01-22 13:00:00, 1958-01-22 16:00:00, 2.022230, 3:00:00, 0.0 
1958-01-25 14:00:00, 1958-01-28 20:00:00, 32.570840, 3 days, 6:00:00, 0.0 
1958-02-01 22:00:00, 1958-02-03 00:00:00, 11.747295, 1 day, 2:00:00, 0.0 
1958-02-08 02:00:00, 1958-02-08 07:00:00, 4.464344, 5:00:00, 0.0 
1958-02-16 09:00:00, 1958-02-16 23:00:00, 24.252335, 14:00:00, 0.0 
1958-03-14 18:00:00, 1958-03-15 11:00:00, 13.714800, 17:00:00, 0.0 
1958-03-20 12:00:00, 1958-03-22 15:00:00, 51.844076, 2 days, 3:00:00, 0.0 
1958-03-27 05:00:00, 1958-03-29 11:00:00, 30.000809, 2 days, 6:00:00, 0.0 
1958-04-01 23:00:00, 1958-04-05 04:00:00, 33.733557, 3 days, 5:00:00, 0.0 
1958-04-07 01:00:00, 1958-04-08 05:00:00, 10.301501, 1 day, 4:00:00, 0.0 
1958-04-11 19:00:00, 1958-04-12 07:00:00, 5.164353, 12:00:00, 0.0 
1958-10-25 09:00:00, 1958-10-27 00:00:00, 25.588139, 1 day, 15:00:00, 0.0 
1958-11-03 04:00:00, 1958-11-03 10:00:00, 5.276359, 6:00:00, 0.0 
1958-11-10 13:00:00, 1958-11-10 13:00:00, 0.672574, 0:00:00, 0.0 
1958-11-29 02:00:00, 1958-11-29 05:00:00, 3.448671, 3:00:00, 0.0 
1958-12-04 08:00:00, 1958-12-04 20:00:00, 4.878927, 12:00:00, 0.0 
1958-12-05 21:00:00, 1958-12-06 00:00:00, 2.186133, 3:00:00, 0.0 
1958-12-12 14:00:00, 1958-12-12 15:00:00, 0.671440, 1:00:00, 0.0 
1959-01-01 04:00:00, 1959-01-02 18:00:00, 13.705504, 1 day, 14:00:00, 0.0 
1959-02-15 05:00:00, 1959-02-15 09:00:00, 2.942448, 4:00:00, 0.0 
1959-02-16 07:00:00, 1959-02-16 07:00:00, 0.563277, 0:00:00, 0.0 
1959-02-18 23:00:00, 1959-02-19 11:00:00, 1.709493, 12:00:00, 0.0 
1959-03-04 07:00:00, 1959-03-04 12:00:00, 3.813518, 5:00:00, 0.0 
1959-03-06 14:00:00, 1959-03-07 00:00:00, 3.140234, 10:00:00, 0.0 
1959-03-12 13:00:00, 1959-03-13 04:00:00, 18.661767, 15:00:00, 0.0 
1959-10-24 10:00:00, 1959-10-25 06:00:00, 6.966109, 20:00:00, 0.0 
1959-10-25 19:00:00, 1959-10-25 19:00:00, 0.543360, 0:00:00, 0.0 
1959-12-07 06:00:00, 1959-12-07 18:00:00, 7.197415, 12:00:00, 0.0 
1959-12-22 07:00:00, 1959-12-22 09:00:00, 0.521420, 2:00:00, 0.0 
1959-12-28 12:00:00, 1959-12-30 16:00:00, 21.281399, 2 days, 4:00:00, 0.0 
1960-01-03 16:00:00, 1960-01-03 16:00:00, 0.672584, 0:00:00, 0.0 
1960-01-14 13:00:00, 1960-01-14 14:00:00, 0.651714, 1:00:00, 0.0 
1960-01-15 14:00:00, 1960-01-16 05:00:00, 3.715240, 15:00:00, 0.0 
1960-01-19 04:00:00, 1960-01-19 07:00:00, 2.563601, 3:00:00, 0.0 
1960-02-06 07:00:00, 1960-02-06 20:00:00, 10.818472, 13:00:00, 0.0 
1960-02-11 15:00:00, 1960-02-11 15:00:00, 0.650431, 0:00:00, 0.0 
1960-02-14 11:00:00, 1960-02-14 18:00:00, 10.447970, 7:00:00, 0.0 
1960-02-19 04:00:00, 1960-02-19 18:00:00, 14.276015, 14:00:00, 0.0 
1960-02-26 09:00:00, 1960-02-26 15:00:00, 7.606287, 6:00:00, 0.0 
1960-03-03 18:00:00, 1960-03-05 22:00:00, 38.178959, 2 days, 4:00:00, 0.0 
1960-03-17 16:00:00, 1960-03-17 17:00:00, 0.608578, 1:00:00, 0.0 
1960-07-30 17:00:00, 1960-07-30 22:00:00, 3.501616, 5:00:00, 0.0 
1960-09-12 17:00:00, 1960-09-13 00:00:00, 13.935147, 7:00:00, 0.0 
1960-10-29 00:00:00, 1960-10-30 14:00:00, 11.979545, 1 day, 14:00:00, 0.0 
1960-11-01 00:00:00, 1960-11-02 02:00:00, 6.062248, 1 day, 2:00:00, 0.0 
1960-12-12 06:00:00, 1960-12-13 07:00:00, 15.979109, 1 day, 1:00:00, 0.0 
1960-12-21 15:00:00, 1960-12-21 19:00:00, 2.019701, 4:00:00, 0.0 
1961-01-15 11:00:00, 1961-01-16 16:00:00, 22.735137, 1 day, 5:00:00, 0.0 
1961-01-20 02:00:00, 1961-01-20 20:00:00, 23.174432, 18:00:00, 0.0 
1961-02-04 11:00:00, 1961-02-05 03:00:00, 18.969434, 16:00:00, 0.0 
1961-02-05 15:00:00, 1961-02-05 17:00:00, 1.269491, 2:00:00, 0.0 
1961-02-26 09:00:00, 1961-02-26 09:00:00, 0.713317, 0:00:00, 0.0 
1961-03-07 03:00:00, 1961-03-07 06:00:00, 2.256783, 3:00:00, 0.0 
1961-03-09 02:00:00, 1961-03-10 06:00:00, 21.538579, 1 day, 4:00:00, 0.0 
1961-03-14 13:00:00, 1961-03-15 13:00:00, 3.671067, 1 day, 0:00:00, 0.0 
1961-03-24 06:00:00, 1961-03-24 06:00:00, 0.541744, 0:00:00, 0.0 
1961-04-01 12:00:00, 1961-04-01 17:00:00, 4.428266, 5:00:00, 0.0 
1961-04-10 19:00:00, 1961-04-11 00:00:00, 4.817848, 5:00:00, 0.0 
1961-04-13 10:00:00, 1961-04-14 00:00:00, 13.414227, 14:00:00, 0.0 
1961-04-16 14:00:00, 1961-04-17 04:00:00, 5.551459, 14:00:00, 0.0 
1961-09-21 07:00:00, 1961-09-21 21:00:00, 23.731136, 14:00:00, 0.0 
1961-10-15 05:00:00, 1961-10-15 08:00:00, 2.239692, 3:00:00, 0.0 
1961-10-20 21:00:00, 1961-10-25 14:00:00, 42.916698, 4 days, 17:00:00, 0.0 
1961-11-24 14:00:00, 1961-11-24 18:00:00, 2.028436, 4:00:00, 0.0 
1961-11-26 15:00:00, 1961-11-27 04:00:00, 4.002944, 13:00:00, 0.0 
1961-11-27 19:00:00, 1961-11-27 20:00:00, 0.594247, 1:00:00, 0.0 
1961-12-18 22:00:00, 1961-12-19 01:00:00, 2.026864, 3:00:00, 0.0 
1961-12-19 23:00:00, 1961-12-20 13:00:00, 4.966541, 14:00:00, 0.0 
1961-12-24 12:00:00, 1961-12-25 05:00:00, 9.251097, 17:00:00, 0.0 
1962-01-30 11:00:00, 1962-01-30 11:00:00, 0.562117, 0:00:00, 0.0 
1962-02-14 21:00:00, 1962-02-15 15:00:00, 16.576940, 18:00:00, 0.0 
1962-02-24 15:00:00, 1962-02-24 16:00:00, 0.523154, 1:00:00, 0.0 
1962-03-05 23:00:00, 1962-03-09 01:00:00, 72.307885, 3 days, 2:00:00, 0.0 
1962-03-22 01:00:00, 1962-03-23 05:00:00, 11.497688, 1 day, 4:00:00, 0.0 
1962-04-13 07:00:00, 1962-04-13 12:00:00, 3.618117, 5:00:00, 0.0 
1962-09-27 23:00:00, 1962-09-27 23:00:00, 0.621231, 0:00:00, 0.0 
1962-10-05 20:00:00, 1962-10-05 22:00:00, 1.180814, 2:00:00, 0.0 
1962-10-09 22:00:00, 1962-10-10 09:00:00, 2.362610, 11:00:00, 0.0 
1962-11-03 16:00:00, 1962-11-04 07:00:00, 12.661074, 15:00:00, 0.0 
1962-11-10 09:00:00, 1962-11-10 16:00:00, 4.778661, 7:00:00, 0.0 
1962-11-16 02:00:00, 1962-11-16 20:00:00, 15.733036, 18:00:00, 0.0 
1962-11-18 23:00:00, 1962-11-18 23:00:00, 0.602503, 0:00:00, 0.0 
1962-11-22 10:00:00, 1962-11-22 14:00:00, 2.470765, 4:00:00, 0.0 
1962-12-05 06:00:00, 1962-12-07 13:00:00, 40.742712, 2 days, 7:00:00, 0.0 
1962-12-10 00:00:00, 1962-12-10 01:00:00, 0.551543, 1:00:00, 0.0 
1962-12-22 12:00:00, 1962-12-22 16:00:00, 3.827806, 4:00:00, 0.0 
1963-01-01 16:00:00, 1963-01-01 18:00:00, 1.181379, 2:00:00, 0.0 
1963-01-02 06:00:00, 1963-01-02 21:00:00, 5.855754, 15:00:00, 0.0 
1963-01-08 11:00:00, 1963-01-08 11:00:00, 0.586832, 0:00:00, 0.0 
1963-01-08 23:00:00, 1963-01-09 15:00:00, 5.938804, 16:00:00, 0.0 
1963-01-13 14:00:00, 1963-01-13 17:00:00, 1.864897, 3:00:00, 0.0 
1963-01-27 12:00:00, 1963-01-27 16:00:00, 3.706783, 4:00:00, 0.0 
1963-02-13 04:00:00, 1963-02-13 05:00:00, 0.548394, 1:00:00, 0.0 
1963-02-13 17:00:00, 1963-02-13 17:00:00, 0.561487, 0:00:00, 0.0 
1963-02-20 02:00:00, 1963-02-20 09:00:00, 3.682455, 7:00:00, 0.0 
1963-03-02 06:00:00, 1963-03-02 09:00:00, 2.079007, 3:00:00, 0.0 
1963-03-06 13:00:00, 1963-03-06 23:00:00, 3.743566, 10:00:00, 0.0 
1963-03-12 14:00:00, 1963-03-12 15:00:00, 0.571806, 1:00:00, 0.0 
1963-03-18 05:00:00, 1963-03-18 06:00:00, 0.599287, 1:00:00, 0.0 
1963-03-20 11:00:00, 1963-03-22 01:00:00, 16.331728, 1 day, 14:00:00, 0.0 
1963-04-09 13:00:00, 1963-04-09 16:00:00, 1.657745, 3:00:00, 0.0 
1963-04-23 23:00:00, 1963-04-24 02:00:00, 2.013348, 3:00:00, 0.0 
1963-05-11 02:00:00, 1963-05-11 04:00:00, 1.502692, 2:00:00, 0.0 
1963-09-06 03:00:00, 1963-09-06 15:00:00, 1.336176, 12:00:00, 0.0 
1963-09-29 21:00:00, 1963-09-29 22:00:00, 0.580613, 1:00:00, 0.0 
1963-10-30 00:00:00, 1963-10-30 02:00:00, 1.159518, 2:00:00, 0.0 
1963-11-02 14:00:00, 1963-11-02 15:00:00, 0.701993, 1:00:00, 0.0 
1963-11-07 07:00:00, 1963-11-09 12:00:00, 30.324943, 2 days, 5:00:00, 0.0 
1963-11-10 07:00:00, 1963-11-13 00:00:00, 20.116413, 2 days, 17:00:00, 0.0 
1963-11-29 09:00:00, 1963-11-29 10:00:00, 0.626219, 1:00:00, 0.0 
1963-11-29 23:00:00, 1963-11-30 14:00:00, 9.732624, 15:00:00, 0.0 
1963-12-09 07:00:00, 1963-12-09 12:00:00, 4.216920, 5:00:00, 0.0 
1963-12-13 00:00:00, 1963-12-13 01:00:00, 0.525166, 1:00:00, 0.0 
1963-12-24 05:00:00, 1963-12-24 11:00:00, 4.643515, 6:00:00, 0.0 
1963-12-28 00:00:00, 1963-12-28 00:00:00, 0.583840, 0:00:00, 0.0 
1964-01-02 02:00:00, 1964-01-02 04:00:00, 1.802972, 2:00:00, 0.0 
1964-01-09 21:00:00, 1964-01-10 09:00:00, 6.563114, 12:00:00, 0.0 
1964-01-13 12:00:00, 1964-01-14 13:00:00, 24.937009, 1 day, 1:00:00, 0.0 
1964-01-21 02:00:00, 1964-01-21 10:00:00, 8.534416, 8:00:00, 0.0 
1964-01-25 21:00:00, 1964-01-25 22:00:00, 0.623070, 1:00:00, 0.0 
1964-02-06 21:00:00, 1964-02-07 08:00:00, 8.562550, 11:00:00, 0.0 
1964-02-16 13:00:00, 1964-02-16 18:00:00, 6.491809, 5:00:00, 0.0 
1964-02-19 05:00:00, 1964-02-20 05:00:00, 21.334926, 1 day, 0:00:00, 0.0 
1964-02-29 01:00:00, 1964-03-01 06:00:00, 7.479564, 1 day, 5:00:00, 0.0 
1964-03-10 21:00:00, 1964-03-11 02:00:00, 4.574907, 5:00:00, 0.0 
1964-03-22 06:00:00, 1964-03-22 13:00:00, 4.476552, 7:00:00, 0.0 
1964-03-26 23:00:00, 1964-03-27 01:00:00, 1.617197, 2:00:00, 0.0 
1964-09-14 17:00:00, 1964-09-14 19:00:00, 1.232909, 2:00:00, 0.0 
1964-09-24 03:00:00, 1964-09-24 04:00:00, 0.593541, 1:00:00, 0.0 
1964-11-19 23:00:00, 1964-11-20 15:00:00, 5.146809, 16:00:00, 0.0 
1964-11-26 06:00:00, 1964-11-26 11:00:00, 4.432791, 5:00:00, 0.0 
1964-12-22 14:00:00, 1964-12-22 17:00:00, 1.992900, 3:00:00, 0.0 
1964-12-28 10:00:00, 1964-12-28 10:00:00, 0.578785, 0:00:00, 0.0 
1965-01-03 02:00:00, 1965-01-03 04:00:00, 1.311776, 2:00:00, 0.0 
1965-01-11 07:00:00, 1965-01-11 07:00:00, 0.585788, 0:00:00, 0.0 
1965-01-17 10:00:00, 1965-01-17 14:00:00, 3.092940, 4:00:00, 0.0 
1965-01-24 09:00:00, 1965-01-25 10:00:00, 10.149626, 1 day, 1:00:00, 0.0 
1965-01-26 21:00:00, 1965-01-27 09:00:00, 4.403820, 12:00:00, 0.0 
1965-02-13 09:00:00, 1965-02-13 10:00:00, 0.570228, 1:00:00, 0.0 
1965-02-25 11:00:00, 1965-02-26 01:00:00, 15.755924, 14:00:00, 0.0 
1965-04-11 13:00:00, 1965-04-11 13:00:00, 0.520072, 0:00:00, 0.0 
1965-04-12 12:00:00, 1965-04-13 00:00:00, 2.411072, 12:00:00, 0.0 
1965-04-16 12:00:00, 1965-04-16 14:00:00, 1.160533, 2:00:00, 0.0 
1965-10-08 10:00:00, 1965-10-08 10:00:00, 0.520985, 0:00:00, 0.0 
1965-10-23 12:00:00, 1965-10-24 02:00:00, 3.324358, 14:00:00, 0.0 
1965-11-17 09:00:00, 1965-11-17 12:00:00, 1.694609, 3:00:00, 0.0 
1965-11-23 02:00:00, 1965-11-23 02:00:00, 0.571309, 0:00:00, 0.0 
1965-11-27 15:00:00, 1965-11-27 20:00:00, 3.674682, 5:00:00, 0.0 
1965-12-13 17:00:00, 1965-12-13 19:00:00, 1.275811, 2:00:00, 0.0 
1966-01-03 07:00:00, 1966-01-03 10:00:00, 1.852625, 3:00:00, 0.0 
1966-01-06 23:00:00, 1966-01-07 02:00:00, 1.886533, 3:00:00, 0.0 
1966-01-08 00:00:00, 1966-01-08 00:00:00, 0.533407, 0:00:00, 0.0 
1966-01-08 12:00:00, 1966-01-08 17:00:00, 2.920791, 5:00:00, 0.0 
1966-01-10 04:00:00, 1966-01-10 06:00:00, 1.128270, 2:00:00, 0.0 
1966-01-23 12:00:00, 1966-01-24 05:00:00, 28.673718, 17:00:00, 0.0 
1966-01-24 18:00:00, 1966-01-25 16:00:00, 5.006712, 22:00:00, 0.0 
1966-01-27 04:00:00, 1966-01-28 05:00:00, 10.746840, 1 day, 1:00:00, 0.0 
1966-01-30 07:00:00, 1966-01-30 23:00:00, 21.734305, 16:00:00, 0.0 
1966-02-13 20:00:00, 1966-02-14 00:00:00, 2.707664, 4:00:00, 0.0 
1966-02-25 14:00:00, 1966-02-25 19:00:00, 4.685573, 5:00:00, 0.0 
1966-03-01 05:00:00, 1966-03-01 11:00:00, 4.192103, 6:00:00, 0.0 
1966-03-06 00:00:00, 1966-03-06 03:00:00, 2.092908, 3:00:00, 0.0 
1966-03-25 03:00:00, 1966-03-25 03:00:00, 0.562689, 0:00:00, 0.0 
1966-04-05 23:00:00, 1966-04-06 00:00:00, 0.658885, 1:00:00, 0.0 
1966-09-15 11:00:00, 1966-09-15 14:00:00, 1.385957, 3:00:00, 0.0 
1966-09-21 19:00:00, 1966-09-21 21:00:00, 1.233858, 2:00:00, 0.0 
1966-11-03 14:00:00, 1966-11-03 14:00:00, 0.560700, 0:00:00, 0.0 
1966-11-29 00:00:00, 1966-11-29 03:00:00, 2.181111, 3:00:00, 0.0 
1966-12-14 03:00:00, 1966-12-14 15:00:00, 2.734720, 12:00:00, 0.0 
1966-12-21 06:00:00, 1966-12-21 23:00:00, 8.700603, 17:00:00, 0.0 
1966-12-24 21:00:00, 1966-12-25 01:00:00, 3.860002, 4:00:00, 0.0 
1967-01-05 06:00:00, 1967-01-05 07:00:00, 0.555872, 1:00:00, 0.0 
1967-01-05 20:00:00, 1967-01-05 21:00:00, 0.559282, 1:00:00, 0.0 
1967-01-27 15:00:00, 1967-01-28 16:00:00, 15.671868, 1 day, 1:00:00, 0.0 
1967-02-04 22:00:00, 1967-02-05 08:00:00, 1.737108, 10:00:00, 0.0 
1967-03-16 02:00:00, 1967-03-16 07:00:00, 3.891642, 5:00:00, 0.0 
1967-04-16 03:00:00, 1967-04-16 05:00:00, 0.615504, 2:00:00, 0.0 
1967-04-18 05:00:00, 1967-04-18 09:00:00, 1.821187, 4:00:00, 0.0 
1967-04-28 01:00:00, 1967-04-30 08:00:00, 35.141353, 2 days, 7:00:00, 0.0 
1967-05-07 21:00:00, 1967-05-08 05:00:00, 9.578614, 8:00:00, 0.0 
1967-05-09 00:00:00, 1967-05-09 05:00:00, 4.431179, 5:00:00, 0.0 
1967-05-10 02:00:00, 1967-05-10 03:00:00, 0.663496, 1:00:00, 0.0 
1967-05-12 02:00:00, 1967-05-12 03:00:00, 0.640022, 1:00:00, 0.0 
1967-05-25 12:00:00, 1967-05-27 03:00:00, 14.271374, 1 day, 15:00:00, 0.0 
1967-06-20 21:00:00, 1967-06-21 01:00:00, 2.030844, 4:00:00, 0.0 
1967-10-19 01:00:00, 1967-10-19 03:00:00, 1.258488, 2:00:00, 0.0 
1967-10-26 05:00:00, 1967-10-26 06:00:00, 0.643603, 1:00:00, 0.0 
1967-10-31 09:00:00, 1967-10-31 15:00:00, 4.239602, 6:00:00, 0.0 
1967-11-23 17:00:00, 1967-11-23 21:00:00, 2.481877, 4:00:00, 0.0 
1967-12-03 18:00:00, 1967-12-04 04:00:00, 2.897375, 10:00:00, 0.0 
1967-12-28 22:00:00, 1967-12-29 14:00:00, 10.167858, 16:00:00, 0.0 
1968-01-15 00:00:00, 1968-01-15 17:00:00, 6.632393, 17:00:00, 0.0 
1968-02-08 06:00:00, 1968-02-09 13:00:00, 27.334982, 1 day, 7:00:00, 0.0 
1968-03-01 05:00:00, 1968-03-01 17:00:00, 11.434361, 12:00:00, 0.0 
1968-03-13 00:00:00, 1968-03-13 13:00:00, 2.022340, 13:00:00, 0.0 
1968-04-25 11:00:00, 1968-04-25 11:00:00, 0.533818, 0:00:00, 0.0 
1968-05-02 03:00:00, 1968-05-02 05:00:00, 1.280130, 2:00:00, 0.0 
1968-05-29 14:00:00, 1968-05-29 15:00:00, 0.545649, 1:00:00, 0.0 
1968-09-11 13:00:00, 1968-09-11 14:00:00, 0.604042, 1:00:00, 0.0 
1968-11-07 14:00:00, 1968-11-08 06:00:00, 9.201257, 16:00:00, 0.0 
1968-11-10 07:00:00, 1968-11-10 22:00:00, 13.198481, 15:00:00, 0.0 
1968-11-12 12:00:00, 1968-11-13 09:00:00, 37.506668, 21:00:00, 0.0 
1968-11-18 15:00:00, 1968-11-19 01:00:00, 2.290436, 10:00:00, 0.0 
1968-12-04 11:00:00, 1968-12-05 05:00:00, 13.971926, 18:00:00, 0.0 
1968-12-15 10:00:00, 1968-12-15 13:00:00, 0.580820, 3:00:00, 0.0 
1968-12-23 13:00:00, 1968-12-23 20:00:00, 7.193657, 7:00:00, 0.0 
1968-12-28 22:00:00, 1968-12-28 22:00:00, 0.517974, 0:00:00, 0.0 
1969-02-09 17:00:00, 1969-02-10 08:00:00, 14.013197, 15:00:00, 0.0 
1969-02-19 14:00:00, 1969-02-21 04:00:00, 13.644176, 1 day, 14:00:00, 0.0 
1969-02-27 07:00:00, 1969-03-01 10:00:00, 22.180782, 2 days, 3:00:00, 0.0 
1969-03-02 13:00:00, 1969-03-03 16:00:00, 23.279579, 1 day, 3:00:00, 0.0 
1969-03-25 10:00:00, 1969-03-25 20:00:00, 3.768216, 10:00:00, 0.0 
1969-04-23 03:00:00, 1969-04-23 07:00:00, 3.383227, 4:00:00, 0.0 
1969-04-24 04:00:00, 1969-04-24 05:00:00, 0.547940, 1:00:00, 0.0 
1969-10-05 09:00:00, 1969-10-05 19:00:00, 2.869343, 10:00:00, 0.0 
1969-11-02 23:00:00, 1969-11-03 13:00:00, 7.923535, 14:00:00, 0.0 
1969-11-09 12:00:00, 1969-11-09 13:00:00, 0.723260, 1:00:00, 0.0 
1969-11-10 10:00:00, 1969-11-10 17:00:00, 5.267983, 7:00:00, 0.0 
1969-11-11 11:00:00, 1969-11-11 15:00:00, 2.881044, 4:00:00, 0.0 
1969-11-13 02:00:00, 1969-11-13 05:00:00, 1.905992, 3:00:00, 0.0 
1969-11-14 14:00:00, 1969-11-14 21:00:00, 5.959805, 7:00:00, 0.0 
1969-11-20 08:00:00, 1969-11-20 08:00:00, 0.667680, 0:00:00, 0.0 
1969-12-01 18:00:00, 1969-12-02 22:00:00, 4.924974, 1 day, 4:00:00, 0.0 
1969-12-15 03:00:00, 1969-12-15 09:00:00, 4.711957, 6:00:00, 0.0 
1969-12-22 23:00:00, 1969-12-23 00:00:00, 0.528177, 1:00:00, 0.0 
1969-12-26 11:00:00, 1969-12-27 17:00:00, 25.848017, 1 day, 6:00:00, 0.0 
1970-01-21 11:00:00, 1970-01-21 11:00:00, 0.553799, 0:00:00, 0.0 
1970-02-03 21:00:00, 1970-02-04 02:00:00, 2.634533, 5:00:00, 0.0 
1970-02-10 17:00:00, 1970-02-11 19:00:00, 9.315470, 1 day, 2:00:00, 0.0 
1970-03-05 12:00:00, 1970-03-05 13:00:00, 0.641766, 1:00:00, 0.0 
1970-03-23 03:00:00, 1970-03-23 05:00:00, 1.417598, 2:00:00, 0.0 
1970-03-27 04:00:00, 1970-03-27 05:00:00, 0.743834, 1:00:00, 0.0 
1970-04-02 20:00:00, 1970-04-03 00:00:00, 3.818442, 4:00:00, 0.0 
1970-10-26 11:00:00, 1970-10-27 01:00:00, 4.012266, 14:00:00, 0.0 
1970-11-03 05:00:00, 1970-11-03 05:00:00, 0.563590, 0:00:00, 0.0 
1970-11-04 03:00:00, 1970-11-04 07:00:00, 2.462772, 4:00:00, 0.0 
1970-11-05 03:00:00, 1970-11-05 19:00:00, 7.121555, 16:00:00, 0.0 
1970-11-13 10:00:00, 1970-11-14 00:00:00, 1.244945, 14:00:00, 0.0 
1970-11-15 12:00:00, 1970-11-15 18:00:00, 4.628388, 6:00:00, 0.0 
1970-12-17 04:00:00, 1970-12-17 21:00:00, 24.596711, 17:00:00, 0.0 
1971-02-14 02:00:00, 1971-02-14 03:00:00, 0.600200, 1:00:00, 0.0 
1971-03-28 00:00:00, 1971-03-29 04:00:00, 9.881662, 1 day, 4:00:00, 0.0 
1971-04-07 01:00:00, 1971-04-07 14:00:00, 12.066593, 13:00:00, 0.0 
1971-04-20 23:00:00, 1971-04-21 00:00:00, 0.608074, 1:00:00, 0.0 
1971-08-28 12:00:00, 1971-08-28 15:00:00, 0.532997, 3:00:00, 0.0 
1971-10-24 16:00:00, 1971-10-25 06:00:00, 4.190692, 14:00:00, 0.0 
1971-11-17 10:00:00, 1971-11-17 16:00:00, 4.610404, 6:00:00, 0.0 
1971-11-21 15:00:00, 1971-11-21 18:00:00, 1.984679, 3:00:00, 0.0 
1971-11-25 07:00:00, 1971-11-25 21:00:00, 18.268315, 14:00:00, 0.0 
1971-11-28 07:00:00, 1971-11-28 07:00:00, 0.581330, 0:00:00, 0.0 
1971-12-30 23:00:00, 1971-12-31 02:00:00, 1.735641, 3:00:00, 0.0 
1972-01-01 14:00:00, 1972-01-01 14:00:00, 0.626862, 0:00:00, 0.0 
1972-01-06 03:00:00, 1972-01-06 05:00:00, 1.205224, 2:00:00, 0.0 
1972-01-12 08:00:00, 1972-01-12 09:00:00, 0.535312, 1:00:00, 0.0 
1972-01-23 05:00:00, 1972-01-23 07:00:00, 0.588915, 2:00:00, 0.0 
1972-01-25 09:00:00, 1972-01-25 12:00:00, 2.217162, 3:00:00, 0.0 
1972-02-03 01:00:00, 1972-02-04 09:00:00, 27.125895, 1 day, 8:00:00, 0.0 
1972-02-13 22:00:00, 1972-02-14 16:00:00, 10.874356, 18:00:00, 0.0 
1972-02-18 16:00:00, 1972-02-20 09:00:00, 50.496194, 1 day, 17:00:00, 0.0 
1972-02-24 08:00:00, 1972-02-24 09:00:00, 0.578782, 1:00:00, 0.0 
1972-02-25 09:00:00, 1972-02-25 14:00:00, 2.402799, 5:00:00, 0.0 
1972-02-26 14:00:00, 1972-02-26 15:00:00, 0.553276, 1:00:00, 0.0 
1972-10-07 02:00:00, 1972-10-08 18:00:00, 28.532741, 1 day, 16:00:00, 0.0 
1972-10-20 09:00:00, 1972-10-20 09:00:00, 0.589397, 0:00:00, 0.0 
1972-11-04 23:00:00, 1972-11-05 16:00:00, 7.149752, 17:00:00, 0.0 
1972-11-06 13:00:00, 1972-11-06 13:00:00, 0.619530, 0:00:00, 0.0 
1972-11-08 11:00:00, 1972-11-12 08:00:00, 60.852672, 3 days, 21:00:00, 0.0 
1972-11-14 17:00:00, 1972-11-16 09:00:00, 21.164152, 1 day, 16:00:00, 0.0 
1972-11-20 09:00:00, 1972-11-20 16:00:00, 7.015399, 7:00:00, 0.0 
1972-12-05 02:00:00, 1972-12-05 03:00:00, 0.624923, 1:00:00, 0.0 
1972-12-06 11:00:00, 1972-12-06 14:00:00, 1.212329, 3:00:00, 0.0 
1972-12-09 03:00:00, 1972-12-09 04:00:00, 0.592473, 1:00:00, 0.0 
1972-12-10 17:00:00, 1972-12-10 17:00:00, 0.612260, 0:00:00, 0.0 
1972-12-13 06:00:00, 1972-12-13 07:00:00, 0.574569, 1:00:00, 0.0 
1972-12-15 08:00:00, 1972-12-16 14:00:00, 32.888297, 1 day, 6:00:00, 0.0 
1972-12-20 11:00:00, 1972-12-25 08:00:00, 63.458022, 4 days, 21:00:00, 0.0 
1972-12-26 04:00:00, 1972-12-28 12:00:00, 30.156662, 2 days, 8:00:00, 0.0 
1972-12-30 22:00:00, 1972-12-30 23:00:00, 0.635315, 1:00:00, 0.0 
1972-12-31 22:00:00, 1973-01-01 09:00:00, 1.206405, 11:00:00, 0.0 
1973-01-04 14:00:00, 1973-01-04 17:00:00, 2.865596, 3:00:00, 0.0 
1973-01-20 03:00:00, 1973-01-20 03:00:00, 0.614406, 0:00:00, 0.0 
1973-01-23 04:00:00, 1973-01-23 05:00:00, 0.679924, 1:00:00, 0.0 
1973-02-03 00:00:00, 1973-02-03 04:00:00, 3.259432, 4:00:00, 0.0 
1973-02-07 04:00:00, 1973-02-07 04:00:00, 0.583450, 0:00:00, 0.0 
1973-02-08 04:00:00, 1973-02-08 05:00:00, 0.656318, 1:00:00, 0.0 
1973-02-09 05:00:00, 1973-02-09 05:00:00, 0.642309, 0:00:00, 0.0 
1973-02-11 05:00:00, 1973-02-12 23:00:00, 33.241016, 1 day, 18:00:00, 0.0 
1973-02-15 10:00:00, 1973-02-15 12:00:00, 1.616262, 2:00:00, 0.0 
1973-03-17 12:00:00, 1973-03-18 03:00:00, 6.758414, 15:00:00, 0.0 
1973-03-22 03:00:00, 1973-03-24 09:00:00, 46.812523, 2 days, 6:00:00, 0.0 
1973-03-27 06:00:00, 1973-03-28 12:00:00, 16.072445, 1 day, 6:00:00, 0.0 
1973-04-01 23:00:00, 1973-04-03 04:00:00, 12.746632, 1 day, 5:00:00, 0.0 
1973-04-04 14:00:00, 1973-04-04 14:00:00, 0.621876, 0:00:00, 0.0 
1973-04-08 17:00:00, 1973-04-08 19:00:00, 1.273528, 2:00:00, 0.0 
1973-04-10 18:00:00, 1973-04-10 19:00:00, 0.586933, 1:00:00, 0.0 
1973-04-26 18:00:00, 1973-04-28 20:00:00, 18.174329, 2 days, 2:00:00, 0.0 
1973-05-21 03:00:00, 1973-05-21 06:00:00, 2.075349, 3:00:00, 0.0 
1973-09-15 12:00:00, 1973-09-15 12:00:00, 0.567248, 0:00:00, 0.0 
1973-10-16 03:00:00, 1973-10-16 03:00:00, 0.690962, 0:00:00, 0.0 
1973-10-26 02:00:00, 1973-10-26 02:00:00, 0.566502, 0:00:00, 0.0 
1973-10-26 14:00:00, 1973-10-26 14:00:00, 0.698636, 0:00:00, 0.0 
1973-10-30 02:00:00, 1973-10-30 08:00:00, 5.592511, 6:00:00, 0.0 
1973-12-09 13:00:00, 1973-12-10 01:00:00, 3.201630, 12:00:00, 0.0 
1973-12-14 14:00:00, 1973-12-14 17:00:00, 0.694177, 3:00:00, 0.0 
1973-12-17 09:00:00, 1973-12-17 22:00:00, 6.298508, 13:00:00, 0.0 
1974-02-07 11:00:00, 1974-02-07 15:00:00, 2.998387, 4:00:00, 0.0 
1974-02-09 00:00:00, 1974-02-09 06:00:00, 4.503567, 6:00:00, 0.0 
1974-02-17 09:00:00, 1974-02-17 11:00:00, 0.583451, 2:00:00, 0.0 
1974-02-20 01:00:00, 1974-02-20 03:00:00, 1.838318, 2:00:00, 0.0 
1974-03-17 07:00:00, 1974-03-17 08:00:00, 0.572822, 1:00:00, 0.0 
1974-03-21 15:00:00, 1974-03-21 22:00:00, 2.085403, 7:00:00, 0.0 
1974-03-30 05:00:00, 1974-03-31 21:00:00, 31.442710, 1 day, 16:00:00, 0.0 
1974-04-09 13:00:00, 1974-04-09 18:00:00, 3.757076, 5:00:00, 0.0 
1974-05-13 04:00:00, 1974-05-13 05:00:00, 0.594265, 1:00:00, 0.0 
1974-12-16 14:00:00, 1974-12-17 07:00:00, 17.742920, 17:00:00, 0.0 
1975-01-07 11:00:00, 1975-01-07 14:00:00, 1.293236, 3:00:00, 0.0 
1975-01-09 13:00:00, 1975-01-09 17:00:00, 3.617922, 4:00:00, 0.0 
1975-01-21 06:00:00, 1975-01-21 07:00:00, 0.598096, 1:00:00, 0.0 
1975-01-25 23:00:00, 1975-01-26 01:00:00, 1.498642, 2:00:00, 0.0 
1975-02-05 22:00:00, 1975-02-06 08:00:00, 1.161651, 10:00:00, 0.0 
1975-02-25 12:00:00, 1975-02-25 15:00:00, 1.253986, 3:00:00, 0.0 
1975-03-15 00:00:00, 1975-03-15 07:00:00, 7.625108, 7:00:00, 0.0 
1975-03-20 06:00:00, 1975-03-20 10:00:00, 2.833293, 4:00:00, 0.0 
1975-04-03 17:00:00, 1975-04-03 23:00:00, 7.167010, 6:00:00, 0.0 
1975-04-17 03:00:00, 1975-04-17 08:00:00, 3.750034, 5:00:00, 0.0 
1975-06-06 09:00:00, 1975-06-06 13:00:00, 1.914230, 4:00:00, 0.0 
1975-10-19 11:00:00, 1975-10-20 17:00:00, 12.313121, 1 day, 6:00:00, 0.0 
1975-11-13 07:00:00, 1975-11-14 08:00:00, 5.003046, 1 day, 1:00:00, 0.0 
1975-11-22 02:00:00, 1975-11-22 03:00:00, 0.559982, 1:00:00, 0.0 
1975-11-24 16:00:00, 1975-11-25 19:00:00, 13.725668, 1 day, 3:00:00, 0.0 
1975-11-27 18:00:00, 1975-11-27 19:00:00, 0.687724, 1:00:00, 0.0 
1975-12-09 05:00:00, 1975-12-10 22:00:00, 20.237968, 1 day, 17:00:00, 0.0 
1975-12-21 03:00:00, 1975-12-21 03:00:00, 0.669355, 0:00:00, 0.0 
1975-12-22 03:00:00, 1975-12-22 19:00:00, 6.827860, 16:00:00, 0.0 
1975-12-26 22:00:00, 1975-12-26 22:00:00, 0.529901, 0:00:00, 0.0 
1976-01-01 10:00:00, 1976-01-01 16:00:00, 5.003819, 6:00:00, 0.0 
1976-01-12 07:00:00, 1976-01-12 09:00:00, 1.201051, 2:00:00, 0.0 
1976-01-13 08:00:00, 1976-01-13 10:00:00, 1.147675, 2:00:00, 0.0 
1976-01-14 08:00:00, 1976-01-14 12:00:00, 2.498286, 4:00:00, 0.0 
1976-01-17 13:00:00, 1976-01-17 14:00:00, 0.643900, 1:00:00, 0.0 
1976-01-22 03:00:00, 1976-01-22 08:00:00, 4.875285, 5:00:00, 0.0 
1976-02-02 01:00:00, 1976-02-02 14:00:00, 14.568876, 13:00:00, 0.0 
1976-02-17 13:00:00, 1976-02-17 14:00:00, 0.717076, 1:00:00, 0.0 
1976-02-18 13:00:00, 1976-02-19 07:00:00, 8.172696, 18:00:00, 0.0 
1976-03-02 14:00:00, 1976-03-02 14:00:00, 0.580583, 0:00:00, 0.0 
1976-03-10 05:00:00, 1976-03-11 12:00:00, 15.887902, 1 day, 7:00:00, 0.0 
1976-03-13 09:00:00, 1976-03-13 14:00:00, 1.741317, 5:00:00, 0.0 
1976-03-16 22:00:00, 1976-03-17 05:00:00, 9.267906, 7:00:00, 0.0 
1976-04-01 17:00:00, 1976-04-01 17:00:00, 0.541933, 0:00:00, 0.0 
1976-04-10 20:00:00, 1976-04-11 01:00:00, 3.213752, 5:00:00, 0.0 
1976-04-25 21:00:00, 1976-04-26 11:00:00, 1.757939, 14:00:00, 0.0 
1976-05-19 08:00:00, 1976-05-19 09:00:00, 0.608906, 1:00:00, 0.0 
1976-08-10 05:00:00, 1976-08-10 05:00:00, 0.572321, 0:00:00, 0.0 
1976-10-01 22:00:00, 1976-10-01 22:00:00, 0.616053, 0:00:00, 0.0 
1976-10-21 08:00:00, 1976-10-21 10:00:00, 1.248172, 2:00:00, 0.0 
1976-12-17 12:00:00, 1976-12-17 23:00:00, 3.032959, 11:00:00, 0.0 
1976-12-21 03:00:00, 1976-12-21 03:00:00, 0.544151, 0:00:00, 0.0 
1976-12-29 06:00:00, 1976-12-29 12:00:00, 2.220407, 6:00:00, 0.0 
1977-01-07 14:00:00, 1977-01-07 18:00:00, 2.808025, 4:00:00, 0.0 
1977-01-10 14:00:00, 1977-01-10 21:00:00, 11.321694, 7:00:00, 0.0 
1977-04-05 11:00:00, 1977-04-06 00:00:00, 2.262454, 13:00:00, 0.0 
1977-05-09 08:00:00, 1977-05-09 22:00:00, 2.678822, 14:00:00, 0.0 
1977-06-10 19:00:00, 1977-06-10 19:00:00, 0.709972, 0:00:00, 0.0 
1977-06-29 09:00:00, 1977-06-29 09:00:00, 0.678080, 0:00:00, 0.0 
1977-09-20 16:00:00, 1977-09-20 19:00:00, 2.286777, 3:00:00, 0.0 
1977-09-24 23:00:00, 1977-09-26 01:00:00, 9.942721, 1 day, 2:00:00, 0.0 
1977-10-14 12:00:00, 1977-10-15 15:00:00, 14.833801, 1 day, 3:00:00, 0.0 
1977-10-17 04:00:00, 1977-10-17 08:00:00, 2.747913, 4:00:00, 0.0 
1977-11-07 20:00:00, 1977-11-09 02:00:00, 22.314374, 1 day, 6:00:00, 0.0 
1977-11-26 02:00:00, 1977-11-26 17:00:00, 10.759608, 15:00:00, 0.0 
1977-12-05 23:00:00, 1977-12-07 00:00:00, 9.275070, 1 day, 1:00:00, 0.0 
1977-12-18 19:00:00, 1977-12-22 13:00:00, 63.328888, 3 days, 18:00:00, 0.0 
1978-01-01 16:00:00, 1978-01-02 11:00:00, 10.191450, 19:00:00, 0.0 
1978-01-08 23:00:00, 1978-01-09 17:00:00, 12.718986, 18:00:00, 0.0 
1978-01-14 04:00:00, 1978-01-14 19:00:00, 9.425215, 15:00:00, 0.0 
1978-01-18 07:00:00, 1978-01-18 13:00:00, 6.151845, 6:00:00, 0.0 
1978-01-20 12:00:00, 1978-01-21 03:00:00, 22.398668, 15:00:00, 0.0 
1978-01-26 02:00:00, 1978-01-26 16:00:00, 4.403319, 14:00:00, 0.0 
1978-02-06 12:00:00, 1978-02-09 01:00:00, 56.044706, 2 days, 13:00:00, 0.0 
1978-02-14 18:00:00, 1978-02-14 19:00:00, 0.539769, 1:00:00, 0.0 
1978-03-04 07:00:00, 1978-03-04 07:00:00, 0.588320, 0:00:00, 0.0 
1978-03-27 15:00:00, 1978-03-27 17:00:00, 1.287234, 2:00:00, 0.0 
1978-04-12 03:00:00, 1978-04-12 03:00:00, 0.636726, 0:00:00, 0.0 
1978-04-19 22:00:00, 1978-04-20 03:00:00, 4.189611, 5:00:00, 0.0 
1978-04-27 15:00:00, 1978-04-29 08:00:00, 14.518425, 1 day, 17:00:00, 0.0 
1978-05-05 12:00:00, 1978-05-05 14:00:00, 1.512886, 2:00:00, 0.0 
1978-05-15 05:00:00, 1978-05-15 10:00:00, 2.449489, 5:00:00, 0.0 
1978-07-04 14:00:00, 1978-07-04 15:00:00, 0.621941, 1:00:00, 0.0 
1978-11-24 06:00:00, 1978-11-24 21:00:00, 10.354303, 15:00:00, 0.0 
1978-11-28 01:00:00, 1978-11-28 03:00:00, 1.756564, 2:00:00, 0.0 
1978-12-09 20:00:00, 1978-12-10 00:00:00, 2.535045, 4:00:00, 0.0 
1978-12-21 05:00:00, 1978-12-21 10:00:00, 3.767001, 5:00:00, 0.0 
1978-12-25 06:00:00, 1978-12-25 14:00:00, 14.927761, 8:00:00, 0.0 
1979-01-03 05:00:00, 1979-01-03 05:00:00, 0.690624, 0:00:00, 0.0 
1979-01-07 23:00:00, 1979-01-07 23:00:00, 0.512394, 0:00:00, 0.0 
1979-01-14 00:00:00, 1979-01-14 17:00:00, 9.148719, 17:00:00, 0.0 
1979-01-19 14:00:00, 1979-01-20 06:00:00, 8.433763, 16:00:00, 0.0 
1979-01-21 05:00:00, 1979-01-22 11:00:00, 24.357163, 1 day, 6:00:00, 0.0 
1979-01-24 21:00:00, 1979-01-29 15:00:00, 70.175547, 4 days, 18:00:00, 0.0 
1979-01-31 14:00:00, 1979-02-01 07:00:00, 6.977151, 17:00:00, 0.0 
1979-02-08 09:00:00, 1979-02-08 09:00:00, 0.608058, 0:00:00, 0.0 
1979-02-26 00:00:00, 1979-02-27 14:00:00, 15.356538, 1 day, 14:00:00, 0.0 
1979-04-05 07:00:00, 1979-04-05 08:00:00, 0.558540, 1:00:00, 0.0 
1979-04-09 21:00:00, 1979-04-10 03:00:00, 3.959528, 6:00:00, 0.0 
1979-10-03 21:00:00, 1979-10-03 23:00:00, 1.273689, 2:00:00, 0.0 
1979-10-06 02:00:00, 1979-10-06 04:00:00, 1.450707, 2:00:00, 0.0 
1979-12-25 18:00:00, 1979-12-25 18:00:00, 0.685832, 0:00:00, 0.0 
1980-01-05 15:00:00, 1980-01-06 19:00:00, 14.095152, 1 day, 4:00:00, 0.0 
1980-01-15 09:00:00, 1980-01-15 23:00:00, 4.275173, 14:00:00, 0.0 
1980-01-16 11:00:00, 1980-01-18 03:00:00, 20.258779, 1 day, 16:00:00, 0.0 
1980-02-07 17:00:00, 1980-02-08 19:00:00, 6.021418, 1 day, 2:00:00, 0.0 
1980-02-23 05:00:00, 1980-02-23 06:00:00, 0.551478, 1:00:00, 0.0 
1980-03-11 08:00:00, 1980-03-11 09:00:00, 0.821280, 1:00:00, 0.0 
1980-03-14 08:00:00, 1980-03-14 15:00:00, 8.575493, 7:00:00, 0.0 
1980-03-22 03:00:00, 1980-03-23 10:00:00, 33.897588, 1 day, 7:00:00, 0.0 
1980-04-01 00:00:00, 1980-04-01 04:00:00, 1.141900, 4:00:00, 0.0 
1980-04-23 21:00:00, 1980-04-24 00:00:00, 1.794883, 3:00:00, 0.0 
1980-04-28 22:00:00, 1980-04-29 04:00:00, 3.979022, 6:00:00, 0.0 
1980-05-03 02:00:00, 1980-05-03 04:00:00, 1.354506, 2:00:00, 0.0 
1980-10-25 14:00:00, 1980-10-26 04:00:00, 17.984175, 14:00:00, 0.0 
1980-11-18 08:00:00, 1980-11-18 14:00:00, 4.879430, 6:00:00, 0.0 
1980-11-23 11:00:00, 1980-11-23 15:00:00, 2.903456, 4:00:00, 0.0 
1980-11-28 16:00:00, 1980-11-29 00:00:00, 8.887452, 8:00:00, 0.0 
1981-02-08 15:00:00, 1981-02-09 04:00:00, 1.838043, 13:00:00, 0.0 
1981-02-21 02:00:00, 1981-02-21 02:00:00, 0.556571, 0:00:00, 0.0 
1981-02-21 15:00:00, 1981-02-21 15:00:00, 0.565023, 0:00:00, 0.0 
1981-02-26 09:00:00, 1981-02-26 20:00:00, 3.320821, 11:00:00, 0.0 
1981-03-05 23:00:00, 1981-03-06 14:00:00, 4.701565, 15:00:00, 0.0 
1981-03-07 14:00:00, 1981-03-08 16:00:00, 7.697033, 1 day, 2:00:00, 0.0 
1981-03-16 23:00:00, 1981-03-17 00:00:00, 0.566644, 1:00:00, 0.0 
1981-03-22 15:00:00, 1981-03-22 15:00:00, 0.554020, 0:00:00, 0.0 
1981-04-02 09:00:00, 1981-04-02 09:00:00, 0.611977, 0:00:00, 0.0 
1981-04-25 05:00:00, 1981-04-25 05:00:00, 0.570467, 0:00:00, 0.0 
1981-05-04 23:00:00, 1981-05-04 23:00:00, 0.522230, 0:00:00, 0.0 
1981-05-23 16:00:00, 1981-05-24 06:00:00, 2.628577, 14:00:00, 0.0 
1981-10-19 04:00:00, 1981-10-19 04:00:00, 0.688866, 0:00:00, 0.0 
1981-11-15 05:00:00, 1981-11-16 17:00:00, 10.972703, 1 day, 12:00:00, 0.0 
1981-11-18 05:00:00, 1981-11-18 10:00:00, 3.304623, 5:00:00, 0.0 
1981-11-20 22:00:00, 1981-11-21 11:00:00, 3.846127, 13:00:00, 0.0 
1981-11-26 13:00:00, 1981-11-27 16:00:00, 8.308698, 1 day, 3:00:00, 0.0 
1981-12-02 06:00:00, 1981-12-02 09:00:00, 1.988919, 3:00:00, 0.0 
1981-12-16 04:00:00, 1981-12-16 10:00:00, 4.768757, 6:00:00, 0.0 
1981-12-27 13:00:00, 1981-12-28 15:00:00, 8.253505, 1 day, 2:00:00, 0.0 
1981-12-29 03:00:00, 1981-12-29 15:00:00, 1.128257, 12:00:00, 0.0 
1982-01-01 15:00:00, 1982-01-01 22:00:00, 7.202950, 7:00:00, 0.0 
1982-01-04 06:00:00, 1982-01-04 23:00:00, 9.452650, 17:00:00, 0.0 
1982-01-14 05:00:00, 1982-01-14 07:00:00, 1.143955, 2:00:00, 0.0 
1982-01-15 04:00:00, 1982-01-15 07:00:00, 2.236901, 3:00:00, 0.0 
1982-01-23 23:00:00, 1982-01-24 01:00:00, 1.523485, 2:00:00, 0.0 
1982-02-18 08:00:00, 1982-02-18 09:00:00, 0.551457, 1:00:00, 0.0 
1982-02-20 23:00:00, 1982-02-22 15:00:00, 17.459222, 1 day, 16:00:00, 0.0 
1982-02-23 11:00:00, 1982-02-24 01:00:00, 4.449955, 14:00:00, 0.0 
1982-03-08 02:00:00, 1982-03-08 02:00:00, 0.537500, 0:00:00, 0.0 
1982-03-22 01:00:00, 1982-03-22 01:00:00, 0.561749, 0:00:00, 0.0 
1982-04-03 23:00:00, 1982-04-04 02:00:00, 2.176859, 3:00:00, 0.0 
1982-04-06 15:00:00, 1982-04-06 22:00:00, 5.235604, 7:00:00, 0.0 
1982-06-06 02:00:00, 1982-06-06 02:00:00, 0.606992, 0:00:00, 0.0 
1982-06-07 05:00:00, 1982-06-07 16:00:00, 0.528021, 11:00:00, 0.0 
1982-06-08 05:00:00, 1982-06-08 06:00:00, 0.517342, 1:00:00, 0.0 
1982-06-10 02:00:00, 1982-06-10 07:00:00, 2.331965, 5:00:00, 0.0 
1982-06-11 04:00:00, 1982-06-11 04:00:00, 0.581445, 0:00:00, 0.0 
1982-10-10 05:00:00, 1982-10-11 10:00:00, 18.912318, 1 day, 5:00:00, 0.0 
1982-10-11 22:00:00, 1982-10-12 11:00:00, 2.281520, 13:00:00, 0.0 
1982-10-14 12:00:00, 1982-10-14 13:00:00, 0.625355, 1:00:00, 0.0 
1982-10-25 20:00:00, 1982-10-26 00:00:00, 0.520755, 4:00:00, 0.0 
1982-12-12 23:00:00, 1982-12-13 15:00:00, 6.499886, 16:00:00, 0.0 
1982-12-18 13:00:00, 1982-12-21 06:00:00, 41.529623, 2 days, 17:00:00, 0.0 
1983-01-11 09:00:00, 1983-01-11 13:00:00, 3.160858, 4:00:00, 0.0 
1983-01-15 23:00:00, 1983-01-16 15:00:00, 9.158719, 16:00:00, 0.0 
1983-01-29 11:00:00, 1983-01-29 11:00:00, 0.580102, 0:00:00, 0.0 
1983-02-03 05:00:00, 1983-02-03 09:00:00, 1.866346, 4:00:00, 0.0 
1983-02-07 10:00:00, 1983-02-07 23:00:00, 14.537447, 13:00:00, 0.0 
1983-02-12 02:00:00, 1983-02-12 14:00:00, 8.367036, 12:00:00, 0.0 
1983-02-25 23:00:00, 1983-02-26 13:00:00, 2.514149, 14:00:00, 0.0 
1983-03-02 03:00:00, 1983-03-02 06:00:00, 2.065029, 3:00:00, 0.0 
1983-03-08 07:00:00, 1983-03-08 07:00:00, 0.560781, 0:00:00, 0.0 
1983-03-08 21:00:00, 1983-03-09 13:00:00, 7.208677, 16:00:00, 0.0 
1983-03-10 09:00:00, 1983-03-10 14:00:00, 2.999878, 5:00:00, 0.0 
1983-03-12 00:00:00, 1983-03-12 23:00:00, 7.246270, 23:00:00, 0.0 
1983-03-19 02:00:00, 1983-03-19 19:00:00, 4.998325, 17:00:00, 0.0 
1983-03-21 18:00:00, 1983-03-22 05:00:00, 2.035220, 11:00:00, 0.0 
1983-03-25 21:00:00, 1983-03-25 22:00:00, 0.582779, 1:00:00, 0.0 
1983-03-28 11:00:00, 1983-03-28 12:00:00, 0.648285, 1:00:00, 0.0 
1983-04-02 04:00:00, 1983-04-02 04:00:00, 0.653145, 0:00:00, 0.0 
1983-04-10 22:00:00, 1983-04-11 03:00:00, 3.820142, 5:00:00, 0.0 
1983-04-17 01:00:00, 1983-04-17 04:00:00, 1.481158, 3:00:00, 0.0 
1983-04-19 16:00:00, 1983-04-19 22:00:00, 5.483621, 6:00:00, 0.0 
1983-04-24 21:00:00, 1983-04-25 01:00:00, 2.995564, 4:00:00, 0.0 
1983-04-25 13:00:00, 1983-04-25 13:00:00, 0.615128, 0:00:00, 0.0 
1983-10-25 12:00:00, 1983-10-26 19:00:00, 16.319871, 1 day, 7:00:00, 0.0 
1983-11-11 03:00:00, 1983-11-11 22:00:00, 9.110696, 19:00:00, 0.0 
1983-11-16 01:00:00, 1983-11-17 01:00:00, 12.387527, 1 day, 0:00:00, 0.0 
1983-11-21 13:00:00, 1983-11-21 15:00:00, 1.738413, 2:00:00, 0.0 
1983-11-25 04:00:00, 1983-11-25 19:00:00, 9.772640, 15:00:00, 0.0 
1983-11-29 06:00:00, 1983-11-29 13:00:00, 5.806115, 7:00:00, 0.0 
1983-12-04 16:00:00, 1983-12-05 04:00:00, 11.698513, 12:00:00, 0.0 
1983-12-06 18:00:00, 1983-12-07 06:00:00, 7.121728, 12:00:00, 0.0 
1983-12-12 18:00:00, 1983-12-13 07:00:00, 1.775174, 13:00:00, 0.0 
1983-12-22 17:00:00, 1983-12-23 02:00:00, 3.280612, 9:00:00, 0.0 
1983-12-28 23:00:00, 1983-12-29 02:00:00, 1.254356, 3:00:00, 0.0 
1984-02-24 07:00:00, 1984-02-24 12:00:00, 2.645161, 5:00:00, 0.0 
1984-02-28 13:00:00, 1984-02-29 13:00:00, 15.600890, 1 day, 0:00:00, 0.0 
1984-03-14 08:00:00, 1984-03-14 10:00:00, 1.334635, 2:00:00, 0.0 
1984-03-29 00:00:00, 1984-03-31 15:00:00, 67.157326, 2 days, 15:00:00, 0.0 
1984-04-06 01:00:00, 1984-04-06 08:00:00, 4.685371, 7:00:00, 0.0 
1984-04-15 11:00:00, 1984-04-15 14:00:00, 2.007317, 3:00:00, 0.0 
1984-04-16 14:00:00, 1984-04-17 03:00:00, 1.983282, 13:00:00, 0.0 
1984-04-24 07:00:00, 1984-04-24 07:00:00, 0.547544, 0:00:00, 0.0 
1984-04-24 23:00:00, 1984-04-24 23:00:00, 0.577821, 0:00:00, 0.0 
1984-09-04 09:00:00, 1984-09-04 10:00:00, 0.598122, 1:00:00, 0.0 
1984-10-01 18:00:00, 1984-10-02 06:00:00, 3.305753, 12:00:00, 0.0 
1984-10-13 15:00:00, 1984-10-13 19:00:00, 1.187807, 4:00:00, 0.0 
1984-10-14 15:00:00, 1984-10-16 05:00:00, 6.063271, 1 day, 14:00:00, 0.0 
1984-11-05 12:00:00, 1984-11-05 15:00:00, 2.156302, 3:00:00, 0.0 
1984-11-29 11:00:00, 1984-11-29 11:00:00, 0.658124, 0:00:00, 0.0 
1984-12-03 22:00:00, 1984-12-03 23:00:00, 0.757731, 1:00:00, 0.0 
1984-12-06 10:00:00, 1984-12-06 16:00:00, 6.024750, 6:00:00, 0.0 
1984-12-22 13:00:00, 1984-12-22 13:00:00, 0.674057, 0:00:00, 0.0 
1985-01-05 09:00:00, 1985-01-05 14:00:00, 3.036731, 5:00:00, 0.0 
1985-01-15 06:00:00, 1985-01-15 12:00:00, 4.126325, 6:00:00, 0.0 
1985-01-17 22:00:00, 1985-01-18 00:00:00, 1.275269, 2:00:00, 0.0 
1985-01-19 10:00:00, 1985-01-19 16:00:00, 2.423255, 6:00:00, 0.0 
1985-02-06 14:00:00, 1985-02-07 02:00:00, 3.044456, 12:00:00, 0.0 
1985-02-12 18:00:00, 1985-02-13 22:00:00, 20.418659, 1 day, 4:00:00, 0.0 
1985-03-12 17:00:00, 1985-03-12 19:00:00, 0.576469, 2:00:00, 0.0 
1985-04-01 07:00:00, 1985-04-01 11:00:00, 2.869671, 4:00:00, 0.0 
1985-05-18 11:00:00, 1985-05-18 15:00:00, 2.456113, 4:00:00, 0.0 
1985-06-27 18:00:00, 1985-06-27 18:00:00, 0.547344, 0:00:00, 0.0 
1985-09-27 13:00:00, 1985-09-27 21:00:00, 12.328579, 8:00:00, 0.0 
1985-10-05 18:00:00, 1985-10-05 18:00:00, 0.610925, 0:00:00, 0.0 
1985-11-02 04:00:00, 1985-11-03 07:00:00, 11.610602, 1 day, 3:00:00, 0.0 
1985-11-04 04:00:00, 1985-11-04 08:00:00, 2.501301, 4:00:00, 0.0 
1985-11-04 21:00:00, 1985-11-06 11:00:00, 25.880894, 1 day, 14:00:00, 0.0 
1985-11-17 05:00:00, 1985-11-17 09:00:00, 2.831950, 4:00:00, 0.0 
1985-11-22 21:00:00, 1985-11-23 01:00:00, 2.895520, 4:00:00, 0.0 
1985-11-27 03:00:00, 1985-11-27 03:00:00, 0.572633, 0:00:00, 0.0 
1985-11-28 14:00:00, 1985-11-29 17:00:00, 10.047835, 1 day, 3:00:00, 0.0 
1985-12-01 04:00:00, 1985-12-02 19:00:00, 14.534634, 1 day, 15:00:00, 0.0 
1985-12-06 23:00:00, 1985-12-06 23:00:00, 0.531657, 0:00:00, 0.0 
1986-01-27 04:00:00, 1986-01-27 17:00:00, 3.522656, 13:00:00, 0.0 
1986-02-19 08:00:00, 1986-02-19 09:00:00, 0.558810, 1:00:00, 0.0 
1986-02-19 22:00:00, 1986-02-20 10:00:00, 4.054004, 12:00:00, 0.0 
1986-02-23 13:00:00, 1986-02-23 15:00:00, 1.159734, 2:00:00, 0.0 
1986-03-15 07:00:00, 1986-03-15 07:00:00, 0.570787, 0:00:00, 0.0 
1986-04-08 23:00:00, 1986-04-10 04:00:00, 6.827317, 1 day, 5:00:00, 0.0 
1986-04-18 11:00:00, 1986-04-18 12:00:00, 0.586819, 1:00:00, 0.0 
1986-04-19 06:00:00, 1986-04-20 01:00:00, 8.436076, 19:00:00, 0.0 
1986-05-12 02:00:00, 1986-05-13 08:00:00, 18.832228, 1 day, 6:00:00, 0.0 
1986-11-06 15:00:00, 1986-11-06 15:00:00, 0.623077, 0:00:00, 0.0 
1986-11-19 06:00:00, 1986-11-19 10:00:00, 3.319703, 4:00:00, 0.0 
1986-11-20 02:00:00, 1986-11-21 14:00:00, 14.089685, 1 day, 12:00:00, 0.0 
1986-12-03 02:00:00, 1986-12-03 16:00:00, 7.945699, 14:00:00, 0.0 
1986-12-09 19:00:00, 1986-12-09 23:00:00, 2.850045, 4:00:00, 0.0 
1986-12-19 01:00:00, 1986-12-19 15:00:00, 11.257945, 14:00:00, 0.0 
1986-12-20 13:00:00, 1986-12-20 18:00:00, 3.517828, 5:00:00, 0.0 
1986-12-25 06:00:00, 1986-12-25 14:00:00, 8.180218, 8:00:00, 0.0 
1987-01-01 02:00:00, 1987-01-01 14:00:00, 1.292686, 12:00:00, 0.0 
1987-01-02 05:00:00, 1987-01-02 19:00:00, 13.994543, 14:00:00, 0.0 
1987-01-10 23:00:00, 1987-01-11 13:00:00, 3.332301, 14:00:00, 0.0 
1987-01-20 02:00:00, 1987-01-20 17:00:00, 3.924422, 15:00:00, 0.0 
1987-01-22 18:00:00, 1987-01-23 09:00:00, 26.150344, 15:00:00, 0.0 
1987-01-26 22:00:00, 1987-01-27 13:00:00, 5.932021, 15:00:00, 0.0 
1987-01-31 01:00:00, 1987-01-31 15:00:00, 2.885106, 14:00:00, 0.0 
1987-02-09 11:00:00, 1987-02-10 00:00:00, 4.806830, 13:00:00, 0.0 
1987-03-02 01:00:00, 1987-03-02 04:00:00, 1.988651, 3:00:00, 0.0 
1987-03-10 12:00:00, 1987-03-10 13:00:00, 0.602813, 1:00:00, 0.0 
1987-03-14 23:00:00, 1987-03-15 04:00:00, 2.473428, 5:00:00, 0.0 
1987-03-23 07:00:00, 1987-03-23 11:00:00, 2.395554, 4:00:00, 0.0 
1987-04-14 12:00:00, 1987-04-14 14:00:00, 0.604020, 2:00:00, 0.0 
1987-04-28 14:00:00, 1987-04-28 23:00:00, 1.185242, 9:00:00, 0.0 
1987-09-18 20:00:00, 1987-09-19 13:00:00, 5.371117, 17:00:00, 0.0 
1987-10-28 06:00:00, 1987-10-28 09:00:00, 2.140192, 3:00:00, 0.0 
1987-11-11 03:00:00, 1987-11-12 09:00:00, 18.192774, 1 day, 6:00:00, 0.0 
1987-12-05 13:00:00, 1987-12-05 15:00:00, 1.344077, 2:00:00, 0.0 
1987-12-11 16:00:00, 1987-12-11 16:00:00, 0.577598, 0:00:00, 0.0 
1987-12-12 17:00:00, 1987-12-12 21:00:00, 2.516225, 4:00:00, 0.0 
1987-12-15 23:00:00, 1987-12-16 07:00:00, 8.378855, 8:00:00, 0.0 
1987-12-17 22:00:00, 1987-12-18 15:00:00, 6.581102, 17:00:00, 0.0 
1987-12-29 08:00:00, 1987-12-30 00:00:00, 8.076432, 16:00:00, 0.0 
1988-01-08 18:00:00, 1988-01-09 07:00:00, 5.213534, 13:00:00, 0.0 
1988-01-26 05:00:00, 1988-01-26 10:00:00, 4.290534, 5:00:00, 0.0 
1988-02-12 09:00:00, 1988-02-13 08:00:00, 17.772895, 23:00:00, 0.0 
1988-02-16 14:00:00, 1988-02-16 14:00:00, 0.627111, 0:00:00, 0.0 
1988-02-20 03:00:00, 1988-02-20 14:00:00, 3.308100, 11:00:00, 0.0 
1988-03-15 00:00:00, 1988-03-15 00:00:00, 0.552575, 0:00:00, 0.0 
1988-04-07 04:00:00, 1988-04-09 21:00:00, 19.180318, 2 days, 17:00:00, 0.0 
1988-04-10 23:00:00, 1988-04-12 13:00:00, 10.932857, 1 day, 14:00:00, 0.0 
1988-04-24 10:00:00, 1988-04-24 10:00:00, 0.558781, 0:00:00, 0.0 
1988-10-05 06:00:00, 1988-10-05 09:00:00, 2.213342, 3:00:00, 0.0 
1988-10-08 10:00:00, 1988-10-08 10:00:00, 0.553210, 0:00:00, 0.0 
1988-10-08 22:00:00, 1988-10-09 03:00:00, 2.870361, 5:00:00, 0.0 
1988-10-22 07:00:00, 1988-10-22 15:00:00, 13.483365, 8:00:00, 0.0 
1988-11-01 22:00:00, 1988-11-02 08:00:00, 9.256904, 10:00:00, 0.0 
1988-11-05 21:00:00, 1988-11-06 03:00:00, 4.248742, 6:00:00, 0.0 
1988-11-20 21:00:00, 1988-11-20 21:00:00, 0.517267, 0:00:00, 0.0 
1988-11-28 06:00:00, 1988-11-28 06:00:00, 0.528397, 0:00:00, 0.0 
1988-12-14 03:00:00, 1988-12-14 08:00:00, 4.042533, 5:00:00, 0.0 
1988-12-15 04:00:00, 1988-12-15 09:00:00, 3.278949, 5:00:00, 0.0 
1988-12-18 09:00:00, 1988-12-18 10:00:00, 0.636757, 1:00:00, 0.0 
1989-01-03 23:00:00, 1989-01-04 14:00:00, 4.493489, 15:00:00, 0.0 
1989-01-07 12:00:00, 1989-01-07 15:00:00, 2.045335, 3:00:00, 0.0 
1989-02-24 14:00:00, 1989-02-25 17:00:00, 10.739831, 1 day, 3:00:00, 0.0 
1989-03-25 01:00:00, 1989-03-25 06:00:00, 3.488087, 5:00:00, 0.0 
1989-03-30 18:00:00, 1989-03-30 21:00:00, 1.991585, 3:00:00, 0.0 
1989-04-16 08:00:00, 1989-04-16 14:00:00, 4.882889, 6:00:00, 0.0 
1989-05-11 04:00:00, 1989-05-11 10:00:00, 3.641841, 6:00:00, 0.0 
1989-06-10 06:00:00, 1989-06-10 06:00:00, 0.562052, 0:00:00, 0.0 
1989-07-17 11:00:00, 1989-07-17 14:00:00, 1.967207, 3:00:00, 0.0 
1989-10-19 14:00:00, 1989-10-20 07:00:00, 9.234199, 17:00:00, 0.0 
1989-10-20 22:00:00, 1989-10-20 22:00:00, 0.666862, 0:00:00, 0.0 
1989-11-01 02:00:00, 1989-11-01 06:00:00, 3.167721, 4:00:00, 0.0 
1989-11-03 16:00:00, 1989-11-03 16:00:00, 0.576639, 0:00:00, 0.0 
1989-11-09 07:00:00, 1989-11-10 01:00:00, 5.654222, 18:00:00, 0.0 
1989-11-16 16:00:00, 1989-11-16 20:00:00, 2.666738, 4:00:00, 0.0 
1989-11-23 14:00:00, 1989-11-24 02:00:00, 3.938727, 12:00:00, 0.0 
1989-12-03 03:00:00, 1989-12-03 06:00:00, 2.248219, 3:00:00, 0.0 
1989-12-16 05:00:00, 1989-12-16 07:00:00, 0.750696, 2:00:00, 0.0 
1990-01-30 02:00:00, 1990-01-30 07:00:00, 3.953416, 5:00:00, 0.0 
1990-02-04 20:00:00, 1990-02-04 21:00:00, 0.584126, 1:00:00, 0.0 
1990-02-15 19:00:00, 1990-02-16 05:00:00, 0.552542, 10:00:00, 0.0 
1990-02-24 14:00:00, 1990-02-24 14:00:00, 0.595625, 0:00:00, 0.0 
1990-02-25 12:00:00, 1990-02-25 14:00:00, 1.500772, 2:00:00, 0.0 
1990-04-03 12:00:00, 1990-04-04 12:00:00, 9.910358, 1 day, 0:00:00, 0.0 
1990-05-11 03:00:00, 1990-05-11 04:00:00, 0.652037, 1:00:00, 0.0 
1990-05-30 05:00:00, 1990-05-30 07:00:00, 0.588144, 2:00:00, 0.0 
1990-08-21 02:00:00, 1990-08-21 02:00:00, 0.683760, 0:00:00, 0.0 
1990-10-24 03:00:00, 1990-10-24 10:00:00, 5.170370, 7:00:00, 0.0 
1990-10-26 05:00:00, 1990-10-27 23:00:00, 25.059453, 1 day, 18:00:00, 0.0 
1990-11-06 02:00:00, 1990-11-06 13:00:00, 5.333344, 11:00:00, 0.0 
1990-11-10 17:00:00, 1990-11-11 02:00:00, 13.470968, 9:00:00, 0.0 
1990-11-19 01:00:00, 1990-11-19 18:00:00, 8.493934, 17:00:00, 0.0 
1990-11-24 06:00:00, 1990-11-24 06:00:00, 0.586577, 0:00:00, 0.0 
1990-12-04 01:00:00, 1990-12-04 19:00:00, 11.369470, 18:00:00, 0.0 
1990-12-29 00:00:00, 1990-12-29 00:00:00, 0.536411, 0:00:00, 0.0 
1991-01-12 08:00:00, 1991-01-12 15:00:00, 7.377233, 7:00:00, 0.0 
1991-01-13 09:00:00, 1991-01-13 12:00:00, 2.140972, 3:00:00, 0.0 
1991-01-17 00:00:00, 1991-01-17 03:00:00, 1.759816, 3:00:00, 0.0 
1991-01-21 15:00:00, 1991-01-22 06:00:00, 3.294858, 15:00:00, 0.0 
1991-02-14 11:00:00, 1991-02-15 17:00:00, 13.430570, 1 day, 6:00:00, 0.0 
1991-02-27 10:00:00, 1991-02-27 10:00:00, 0.550547, 0:00:00, 0.0 
1991-03-04 14:00:00, 1991-03-04 18:00:00, 3.074542, 4:00:00, 0.0 
1991-03-12 09:00:00, 1991-03-12 10:00:00, 0.551831, 1:00:00, 0.0 
1991-03-14 11:00:00, 1991-03-16 04:00:00, 18.934173, 1 day, 17:00:00, 0.0 
1991-03-19 01:00:00, 1991-03-19 07:00:00, 5.153099, 6:00:00, 0.0 
1991-03-30 14:00:00, 1991-03-30 14:00:00, 0.587535, 0:00:00, 0.0 
1991-04-21 06:00:00, 1991-04-22 00:00:00, 11.232710, 18:00:00, 0.0 
1991-10-29 04:00:00, 1991-11-02 01:00:00, 108.564455, 3 days, 21:00:00, 0.0 
1991-11-10 04:00:00, 1991-11-10 04:00:00, 0.573627, 0:00:00, 0.0 
1991-11-10 18:00:00, 1991-11-11 16:00:00, 4.387024, 22:00:00, 0.0 
1991-11-24 14:00:00, 1991-11-24 19:00:00, 3.371541, 5:00:00, 0.0 
1991-12-03 09:00:00, 1991-12-04 00:00:00, 9.145808, 15:00:00, 0.0 
1991-12-31 08:00:00, 1991-12-31 11:00:00, 1.884483, 3:00:00, 0.0 
1992-01-04 11:00:00, 1992-01-05 04:00:00, 11.226258, 17:00:00, 0.0 
1992-01-14 18:00:00, 1992-01-14 23:00:00, 4.299584, 5:00:00, 0.0 
1992-01-23 16:00:00, 1992-01-24 05:00:00, 4.836464, 13:00:00, 0.0 
1992-02-01 10:00:00, 1992-02-02 15:00:00, 7.391229, 1 day, 5:00:00, 0.0 
1992-02-07 14:00:00, 1992-02-09 07:00:00, 20.262154, 1 day, 17:00:00, 0.0 
1992-03-11 04:00:00, 1992-03-11 20:00:00, 4.400252, 16:00:00, 0.0 
1992-03-20 00:00:00, 1992-03-20 03:00:00, 2.156772, 3:00:00, 0.0 
1992-03-23 02:00:00, 1992-03-23 08:00:00, 5.560821, 6:00:00, 0.0 
1992-03-27 06:00:00, 1992-03-27 11:00:00, 5.443829, 5:00:00, 0.0 
1992-04-26 07:00:00, 1992-04-26 11:00:00, 1.104919, 4:00:00, 0.0 
1992-06-06 04:00:00, 1992-06-06 05:00:00, 0.615385, 1:00:00, 0.0 
1992-12-11 00:00:00, 1992-12-15 06:00:00, 133.625447, 4 days, 6:00:00, 0.0 
1993-01-14 04:00:00, 1993-01-14 05:00:00, 0.703454, 1:00:00, 0.0 
1993-02-02 20:00:00, 1993-02-03 00:00:00, 3.083084, 4:00:00, 0.0 
1993-02-12 17:00:00, 1993-02-13 11:00:00, 14.665274, 18:00:00, 0.0 
1993-02-16 23:00:00, 1993-02-17 00:00:00, 0.550800, 1:00:00, 0.0 
1993-02-22 03:00:00, 1993-02-22 15:00:00, 3.153196, 12:00:00, 0.0 
1993-02-28 05:00:00, 1993-03-01 20:00:00, 10.460765, 1 day, 15:00:00, 0.0 
1993-03-04 23:00:00, 1993-03-06 14:00:00, 19.282724, 1 day, 15:00:00, 0.0 
1993-03-13 18:00:00, 1993-03-14 10:00:00, 27.109518, 16:00:00, 0.0 
1993-04-23 00:00:00, 1993-04-23 00:00:00, 0.597421, 0:00:00, 0.0 
1993-05-13 05:00:00, 1993-05-13 05:00:00, 0.523724, 0:00:00, 0.0 
1993-10-12 20:00:00, 1993-10-13 01:00:00, 4.817754, 5:00:00, 0.0 
1993-10-27 13:00:00, 1993-10-27 13:00:00, 0.655450, 0:00:00, 0.0 
1993-10-31 01:00:00, 1993-10-31 04:00:00, 2.241187, 3:00:00, 0.0 
1993-11-01 00:00:00, 1993-11-01 06:00:00, 5.330094, 6:00:00, 0.0 
1993-11-28 13:00:00, 1993-11-28 23:00:00, 1.877271, 10:00:00, 0.0 
1993-12-05 06:00:00, 1993-12-05 22:00:00, 6.166208, 16:00:00, 0.0 
1993-12-06 18:00:00, 1993-12-06 22:00:00, 2.004303, 4:00:00, 0.0 
1993-12-13 17:00:00, 1993-12-14 15:00:00, 6.190503, 22:00:00, 0.0 
1993-12-16 02:00:00, 1993-12-17 20:00:00, 28.013774, 1 day, 18:00:00, 0.0 
1993-12-21 11:00:00, 1993-12-21 22:00:00, 10.438929, 11:00:00, 0.0 
1994-01-04 04:00:00, 1994-01-04 22:00:00, 16.283583, 18:00:00, 0.0 
1994-01-14 13:00:00, 1994-01-14 18:00:00, 3.489474, 5:00:00, 0.0 
1994-02-09 10:00:00, 1994-02-10 00:00:00, 3.685673, 14:00:00, 0.0 
1994-02-12 01:00:00, 1994-02-12 04:00:00, 1.174164, 3:00:00, 0.0 
1994-02-23 22:00:00, 1994-02-24 23:00:00, 8.077842, 1 day, 1:00:00, 0.0 
1994-03-03 04:00:00, 1994-03-04 09:00:00, 26.124158, 1 day, 5:00:00, 0.0 
1994-05-08 11:00:00, 1994-05-08 13:00:00, 1.162933, 2:00:00, 0.0 
1994-09-23 06:00:00, 1994-09-23 14:00:00, 1.996887, 8:00:00, 0.0 
1994-10-18 00:00:00, 1994-10-18 02:00:00, 1.189743, 2:00:00, 0.0 
1994-11-02 00:00:00, 1994-11-02 00:00:00, 0.624551, 0:00:00, 0.0 
1994-11-22 02:00:00, 1994-11-22 06:00:00, 3.378427, 4:00:00, 0.0 
1994-11-28 08:00:00, 1994-11-28 13:00:00, 3.901690, 5:00:00, 0.0 
1994-12-11 05:00:00, 1994-12-11 11:00:00, 5.268751, 6:00:00, 0.0 
1994-12-24 02:00:00, 1994-12-25 22:00:00, 39.099125, 1 day, 20:00:00, 0.0 
1995-01-20 14:00:00, 1995-01-21 07:00:00, 7.037991, 17:00:00, 0.0 
1995-02-04 14:00:00, 1995-02-05 05:00:00, 20.000117, 15:00:00, 0.0 
1995-02-21 17:00:00, 1995-02-22 08:00:00, 4.561438, 15:00:00, 0.0 
1995-09-17 18:00:00, 1995-09-17 19:00:00, 0.607027, 1:00:00, 0.0 
1995-10-06 09:00:00, 1995-10-06 10:00:00, 0.694221, 1:00:00, 0.0 
1995-10-07 10:00:00, 1995-10-07 14:00:00, 1.959546, 4:00:00, 0.0 
1995-10-15 05:00:00, 1995-10-15 06:00:00, 0.611068, 1:00:00, 0.0 
1995-10-21 21:00:00, 1995-10-22 01:00:00, 2.967433, 4:00:00, 0.0 
1995-10-28 05:00:00, 1995-10-28 05:00:00, 0.585994, 0:00:00, 0.0 
1995-11-08 02:00:00, 1995-11-08 04:00:00, 0.541496, 2:00:00, 0.0 
1995-11-12 04:00:00, 1995-11-12 09:00:00, 5.337134, 5:00:00, 0.0 
1995-11-14 17:00:00, 1995-11-15 20:00:00, 28.293124, 1 day, 3:00:00, 0.0 
1995-12-10 00:00:00, 1995-12-10 03:00:00, 3.064306, 3:00:00, 0.0 
1995-12-19 22:00:00, 1995-12-21 02:00:00, 17.758322, 1 day, 4:00:00, 0.0 
1996-01-03 10:00:00, 1996-01-04 14:00:00, 11.509270, 1 day, 4:00:00, 0.0 
1996-01-08 01:00:00, 1996-01-08 19:00:00, 27.628908, 18:00:00, 0.0 
1996-01-09 14:00:00, 1996-01-10 06:00:00, 5.144296, 16:00:00, 0.0 
1996-01-11 17:00:00, 1996-01-11 18:00:00, 0.612471, 1:00:00, 0.0 
1996-01-13 04:00:00, 1996-01-13 09:00:00, 3.185780, 5:00:00, 0.0 
1996-01-19 23:00:00, 1996-01-20 02:00:00, 1.826111, 3:00:00, 0.0 
1996-02-17 00:00:00, 1996-02-17 10:00:00, 2.444831, 10:00:00, 0.0 
1996-03-08 02:00:00, 1996-03-08 03:00:00, 0.653469, 1:00:00, 0.0 
1996-03-08 15:00:00, 1996-03-08 16:00:00, 0.676199, 1:00:00, 0.0 
1996-03-20 00:00:00, 1996-03-20 12:00:00, 5.928163, 12:00:00, 0.0 
1996-03-21 00:00:00, 1996-03-21 00:00:00, 0.543776, 0:00:00, 0.0 
1996-04-07 16:00:00, 1996-04-08 08:00:00, 6.401640, 16:00:00, 0.0 
1996-04-10 04:00:00, 1996-04-10 11:00:00, 7.811665, 7:00:00, 0.0 
1996-04-16 11:00:00, 1996-04-17 02:00:00, 8.037744, 15:00:00, 0.0 
1996-09-02 08:00:00, 1996-09-02 08:00:00, 0.571272, 0:00:00, 0.0 
1996-09-17 15:00:00, 1996-09-18 05:00:00, 8.918241, 14:00:00, 0.0 
1996-10-08 23:00:00, 1996-10-09 10:00:00, 13.325169, 11:00:00, 0.0 
1996-10-19 06:00:00, 1996-10-21 12:00:00, 36.348452, 2 days, 6:00:00, 0.0 
1996-10-30 14:00:00, 1996-10-30 20:00:00, 4.658795, 6:00:00, 0.0 
1996-11-18 18:00:00, 1996-11-19 12:00:00, 7.439481, 18:00:00, 0.0 
1996-12-02 05:00:00, 1996-12-02 12:00:00, 1.570300, 7:00:00, 0.0 
1996-12-06 11:00:00, 1996-12-06 20:00:00, 11.652937, 9:00:00, 0.0 
1996-12-07 09:00:00, 1996-12-08 12:00:00, 16.018350, 1 day, 3:00:00, 0.0 
1996-12-09 09:00:00, 1996-12-09 15:00:00, 4.229181, 6:00:00, 0.0 
1996-12-14 14:00:00, 1996-12-14 19:00:00, 3.464719, 5:00:00, 0.0 
1996-12-15 17:00:00, 1996-12-15 20:00:00, 1.169691, 3:00:00, 0.0 
1997-01-05 10:00:00, 1997-01-06 00:00:00, 2.483078, 14:00:00, 0.0 
1997-01-10 11:00:00, 1997-01-10 16:00:00, 6.532697, 5:00:00, 0.0 
1997-01-16 19:00:00, 1997-01-16 20:00:00, 0.609410, 1:00:00, 0.0 
1997-01-25 03:00:00, 1997-01-25 15:00:00, 5.856753, 12:00:00, 0.0 
1997-02-05 12:00:00, 1997-02-05 12:00:00, 0.735964, 0:00:00, 0.0 
1997-02-12 04:00:00, 1997-02-12 05:00:00, 0.631939, 1:00:00, 0.0 
1997-02-14 19:00:00, 1997-02-14 21:00:00, 1.525549, 2:00:00, 0.0 
1997-03-04 08:00:00, 1997-03-04 12:00:00, 2.617712, 4:00:00, 0.0 
1997-03-06 09:00:00, 1997-03-06 14:00:00, 3.547593, 5:00:00, 0.0 
1997-03-15 05:00:00, 1997-03-15 06:00:00, 0.654530, 1:00:00, 0.0 
1997-03-22 14:00:00, 1997-03-22 15:00:00, 0.578298, 1:00:00, 0.0 
1997-03-31 17:00:00, 1997-04-02 10:00:00, 35.962701, 1 day, 17:00:00, 0.0 
1997-04-18 11:00:00, 1997-04-20 11:00:00, 22.990195, 2 days, 0:00:00, 0.0 
1997-04-24 13:00:00, 1997-04-25 06:00:00, 8.027396, 17:00:00, 0.0 
1997-04-28 16:00:00, 1997-04-28 20:00:00, 2.757315, 4:00:00, 0.0 
1997-08-21 13:00:00, 1997-08-21 20:00:00, 5.900791, 7:00:00, 0.0 
1997-09-29 09:00:00, 1997-09-29 10:00:00, 0.666862, 1:00:00, 0.0 
1997-10-20 02:00:00, 1997-10-21 05:00:00, 10.928308, 1 day, 3:00:00, 0.0 
1997-10-27 08:00:00, 1997-10-27 14:00:00, 6.292103, 6:00:00, 0.0 
1997-11-01 23:00:00, 1997-11-02 06:00:00, 9.799724, 7:00:00, 0.0 
1997-11-07 18:00:00, 1997-11-10 00:00:00, 18.871432, 2 days, 6:00:00, 0.0 
1997-11-14 12:00:00, 1997-11-15 13:00:00, 9.915673, 1 day, 1:00:00, 0.0 
1997-12-11 09:00:00, 1997-12-11 09:00:00, 0.585604, 0:00:00, 0.0 
1997-12-23 12:00:00, 1997-12-23 13:00:00, 0.796731, 1:00:00, 0.0 
1997-12-25 13:00:00, 1997-12-25 14:00:00, 0.688800, 1:00:00, 0.0 
1997-12-30 01:00:00, 1997-12-30 12:00:00, 9.413760, 11:00:00, 0.0 
1998-01-16 15:00:00, 1998-01-18 20:00:00, 21.754784, 2 days, 5:00:00, 0.0 
1998-01-20 06:00:00, 1998-01-20 06:00:00, 0.571498, 0:00:00, 0.0 
1998-01-21 19:00:00, 1998-01-21 23:00:00, 2.948111, 4:00:00, 0.0 
1998-01-23 21:00:00, 1998-01-24 01:00:00, 3.205513, 4:00:00, 0.0 
1998-01-28 13:00:00, 1998-01-30 18:00:00, 22.437747, 2 days, 5:00:00, 0.0 
1998-02-05 06:00:00, 1998-02-07 00:00:00, 40.618484, 1 day, 18:00:00, 0.0 
1998-02-09 01:00:00, 1998-02-09 01:00:00, 0.575853, 0:00:00, 0.0 
1998-02-18 04:00:00, 1998-02-19 10:00:00, 10.943238, 1 day, 6:00:00, 0.0 
1998-02-23 23:00:00, 1998-02-25 23:00:00, 32.304278, 2 days, 0:00:00, 0.0 
1998-03-03 05:00:00, 1998-03-03 05:00:00, 0.645513, 0:00:00, 0.0 
1998-03-09 23:00:00, 1998-03-10 01:00:00, 1.234530, 2:00:00, 0.0 
1998-03-21 10:00:00, 1998-03-22 19:00:00, 24.966205, 1 day, 9:00:00, 0.0 
1998-04-10 00:00:00, 1998-04-10 23:00:00, 9.678021, 23:00:00, 0.0 
1998-04-23 20:00:00, 1998-04-24 03:00:00, 9.096045, 7:00:00, 0.0 
1998-05-02 09:00:00, 1998-05-02 10:00:00, 0.613520, 1:00:00, 0.0 
1998-05-11 01:00:00, 1998-05-13 06:00:00, 18.600424, 2 days, 5:00:00, 0.0 
1998-11-26 19:00:00, 1998-11-26 22:00:00, 2.429987, 3:00:00, 0.0 
1998-12-29 22:00:00, 1998-12-30 12:00:00, 4.902398, 14:00:00, 0.0 
1999-01-03 18:00:00, 1999-01-04 01:00:00, 2.650729, 7:00:00, 0.0 
1999-01-15 10:00:00, 1999-01-15 15:00:00, 3.921581, 5:00:00, 0.0 
1999-01-19 01:00:00, 1999-01-19 02:00:00, 0.903583, 1:00:00, 0.0 
1999-02-03 01:00:00, 1999-02-03 06:00:00, 4.834789, 5:00:00, 0.0 
1999-02-06 17:00:00, 1999-02-06 18:00:00, 0.616313, 1:00:00, 0.0 
1999-02-18 03:00:00, 1999-02-18 03:00:00, 0.613232, 0:00:00, 0.0 
1999-02-18 15:00:00, 1999-02-18 15:00:00, 0.682446, 0:00:00, 0.0 
1999-02-20 16:00:00, 1999-02-21 06:00:00, 2.644735, 14:00:00, 0.0 
1999-02-26 08:00:00, 1999-02-26 12:00:00, 2.871367, 4:00:00, 0.0 
1999-02-28 23:00:00, 1999-03-01 11:00:00, 6.567389, 12:00:00, 0.0 
1999-03-15 09:00:00, 1999-03-15 15:00:00, 5.454732, 6:00:00, 0.0 
1999-03-22 15:00:00, 1999-03-22 16:00:00, 0.680388, 1:00:00, 0.0 
1999-04-10 09:00:00, 1999-04-10 10:00:00, 0.578318, 1:00:00, 0.0 
1999-04-16 14:00:00, 1999-04-17 02:00:00, 1.459881, 12:00:00, 0.0 
1999-09-16 20:00:00, 1999-09-17 06:00:00, 9.295075, 10:00:00, 0.0 
1999-09-30 14:00:00, 1999-09-30 15:00:00, 0.662661, 1:00:00, 0.0 
1999-10-22 21:00:00, 1999-10-23 13:00:00, 6.937847, 16:00:00, 0.0 
1999-11-02 22:00:00, 1999-11-03 11:00:00, 3.319505, 13:00:00, 0.0 
1999-12-01 19:00:00, 1999-12-02 13:00:00, 10.291004, 18:00:00, 0.0 
1999-12-14 21:00:00, 1999-12-15 10:00:00, 6.987169, 13:00:00, 0.0 
2000-03-12 04:00:00, 2000-03-12 06:00:00, 1.262783, 2:00:00, 0.0 
2000-03-28 10:00:00, 2000-03-28 19:00:00, 2.244209, 9:00:00, 0.0 
2000-04-18 23:00:00, 2000-04-19 05:00:00, 3.117553, 6:00:00, 0.0 
2000-04-22 01:00:00, 2000-04-23 05:00:00, 10.910608, 1 day, 4:00:00, 0.0 
2000-04-26 05:00:00, 2000-04-27 08:00:00, 10.189540, 1 day, 3:00:00, 0.0 
2000-05-10 19:00:00, 2000-05-11 06:00:00, 3.301668, 11:00:00, 0.0 
2000-06-06 20:00:00, 2000-06-07 06:00:00, 3.688545, 10:00:00, 0.0 
2000-09-26 10:00:00, 2000-09-26 22:00:00, 3.837561, 12:00:00, 0.0 
2000-11-01 16:00:00, 2000-11-02 05:00:00, 2.990051, 13:00:00, 0.0 
2000-11-03 09:00:00, 2000-11-03 09:00:00, 0.547979, 0:00:00, 0.0 
2000-11-10 12:00:00, 2000-11-11 13:00:00, 8.074962, 1 day, 1:00:00, 0.0 
2000-12-12 11:00:00, 2000-12-12 16:00:00, 3.058126, 5:00:00, 0.0 
2000-12-14 14:00:00, 2000-12-14 16:00:00, 1.513911, 2:00:00, 0.0 
2000-12-17 18:00:00, 2000-12-17 23:00:00, 3.400608, 5:00:00, 0.0 
2000-12-30 15:00:00, 2000-12-31 00:00:00, 11.177171, 9:00:00, 0.0 
2001-01-21 09:00:00, 2001-01-21 12:00:00, 2.590839, 3:00:00, 0.0 
2001-02-05 22:00:00, 2001-02-06 01:00:00, 3.278756, 3:00:00, 0.0 
2001-03-05 09:00:00, 2001-03-08 13:00:00, 56.886148, 3 days, 4:00:00, 0.0 
2001-03-10 00:00:00, 2001-03-10 00:00:00, 0.612489, 0:00:00, 0.0 
2001-03-13 15:00:00, 2001-03-13 15:00:00, 0.646156, 0:00:00, 0.0 
2001-03-22 00:00:00, 2001-03-23 03:00:00, 13.093078, 1 day, 3:00:00, 0.0 
2001-03-30 16:00:00, 2001-03-30 18:00:00, 1.874320, 2:00:00, 0.0 
2001-09-30 03:00:00, 2001-10-01 16:00:00, 22.401316, 1 day, 13:00:00, 0.0 
2001-12-18 04:00:00, 2001-12-18 16:00:00, 4.088598, 12:00:00, 0.0 
2002-01-07 05:00:00, 2002-01-07 08:00:00, 1.882729, 3:00:00, 0.0 
2002-02-04 20:00:00, 2002-02-05 06:00:00, 1.145052, 10:00:00, 0.0 
2002-02-05 21:00:00, 2002-02-05 21:00:00, 0.532492, 0:00:00, 0.0 
2002-02-19 05:00:00, 2002-02-19 06:00:00, 0.571536, 1:00:00, 0.0 
2002-03-21 03:00:00, 2002-03-21 04:00:00, 0.534465, 1:00:00, 0.0 
2002-04-22 23:00:00, 2002-04-23 01:00:00, 1.342734, 2:00:00, 0.0 
2002-04-26 00:00:00, 2002-04-26 02:00:00, 1.667715, 2:00:00, 0.0 
2002-05-14 01:00:00, 2002-05-14 03:00:00, 1.368149, 2:00:00, 0.0 
2002-05-18 16:00:00, 2002-05-18 17:00:00, 0.615524, 1:00:00, 0.0 
2002-06-15 15:00:00, 2002-06-15 16:00:00, 0.561383, 1:00:00, 0.0 
2002-10-12 08:00:00, 2002-10-13 09:00:00, 8.635332, 1 day, 1:00:00, 0.0 
2002-10-16 09:00:00, 2002-10-17 02:00:00, 22.206874, 17:00:00, 0.0 
2002-10-26 13:00:00, 2002-10-26 21:00:00, 9.020858, 8:00:00, 0.0 
2002-11-06 11:00:00, 2002-11-06 18:00:00, 8.240630, 7:00:00, 0.0 
2002-11-17 02:00:00, 2002-11-18 03:00:00, 11.591459, 1 day, 1:00:00, 0.0 
2002-11-22 15:00:00, 2002-11-22 15:00:00, 0.725304, 0:00:00, 0.0 
2002-12-12 03:00:00, 2002-12-12 10:00:00, 6.413188, 7:00:00, 0.0 
2002-12-14 07:00:00, 2002-12-14 15:00:00, 8.101480, 8:00:00, 0.0 
2002-12-21 01:00:00, 2002-12-21 03:00:00, 1.339145, 2:00:00, 0.0 
2002-12-25 15:00:00, 2002-12-26 05:00:00, 21.951387, 14:00:00, 0.0 
2003-01-02 10:00:00, 2003-01-02 10:00:00, 0.545261, 0:00:00, 0.0 
2003-01-03 03:00:00, 2003-01-04 18:00:00, 20.782368, 1 day, 15:00:00, 0.0 
2003-02-17 23:00:00, 2003-02-18 04:00:00, 3.946744, 5:00:00, 0.0 
2003-02-23 04:00:00, 2003-02-23 04:00:00, 0.738748, 0:00:00, 0.0 
2003-02-23 18:00:00, 2003-02-23 21:00:00, 1.209962, 3:00:00, 0.0 
2003-04-26 20:00:00, 2003-04-27 02:00:00, 4.775984, 6:00:00, 0.0 
2003-05-12 08:00:00, 2003-05-12 08:00:00, 0.615120, 0:00:00, 0.0 
2003-05-26 20:00:00, 2003-05-26 20:00:00, 0.633261, 0:00:00, 0.0 
2003-06-01 13:00:00, 2003-06-01 15:00:00, 1.335667, 2:00:00, 0.0 
2003-10-15 04:00:00, 2003-10-15 14:00:00, 8.546419, 10:00:00, 0.0 
2003-10-29 13:00:00, 2003-10-29 20:00:00, 3.474621, 7:00:00, 0.0 
2003-11-13 14:00:00, 2003-11-13 14:00:00, 0.621466, 0:00:00, 0.0 
2003-11-20 07:00:00, 2003-11-20 12:00:00, 2.242602, 5:00:00, 0.0 
2003-11-29 04:00:00, 2003-11-29 09:00:00, 3.708522, 5:00:00, 0.0 
2003-12-06 01:00:00, 2003-12-07 16:00:00, 34.096975, 1 day, 15:00:00, 0.0 
2003-12-11 12:00:00, 2003-12-12 01:00:00, 9.859008, 13:00:00, 0.0 
2003-12-15 02:00:00, 2003-12-15 11:00:00, 14.145069, 9:00:00, 0.0 
2003-12-17 18:00:00, 2003-12-18 01:00:00, 7.234341, 7:00:00, 0.0 
2004-03-12 05:00:00, 2004-03-12 09:00:00, 2.512352, 4:00:00, 0.0 
2004-03-17 09:00:00, 2004-03-17 09:00:00, 0.577365, 0:00:00, 0.0 
2004-09-29 13:00:00, 2004-09-29 14:00:00, 0.830878, 1:00:00, 0.0 
2004-10-16 03:00:00, 2004-10-16 05:00:00, 0.665982, 2:00:00, 0.0 
2004-10-23 22:00:00, 2004-10-25 13:00:00, 17.606176, 1 day, 15:00:00, 0.0 
2004-11-05 04:00:00, 2004-11-05 09:00:00, 3.825183, 5:00:00, 0.0 
2004-11-25 23:00:00, 2004-11-25 23:00:00, 0.535127, 0:00:00, 0.0 
2004-12-01 17:00:00, 2004-12-01 19:00:00, 0.832543, 2:00:00, 0.0 
2004-12-08 07:00:00, 2004-12-08 07:00:00, 0.599264, 0:00:00, 0.0 
2004-12-10 12:00:00, 2004-12-11 16:00:00, 10.595733, 1 day, 4:00:00, 0.0 
2004-12-20 06:00:00, 2004-12-20 07:00:00, 0.564328, 1:00:00, 0.0 
2004-12-27 00:00:00, 2004-12-27 18:00:00, 13.285040, 18:00:00, 0.0 
2005-01-23 01:00:00, 2005-01-24 17:00:00, 29.770409, 1 day, 16:00:00, 0.0 
2005-01-27 18:00:00, 2005-01-27 18:00:00, 0.549707, 0:00:00, 0.0 
2005-02-10 15:00:00, 2005-02-10 16:00:00, 0.631968, 1:00:00, 0.0 
2005-03-01 02:00:00, 2005-03-01 16:00:00, 8.620895, 14:00:00, 0.0 
2005-03-08 23:00:00, 2005-03-09 00:00:00, 0.886273, 1:00:00, 0.0 
2005-03-12 14:00:00, 2005-03-12 15:00:00, 0.695891, 1:00:00, 0.0 
2005-03-13 14:00:00, 2005-03-13 16:00:00, 1.326201, 2:00:00, 0.0 
2005-03-24 03:00:00, 2005-03-24 15:00:00, 4.444122, 12:00:00, 0.0 
2005-03-29 03:00:00, 2005-03-29 07:00:00, 3.021645, 4:00:00, 0.0 
2005-04-02 18:00:00, 2005-04-03 23:00:00, 9.261661, 1 day, 5:00:00, 0.0 
2005-04-24 12:00:00, 2005-04-24 14:00:00, 1.324948, 2:00:00, 0.0 
2005-05-07 11:00:00, 2005-05-07 12:00:00, 0.590024, 1:00:00, 0.0 
2005-05-24 05:00:00, 2005-05-24 05:00:00, 0.568675, 0:00:00, 0.0 
2005-05-25 01:00:00, 2005-05-26 14:00:00, 21.915343, 1 day, 13:00:00, 0.0 
2005-05-27 04:00:00, 2005-05-27 04:00:00, 0.671185, 0:00:00, 0.0 
2005-06-17 01:00:00, 2005-06-17 01:00:00, 0.562150, 0:00:00, 0.0 
2005-10-23 03:00:00, 2005-10-23 09:00:00, 6.606780, 6:00:00, 0.0 
2005-10-25 05:00:00, 2005-10-26 11:00:00, 41.216469, 1 day, 6:00:00, 0.0 
2005-11-10 06:00:00, 2005-11-10 07:00:00, 0.614250, 1:00:00, 0.0 
2005-11-22 09:00:00, 2005-11-22 22:00:00, 10.954350, 13:00:00, 0.0 
2005-12-16 11:00:00, 2005-12-16 18:00:00, 8.919578, 7:00:00, 0.0 
2005-12-26 06:00:00, 2005-12-26 10:00:00, 1.272907, 4:00:00, 0.0 
2006-01-03 13:00:00, 2006-01-05 09:00:00, 15.155062, 1 day, 20:00:00, 0.0 
2006-02-12 10:00:00, 2006-02-12 18:00:00, 10.983264, 8:00:00, 0.0 
2006-04-04 09:00:00, 2006-04-04 10:00:00, 0.586877, 1:00:00, 0.0 
2006-09-02 20:00:00, 2006-09-03 01:00:00, 3.455850, 5:00:00, 0.0 
2006-10-12 03:00:00, 2006-10-12 09:00:00, 4.815061, 6:00:00, 0.0 
2006-10-20 22:00:00, 2006-10-20 22:00:00, 0.965410, 0:00:00, 0.0 
2006-10-28 11:00:00, 2006-10-28 23:00:00, 15.225880, 12:00:00, 0.0 
2006-11-14 06:00:00, 2006-11-14 13:00:00, 4.412678, 7:00:00, 0.0 
2006-11-23 15:00:00, 2006-11-24 04:00:00, 3.206257, 13:00:00, 0.0 
2007-01-08 14:00:00, 2007-01-08 16:00:00, 1.279748, 2:00:00, 0.0 
2007-01-29 08:00:00, 2007-01-29 12:00:00, 2.456060, 4:00:00, 0.0 
2007-02-03 00:00:00, 2007-02-03 04:00:00, 1.526558, 4:00:00, 0.0 
2007-02-14 11:00:00, 2007-02-15 01:00:00, 17.688422, 14:00:00, 0.0 
2007-02-23 04:00:00, 2007-02-23 05:00:00, 0.630114, 1:00:00, 0.0 
2007-03-02 11:00:00, 2007-03-02 17:00:00, 4.471260, 6:00:00, 0.0 
2007-03-16 22:00:00, 2007-03-17 15:00:00, 15.213770, 17:00:00, 0.0 
2007-04-05 00:00:00, 2007-04-05 06:00:00, 5.704125, 6:00:00, 0.0 
2007-04-12 19:00:00, 2007-04-13 00:00:00, 4.043187, 5:00:00, 0.0 
2007-04-15 21:00:00, 2007-04-20 04:00:00, 68.890151, 4 days, 7:00:00, 0.0 
2007-06-04 07:00:00, 2007-06-04 20:00:00, 8.578609, 13:00:00, 0.0 
2007-10-09 22:00:00, 2007-10-10 14:00:00, 5.290400, 16:00:00, 0.0 
2007-10-11 02:00:00, 2007-10-11 02:00:00, 0.648348, 0:00:00, 0.0 
2007-10-11 14:00:00, 2007-10-12 17:00:00, 10.415443, 1 day, 3:00:00, 0.0 
2007-10-20 07:00:00, 2007-10-20 07:00:00, 0.553500, 0:00:00, 0.0 
2007-11-03 08:00:00, 2007-11-04 00:00:00, 9.079296, 16:00:00, 0.0 
2007-12-03 09:00:00, 2007-12-03 11:00:00, 1.693231, 2:00:00, 0.0 
2007-12-14 05:00:00, 2007-12-14 06:00:00, 0.731074, 1:00:00, 0.0 
2007-12-16 14:00:00, 2007-12-16 23:00:00, 15.897688, 9:00:00, 0.0 
2007-12-27 06:00:00, 2007-12-27 15:00:00, 1.495800, 9:00:00, 0.0 
2008-01-14 04:00:00, 2008-01-14 09:00:00, 3.756623, 5:00:00, 0.0 
2008-01-18 12:00:00, 2008-01-18 12:00:00, 0.610075, 0:00:00, 0.0 
2008-01-28 03:00:00, 2008-01-29 09:00:00, 9.545949, 1 day, 6:00:00, 0.0 
2008-02-07 15:00:00, 2008-02-07 15:00:00, 0.606060, 0:00:00, 0.0 
2008-02-27 03:00:00, 2008-02-27 06:00:00, 2.411019, 3:00:00, 0.0 
2008-03-15 12:00:00, 2008-03-15 12:00:00, 0.572822, 0:00:00, 0.0 
2008-03-16 06:00:00, 2008-03-16 13:00:00, 5.724396, 7:00:00, 0.0 
2008-03-19 13:00:00, 2008-03-20 13:00:00, 8.578473, 1 day, 0:00:00, 0.0 
2008-04-28 18:00:00, 2008-04-28 20:00:00, 1.187790, 2:00:00, 0.0 
2008-04-29 19:00:00, 2008-04-29 19:00:00, 0.575713, 0:00:00, 0.0 
2008-05-10 02:00:00, 2008-05-10 09:00:00, 4.152796, 7:00:00, 0.0 
2008-05-11 05:00:00, 2008-05-13 22:00:00, 30.106490, 2 days, 17:00:00, 0.0 
2008-09-07 05:00:00, 2008-09-07 06:00:00, 0.680088, 1:00:00, 0.0 
2008-10-19 15:00:00, 2008-10-21 10:00:00, 16.287891, 1 day, 19:00:00, 0.0 
2008-10-23 08:00:00, 2008-10-23 11:00:00, 1.960014, 3:00:00, 0.0 
2008-10-26 09:00:00, 2008-10-26 09:00:00, 0.651333, 0:00:00, 0.0 
2008-10-28 11:00:00, 2008-10-28 23:00:00, 6.312334, 12:00:00, 0.0 
2008-11-06 06:00:00, 2008-11-06 06:00:00, 0.545584, 0:00:00, 0.0 
2008-11-19 21:00:00, 2008-11-19 21:00:00, 0.592329, 0:00:00, 0.0 
2008-12-01 01:00:00, 2008-12-01 07:00:00, 5.359949, 6:00:00, 0.0 
2008-12-12 10:00:00, 2008-12-12 16:00:00, 4.592809, 6:00:00, 0.0 
2008-12-20 05:00:00, 2008-12-22 00:00:00, 22.606480, 1 day, 19:00:00, 0.0 
2008-12-31 14:00:00, 2008-12-31 20:00:00, 6.216600, 6:00:00, 0.0 
2009-01-07 13:00:00, 2009-01-07 13:00:00, 0.577595, 0:00:00, 0.0 
2009-01-11 11:00:00, 2009-01-11 11:00:00, 0.671538, 0:00:00, 0.0 
2009-01-29 01:00:00, 2009-01-29 01:00:00, 0.635268, 0:00:00, 0.0 
2009-02-03 18:00:00, 2009-02-04 11:00:00, 7.504720, 17:00:00, 0.0 
2009-02-19 07:00:00, 2009-02-20 01:00:00, 6.274319, 18:00:00, 0.0 
2009-03-02 08:00:00, 2009-03-02 18:00:00, 2.097927, 10:00:00, 0.0 
2009-04-03 21:00:00, 2009-04-03 23:00:00, 1.267745, 2:00:00, 0.0 
2009-04-06 21:00:00, 2009-04-07 02:00:00, 2.558714, 5:00:00, 0.0 
2009-07-24 05:00:00, 2009-07-24 07:00:00, 2.047363, 2:00:00, 0.0 
2009-10-16 03:00:00, 2009-10-19 00:00:00, 33.167471, 2 days, 21:00:00, 0.0 
2009-10-28 19:00:00, 2009-10-29 14:00:00, 11.967924, 19:00:00, 0.0 
2009-11-03 01:00:00, 2009-11-03 03:00:00, 0.573301, 2:00:00, 0.0 
2009-11-12 23:00:00, 2009-11-14 15:00:00, 19.350240, 1 day, 16:00:00, 0.0 
2009-11-27 07:00:00, 2009-11-27 21:00:00, 6.887421, 14:00:00, 0.0 
2009-12-03 11:00:00, 2009-12-03 13:00:00, 1.535226, 2:00:00, 0.0 
2009-12-09 15:00:00, 2009-12-09 23:00:00, 12.252157, 8:00:00, 0.0 
2009-12-20 01:00:00, 2009-12-20 19:00:00, 17.286355, 18:00:00, 0.0 
2009-12-26 20:00:00, 2009-12-27 14:00:00, 8.364611, 18:00:00, 0.0 
2010-01-02 18:00:00, 2010-01-02 18:00:00, 0.592858, 0:00:00, 0.0 
2010-01-18 03:00:00, 2010-01-18 13:00:00, 4.884465, 10:00:00, 0.0 
2010-01-19 03:00:00, 2010-01-19 18:00:00, 8.047917, 15:00:00, 0.0 
2010-01-25 20:00:00, 2010-01-26 00:00:00, 3.954011, 4:00:00, 0.0 
2010-02-06 20:00:00, 2010-02-06 20:00:00, 0.642674, 0:00:00, 0.0 
2010-02-10 21:00:00, 2010-02-12 03:00:00, 20.322258, 1 day, 6:00:00, 0.0 
2010-02-24 07:00:00, 2010-02-24 13:00:00, 5.527776, 6:00:00, 0.0 
2010-02-25 13:00:00, 2010-02-27 02:00:00, 21.328677, 1 day, 13:00:00, 0.0 
2010-03-02 00:00:00, 2010-03-02 02:00:00, 1.440548, 2:00:00, 0.0 
2010-03-04 01:00:00, 2010-03-04 16:00:00, 6.041061, 15:00:00, 0.0 
2010-03-05 08:00:00, 2010-03-05 18:00:00, 1.191829, 10:00:00, 0.0 
2010-03-13 22:00:00, 2010-03-16 16:00:00, 42.531062, 2 days, 18:00:00, 0.0 
2010-03-30 14:00:00, 2010-03-31 02:00:00, 5.005501, 12:00:00, 0.0 
2010-04-27 11:00:00, 2010-04-27 11:00:00, 0.594924, 0:00:00, 0.0 
2010-09-04 01:00:00, 2010-09-04 01:00:00, 0.661124, 0:00:00, 0.0 
2010-10-04 22:00:00, 2010-10-05 02:00:00, 0.565904, 4:00:00, 0.0 
2010-10-15 05:00:00, 2010-10-15 10:00:00, 4.840860, 5:00:00, 0.0 
2010-11-04 22:00:00, 2010-11-05 00:00:00, 0.670650, 2:00:00, 0.0 
2010-11-05 15:00:00, 2010-11-05 15:00:00, 0.642320, 0:00:00, 0.0 
2010-11-10 17:00:00, 2010-11-12 21:00:00, 34.257166, 2 days, 4:00:00, 0.0 
2010-12-01 22:00:00, 2010-12-02 00:00:00, 1.884909, 2:00:00, 0.0 
2010-12-12 19:00:00, 2010-12-13 05:00:00, 2.337047, 10:00:00, 0.0 
2010-12-21 12:00:00, 2010-12-21 17:00:00, 3.631000, 5:00:00, 0.0 
2010-12-22 14:00:00, 2010-12-22 14:00:00, 0.723736, 0:00:00, 0.0 
2010-12-24 14:00:00, 2010-12-24 16:00:00, 1.392479, 2:00:00, 0.0 
2010-12-26 17:00:00, 2010-12-27 11:00:00, 22.399121, 18:00:00, 0.0 
2011-01-07 15:00:00, 2011-01-09 04:00:00, 8.244353, 1 day, 13:00:00, 0.0 
2011-01-12 07:00:00, 2011-01-12 13:00:00, 8.072737, 6:00:00, 0.0 
2011-01-18 23:00:00, 2011-01-19 02:00:00, 1.984886, 3:00:00, 0.0 
2011-01-21 12:00:00, 2011-01-21 15:00:00, 2.473129, 3:00:00, 0.0 
2011-01-27 05:00:00, 2011-01-27 11:00:00, 5.402555, 6:00:00, 0.0 
2011-02-02 16:00:00, 2011-02-02 16:00:00, 0.585722, 0:00:00, 0.0 
2011-02-06 03:00:00, 2011-02-06 05:00:00, 1.603180, 2:00:00, 0.0 
2011-03-11 05:00:00, 2011-03-11 08:00:00, 1.285156, 3:00:00, 0.0 
2011-03-24 08:00:00, 2011-03-24 08:00:00, 0.691335, 0:00:00, 0.0 
2011-04-01 12:00:00, 2011-04-01 13:00:00, 0.609495, 1:00:00, 0.0 
2011-04-16 23:00:00, 2011-04-17 11:00:00, 5.308799, 12:00:00, 0.0 
2011-05-12 00:00:00, 2011-05-12 11:00:00, 3.925505, 11:00:00, 0.0 
2011-08-28 10:00:00, 2011-08-28 17:00:00, 11.397021, 7:00:00, 0.0 
2011-10-15 01:00:00, 2011-10-15 03:00:00, 1.250065, 2:00:00, 0.0 
2011-10-19 18:00:00, 2011-10-20 10:00:00, 7.863376, 16:00:00, 0.0 
2011-10-29 19:00:00, 2011-10-30 05:00:00, 4.773123, 10:00:00, 0.0 
2011-11-23 10:00:00, 2011-11-23 10:00:00, 0.711713, 0:00:00, 0.0 
2011-11-30 05:00:00, 2011-11-30 05:00:00, 0.653895, 0:00:00, 0.0 
2011-12-08 08:00:00, 2011-12-08 09:00:00, 0.634355, 1:00:00, 0.0 
2011-12-28 02:00:00, 2011-12-28 06:00:00, 4.064924, 4:00:00, 0.0 
2012-01-12 13:00:00, 2012-01-12 19:00:00, 9.399753, 6:00:00, 0.0 
2012-01-13 14:00:00, 2012-01-13 16:00:00, 1.914455, 2:00:00, 0.0 
2012-02-25 03:00:00, 2012-02-25 04:00:00, 0.693539, 1:00:00, 0.0 
2012-03-01 05:00:00, 2012-03-01 11:00:00, 4.430814, 6:00:00, 0.0 
2012-03-02 07:00:00, 2012-03-02 09:00:00, 1.223973, 2:00:00, 0.0 
2012-03-03 07:00:00, 2012-03-03 13:00:00, 5.144787, 6:00:00, 0.0 
2012-04-23 05:00:00, 2012-04-23 14:00:00, 3.262391, 9:00:00, 0.0 
2012-06-02 10:00:00, 2012-06-02 13:00:00, 1.301808, 3:00:00, 0.0 
2012-06-04 23:00:00, 2012-06-05 12:00:00, 6.587066, 13:00:00, 0.0 
2012-10-28 09:00:00, 2012-10-31 18:00:00, 100.905031, 3 days, 9:00:00, 0.0 
2012-11-07 17:00:00, 2012-11-08 12:00:00, 29.563969, 19:00:00, 0.0 
2012-12-17 02:00:00, 2012-12-17 07:00:00, 3.886434, 5:00:00, 0.0 
2012-12-18 03:00:00, 2012-12-19 08:00:00, 12.987761, 1 day, 5:00:00, 0.0 
2012-12-20 10:00:00, 2012-12-21 23:00:00, 27.852879, 1 day, 13:00:00, 0.0 
2012-12-27 01:00:00, 2012-12-27 17:00:00, 29.046704, 16:00:00, 0.0 
2012-12-30 01:00:00, 2012-12-30 04:00:00, 2.408879, 3:00:00, 0.0 
2013-02-08 22:00:00, 2013-02-09 11:00:00, 11.808288, 13:00:00, 0.0 
2013-02-27 12:00:00, 2013-02-28 02:00:00, 10.898146, 14:00:00, 0.0 
2013-03-01 04:00:00, 2013-03-01 04:00:00, 0.660159, 0:00:00, 0.0 
2013-03-02 05:00:00, 2013-03-02 05:00:00, 0.695734, 0:00:00, 0.0 
2013-03-06 12:00:00, 2013-03-10 03:00:00, 80.142750, 3 days, 15:00:00, 0.0 
2013-03-13 00:00:00, 2013-03-13 00:00:00, 0.644240, 0:00:00, 0.0 
2013-03-19 09:00:00, 2013-03-19 18:00:00, 2.105607, 9:00:00, 0.0 
2013-03-25 22:00:00, 2013-03-26 13:00:00, 7.572210, 15:00:00, 0.0 
2013-04-01 05:00:00, 2013-04-01 06:00:00, 0.642154, 1:00:00, 0.0 
2013-04-12 16:00:00, 2013-04-12 18:00:00, 1.437783, 2:00:00, 0.0 
2013-06-14 03:00:00, 2013-06-14 17:00:00, 7.094927, 14:00:00, 0.0 
2013-11-27 09:00:00, 2013-11-27 14:00:00, 4.711109, 5:00:00, 0.0 
2013-12-15 08:00:00, 2013-12-15 14:00:00, 7.741240, 6:00:00, 0.0 
2013-12-30 00:00:00, 2013-12-30 01:00:00, 0.788305, 1:00:00, 0.0 
2014-01-03 00:00:00, 2014-01-04 01:00:00, 15.952140, 1 day, 1:00:00, 0.0 
2014-01-06 15:00:00, 2014-01-06 18:00:00, 2.298136, 3:00:00, 0.0 
2014-01-22 06:00:00, 2014-01-23 06:00:00, 7.252395, 1 day, 0:00:00, 0.0 
2014-02-05 19:00:00, 2014-02-05 19:00:00, 0.647165, 0:00:00, 0.0 
2014-02-13 22:00:00, 2014-02-14 12:00:00, 10.047144, 14:00:00, 0.0 
2014-03-12 22:00:00, 2014-03-13 02:00:00, 2.064519, 4:00:00, 0.0 
2014-04-29 14:00:00, 2014-04-30 05:00:00, 4.113918, 15:00:00, 0.0 
2014-08-13 16:00:00, 2014-08-13 16:00:00, 0.705377, 0:00:00, 0.0 
2014-10-02 10:00:00, 2014-10-05 01:00:00, 15.616738, 2 days, 15:00:00, 0.0 
2014-10-22 23:00:00, 2014-10-24 04:00:00, 14.248210, 1 day, 5:00:00, 0.0 
2014-11-01 08:00:00, 2014-11-02 13:00:00, 18.383256, 1 day, 5:00:00, 0.0 
2014-11-24 14:00:00, 2014-11-24 16:00:00, 1.627265, 2:00:00, 0.0 
2014-11-27 02:00:00, 2014-11-27 06:00:00, 2.809789, 4:00:00, 0.0 
2014-12-03 08:00:00, 2014-12-03 10:00:00, 1.288970, 2:00:00, 0.0 
2014-12-08 13:00:00, 2014-12-08 14:00:00, 0.666791, 1:00:00, 0.0 
2014-12-09 03:00:00, 2014-12-09 04:00:00, 0.794752, 1:00:00, 0.0 
2014-12-25 04:00:00, 2014-12-25 04:00:00, 0.612512, 0:00:00, 0.0 
2015-01-24 18:00:00, 2015-01-24 19:00:00, 0.597824, 1:00:00, 0.0 
2015-01-27 04:00:00, 2015-01-28 11:00:00, 25.469156, 1 day, 7:00:00, 0.0 
2015-02-02 13:00:00, 2015-02-02 16:00:00, 2.281138, 3:00:00, 0.0 
2015-02-09 16:00:00, 2015-02-10 09:00:00, 7.527709, 17:00:00, 0.0 
2015-02-11 04:00:00, 2015-02-12 22:00:00, 17.673790, 1 day, 18:00:00, 0.0 
2015-04-21 01:00:00, 2015-04-21 02:00:00, 0.647319, 1:00:00, 0.0 
2015-06-28 09:00:00, 2015-06-28 13:00:00, 3.165700, 4:00:00, 0.0 
2015-10-03 03:00:00, 2015-10-05 10:00:00, 19.917091, 2 days, 7:00:00, 0.0 
2015-10-29 00:00:00, 2015-10-29 03:00:00, 0.734829, 3:00:00, 0.0 
2015-11-11 02:00:00, 2015-11-11 12:00:00, 3.277109, 10:00:00, 0.0 
2015-11-12 02:00:00, 2015-11-13 05:00:00, 11.966675, 1 day, 3:00:00, 0.0 
2015-12-15 04:00:00, 2015-12-15 06:00:00, 1.360519, 2:00:00, 0.0 
2015-12-17 05:00:00, 2015-12-17 05:00:00, 0.603624, 0:00:00, 0.0 
2015-12-29 14:00:00, 2015-12-29 19:00:00, 5.230549, 5:00:00, 0.0 
2015-12-31 05:00:00, 2015-12-31 06:00:00, 0.607645, 1:00:00, 0.0 
2016-01-09 00:00:00, 2016-01-09 13:00:00, 1.873188, 13:00:00, 0.0 
2016-01-10 12:00:00, 2016-01-11 04:00:00, 11.144092, 16:00:00, 0.0 
2016-01-16 09:00:00, 2016-01-16 09:00:00, 0.590751, 0:00:00, 0.0 
2016-01-23 13:00:00, 2016-01-25 04:00:00, 34.140104, 1 day, 15:00:00, 0.0 
2016-02-08 11:00:00, 2016-02-10 05:00:00, 32.888660, 1 day, 18:00:00, 0.0 
2016-03-05 21:00:00, 2016-03-06 01:00:00, 2.617079, 4:00:00, 0.0 
2016-03-15 04:00:00, 2016-03-15 11:00:00, 7.110428, 7:00:00, 0.0 
2016-04-07 23:00:00, 2016-04-07 23:00:00, 0.643664, 0:00:00, 0.0 
2016-05-05 22:00:00, 2016-05-05 22:00:00, 0.631856, 0:00:00, 0.0 
2016-09-06 02:00:00, 2016-09-06 08:00:00, 5.988125, 6:00:00, 0.0 
2016-09-30 14:00:00, 2016-09-30 14:00:00, 0.679766, 0:00:00, 0.0 
2016-10-01 02:00:00, 2016-10-01 02:00:00, 0.637319, 0:00:00, 0.0 
2016-10-21 21:00:00, 2016-10-22 09:00:00, 4.453020, 12:00:00, 0.0 
2016-11-20 08:00:00, 2016-11-20 09:00:00, 0.688959, 1:00:00, 0.0 
2016-12-01 03:00:00, 2016-12-01 05:00:00, 1.487893, 2:00:00, 0.0 
2016-12-29 23:00:00, 2016-12-29 23:00:00, 1.003894, 0:00:00, 0.0 
2017-01-03 16:00:00, 2017-01-04 07:00:00, 4.370525, 15:00:00, 0.0 
2017-01-23 08:00:00, 2017-01-25 02:00:00, 44.336699, 1 day, 18:00:00, 0.0 
2017-02-09 15:00:00, 2017-02-09 15:00:00, 0.664430, 0:00:00, 0.0 
2017-02-13 00:00:00, 2017-02-13 05:00:00, 4.401101, 5:00:00, 0.0 
2017-02-14 14:00:00, 2017-02-14 19:00:00, 4.167979, 5:00:00, 0.0 
2017-02-15 15:00:00, 2017-02-15 19:00:00, 3.008319, 4:00:00, 0.0 
2017-03-14 14:00:00, 2017-03-15 01:00:00, 18.891392, 11:00:00, 0.0 
2017-05-05 21:00:00, 2017-05-05 23:00:00, 0.668913, 2:00:00, 0.0 
2017-05-14 02:00:00, 2017-05-14 07:00:00, 3.712177, 5:00:00, 0.0 
2017-08-30 22:00:00, 2017-08-30 22:00:00, 0.643425, 0:00:00, 0.0 
2017-09-03 15:00:00, 2017-09-03 15:00:00, 0.579290, 0:00:00, 0.0 
2017-09-20 01:00:00, 2017-09-20 03:00:00, 1.390254, 2:00:00, 0.0 
2017-09-22 05:00:00, 2017-09-22 13:00:00, 1.321763, 8:00:00, 0.0 
2017-10-26 15:00:00, 2017-10-26 18:00:00, 0.619582, 3:00:00, 0.0 
2017-10-29 20:00:00, 2017-10-30 13:00:00, 24.089300, 17:00:00, 0.0 
2017-11-08 14:00:00, 2017-11-08 20:00:00, 2.581545, 6:00:00, 0.0 
2017-11-16 13:00:00, 2017-11-16 15:00:00, 1.248536, 2:00:00, 0.0 
2017-11-19 15:00:00, 2017-11-19 16:00:00, 0.795285, 1:00:00, 0.0 
2017-12-10 05:00:00, 2017-12-10 06:00:00, 0.700934, 1:00:00, 0.0 
2017-12-12 21:00:00, 2017-12-12 23:00:00, 1.402250, 2:00:00, 0.0 
2018-01-04 13:00:00, 2018-01-04 20:00:00, 10.546793, 7:00:00, 0.0 
2018-01-23 19:00:00, 2018-01-23 19:00:00, 0.590767, 0:00:00, 0.0 
2018-01-30 10:00:00, 2018-01-31 01:00:00, 7.595272, 15:00:00, 0.0 
2018-03-02 11:00:00, 2018-03-08 18:00:00, 149.370467, 6 days, 7:00:00, 0.0 
2018-03-09 06:00:00, 2018-03-09 09:00:00, 1.214206, 3:00:00, 0.0 
2018-03-13 08:00:00, 2018-03-13 22:00:00, 11.324799, 14:00:00, 0.0 
2018-03-21 14:00:00, 2018-03-23 05:00:00, 17.500689, 1 day, 15:00:00, 0.0 
2018-04-16 05:00:00, 2018-04-17 01:00:00, 6.075352, 20:00:00, 0.0 
2018-06-04 16:00:00, 2018-06-04 16:00:00, 0.559004, 0:00:00, 0.0 
2018-09-10 14:00:00, 2018-09-11 03:00:00, 1.306392, 13:00:00, 0.0 
2018-09-20 02:00:00, 2018-09-20 02:00:00, 0.578733, 0:00:00, 0.0 
2018-10-12 05:00:00, 2018-10-12 15:00:00, 2.186675, 10:00:00, 0.0 
2018-10-27 12:00:00, 2018-10-28 04:00:00, 16.051039, 16:00:00, 0.0 
2018-11-10 03:00:00, 2018-11-10 05:00:00, 1.688876, 2:00:00, 0.0 
2018-11-13 17:00:00, 2018-11-13 18:00:00, 0.621317, 1:00:00, 0.0 
2018-11-16 06:00:00, 2018-11-16 16:00:00, 19.166275, 10:00:00, 0.0 
2018-11-25 12:00:00, 2018-11-25 14:00:00, 1.395511, 2:00:00, 0.0 
2018-11-26 15:00:00, 2018-11-27 09:00:00, 16.457425, 18:00:00, 0.0 
2018-12-02 23:00:00, 2018-12-02 23:00:00, 0.598794, 0:00:00, 0.0 
2018-12-16 18:00:00, 2018-12-17 07:00:00, 6.492906, 13:00:00, 0.0 
2018-12-21 13:00:00, 2018-12-21 15:00:00, 0.676958, 2:00:00, 0.0 
2018-12-22 10:00:00, 2018-12-22 15:00:00, 1.476350, 5:00:00, 0.0 
2019-01-01 07:00:00, 2019-01-01 11:00:00, 3.006622, 4:00:00, 0.0 
2019-01-20 10:00:00, 2019-01-20 16:00:00, 5.568972, 6:00:00, 0.0 
2019-02-13 05:00:00, 2019-02-13 10:00:00, 3.121567, 5:00:00, 0.0 
2019-02-24 15:00:00, 2019-02-24 20:00:00, 4.419604, 5:00:00, 0.0 
2019-03-04 10:00:00, 2019-03-04 14:00:00, 2.942169, 4:00:00, 0.0 
2019-03-10 16:00:00, 2019-03-10 19:00:00, 2.179414, 3:00:00, 0.0 
2019-03-22 12:00:00, 2019-03-22 17:00:00, 4.064046, 5:00:00, 0.0 
2019-04-26 18:00:00, 2019-04-27 09:00:00, 4.577691, 15:00:00, 0.0 
2019-05-13 21:00:00, 2019-05-14 01:00:00, 2.114439, 4:00:00, 0.0 
2019-09-07 00:00:00, 2019-09-07 23:00:00, 6.272653, 23:00:00, 0.0 
2019-10-10 03:00:00, 2019-10-12 16:00:00, 50.105374, 2 days, 13:00:00, 0.0 
2019-10-17 01:00:00, 2019-10-17 08:00:00, 11.181366, 7:00:00, 0.0 
2019-10-27 22:00:00, 2019-10-28 00:00:00, 1.541840, 2:00:00, 0.0 
2019-11-01 08:00:00, 2019-11-01 08:00:00, 0.803479, 0:00:00, 0.0 
2019-12-02 02:00:00, 2019-12-03 22:00:00, 46.415185, 1 day, 20:00:00, 0.0 
2019-12-14 15:00:00, 2019-12-15 04:00:00, 1.966663, 13:00:00, 0.0 
2019-12-30 14:00:00, 2019-12-31 19:00:00, 28.790140, 1 day, 5:00:00, 0.0 
2020-01-26 00:00:00, 2020-01-26 04:00:00, 2.934653, 4:00:00, 0.0 
2020-02-02 06:00:00, 2020-02-02 07:00:00, 0.629946, 1:00:00, 0.0 
2020-02-06 14:00:00, 2020-02-06 14:00:00, 0.632192, 0:00:00, 0.0 
2020-02-07 09:00:00, 2020-02-07 16:00:00, 4.997218, 7:00:00, 0.0 
2020-02-27 13:00:00, 2020-02-27 15:00:00, 2.016048, 2:00:00, 0.0 
2020-03-06 23:00:00, 2020-03-08 02:00:00, 13.556642, 1 day, 3:00:00, 0.0 
2020-03-23 23:00:00, 2020-03-24 03:00:00, 3.129854, 4:00:00, 0.0 
2020-03-27 02:00:00, 2020-03-27 06:00:00, 1.896329, 4:00:00, 0.0 
2020-03-30 04:00:00, 2020-03-30 04:00:00, 0.648655, 0:00:00, 0.0 
2020-03-31 06:00:00, 2020-03-31 06:00:00, 0.607045, 0:00:00, 0.0 
2020-04-01 19:00:00, 2020-04-01 19:00:00, 0.590824, 0:00:00, 0.0 
2020-04-02 07:00:00, 2020-04-05 02:00:00, 43.012762, 2 days, 19:00:00, 0.0 
2020-04-08 14:00:00, 2020-04-08 14:00:00, 0.692852, 0:00:00, 0.0 
2020-04-10 00:00:00, 2020-04-10 00:00:00, 0.599482, 0:00:00, 0.0 
2020-08-17 03:00:00, 2020-08-17 03:00:00, 0.619752, 0:00:00, 0.0 
2020-09-22 22:00:00, 2020-09-23 10:00:00, 5.984270, 12:00:00, 0.0 
2020-10-13 13:00:00, 2020-10-13 13:00:00, 0.630099, 0:00:00, 0.0 
2020-10-30 00:00:00, 2020-10-30 16:00:00, 7.009052, 16:00:00, 0.0 
2020-11-16 03:00:00, 2020-11-16 04:00:00, 0.957667, 1:00:00, 0.0 
2020-11-30 23:00:00, 2020-12-01 04:00:00, 4.729240, 5:00:00, 0.0 
2020-12-05 17:00:00, 2020-12-05 18:00:00, 0.709422, 1:00:00, 0.0 
2020-12-17 05:00:00, 2020-12-17 18:00:00, 18.478722, 13:00:00, 0.0 
2020-12-25 10:00:00, 2020-12-25 13:00:00, 2.007827, 3:00:00, 0.0 
2021-01-04 03:00:00, 2021-01-06 22:00:00, 22.820224, 2 days, 19:00:00, 0.0 
2021-01-16 04:00:00, 2021-01-16 19:00:00, 10.012499, 15:00:00, 0.0 
2021-01-30 13:00:00, 2021-01-30 18:00:00, 2.858875, 5:00:00, 0.0 
2021-02-01 14:00:00, 2021-02-03 20:00:00, 54.644332, 2 days, 6:00:00, 0.0 
2021-02-16 15:00:00, 2021-02-16 16:00:00, 0.782628, 1:00:00, 0.0 
2021-02-19 19:00:00, 2021-02-19 19:00:00, 0.615060, 0:00:00, 0.0 
2021-03-28 23:00:00, 2021-03-28 23:00:00, 0.631350, 0:00:00, 0.0 
2021-04-16 01:00:00, 2021-04-16 07:00:00, 4.784296, 6:00:00, 0.0 
2021-07-09 15:00:00, 2021-07-09 17:00:00, 1.468381, 2:00:00, 0.0 
2021-08-22 11:00:00, 2021-08-22 17:00:00, 6.359228, 6:00:00, 0.0 
2021-09-02 07:00:00, 2021-09-02 08:00:00, 0.725232, 1:00:00, 0.0 
2021-10-26 14:00:00, 2021-10-31 13:00:00, 96.532725, 4 days, 23:00:00, 0.0 
2021-11-12 18:00:00, 2021-11-12 19:00:00, 0.914800, 1:00:00, 0.0 
2021-11-13 22:00:00, 2021-11-13 23:00:00, 0.961602, 1:00:00, 0.0 
2021-12-22 14:00:00, 2021-12-22 15:00:00, 0.697620, 1:00:00, 0.0 
2021-12-28 10:00:00, 2021-12-28 10:00:00, 0.612434, 0:00:00, 0.0 
2022-01-02 10:00:00, 2022-01-02 16:00:00, 4.346947, 6:00:00, 0.0 
2022-01-15 10:00:00, 2022-01-15 15:00:00, 2.744432, 5:00:00, 0.0 
2022-01-17 09:00:00, 2022-01-17 17:00:00, 14.480091, 8:00:00, 0.0 
2022-01-29 11:00:00, 2022-01-30 02:00:00, 9.141820, 15:00:00, 0.0 
2022-03-24 17:00:00, 2022-03-24 19:00:00, 0.592365, 2:00:00, 0.0 
2022-04-08 04:00:00, 2022-04-08 11:00:00, 6.796100, 7:00:00, 0.0 
2022-04-19 07:00:00, 2022-04-19 14:00:00, 5.948250, 7:00:00, 0.0 
2022-05-07 17:00:00, 2022-05-10 11:00:00, 21.599123, 2 days, 18:00:00, 0.0 
2022-10-02 22:00:00, 2022-10-04 11:00:00, 14.393586, 1 day, 13:00:00, 0.0 
2022-11-12 04:00:00, 2022-11-12 06:00:00, 1.185887, 2:00:00, 0.0 
2022-11-16 09:00:00, 2022-11-16 17:00:00, 6.755371, 8:00:00, 0.0 
2022-11-28 03:00:00, 2022-11-28 05:00:00, 1.975030, 2:00:00, 0.0 
2022-11-30 22:00:00, 2022-11-30 22:00:00, 0.604493, 0:00:00, 0.0 
2022-12-10 12:00:00, 2022-12-10 18:00:00, 4.734462, 6:00:00, 0.0 
2022-12-12 04:00:00, 2022-12-12 04:00:00, 0.591818, 0:00:00, 0.0 
2022-12-15 16:00:00, 2022-12-17 07:00:00, 43.235086, 1 day, 15:00:00, 0.0 
2022-12-23 01:00:00, 2022-12-23 18:00:00, 17.816282, 17:00:00, 0.0 
