1932-11-01 17:00:00, 1932-11-01 17:00:00, 1.393074, 0:00:00, 0.0 
1932-11-08 23:00:00, 1932-11-10 22:00:00, 72.604891, 1 day, 23:00:00, 0.0 
1932-11-19 14:00:00, 1932-11-19 18:00:00, 4.638242, 4:00:00, 0.0 
1932-11-30 15:00:00, 1932-11-30 16:00:00, 0.966250, 1:00:00, 0.0 
1932-12-11 23:00:00, 1932-12-12 01:00:00, 2.085913, 2:00:00, 0.0 
1932-12-12 13:00:00, 1932-12-12 13:00:00, 0.878952, 0:00:00, 0.0 
1933-01-25 23:00:00, 1933-01-29 17:00:00, 72.488063, 3 days, 18:00:00, 0.0 
1933-01-31 06:00:00, 1933-01-31 06:00:00, 0.737672, 0:00:00, 0.0 
1933-03-20 19:00:00, 1933-03-21 11:00:00, 7.802552, 16:00:00, 0.0 
1933-03-26 23:00:00, 1933-03-26 23:00:00, 0.753400, 0:00:00, 0.0 
1933-04-12 14:00:00, 1933-04-12 15:00:00, 0.814388, 1:00:00, 0.0 
1933-04-19 21:00:00, 1933-04-20 11:00:00, 6.262307, 14:00:00, 0.0 
1933-07-05 09:00:00, 1933-07-05 11:00:00, 1.630087, 2:00:00, 0.0 
1933-08-23 15:00:00, 1933-08-24 04:00:00, 6.696385, 13:00:00, 0.0 
1933-09-15 10:00:00, 1933-09-16 12:00:00, 9.201771, 1 day, 2:00:00, 0.0 
1933-09-17 00:00:00, 1933-09-17 00:00:00, 0.810504, 0:00:00, 0.0 
1933-09-17 12:00:00, 1933-09-18 00:00:00, 3.506457, 12:00:00, 0.0 
1933-12-05 01:00:00, 1933-12-05 16:00:00, 5.387408, 15:00:00, 0.0 
1933-12-26 22:00:00, 1933-12-26 22:00:00, 0.960250, 0:00:00, 0.0 
1934-01-13 22:00:00, 1934-01-13 23:00:00, 0.917071, 1:00:00, 0.0 
1934-04-01 02:00:00, 1934-04-01 03:00:00, 0.988271, 1:00:00, 0.0 
1934-04-11 21:00:00, 1934-04-12 13:00:00, 6.725566, 16:00:00, 0.0 
1934-06-19 15:00:00, 1934-06-19 17:00:00, 1.974504, 2:00:00, 0.0 
1934-08-13 03:00:00, 1934-08-13 04:00:00, 0.900434, 1:00:00, 0.0 
1934-09-08 22:00:00, 1934-09-09 02:00:00, 4.621927, 4:00:00, 0.0 
1934-10-06 13:00:00, 1934-10-06 13:00:00, 0.724655, 0:00:00, 0.0 
1934-10-24 14:00:00, 1934-10-24 16:00:00, 1.826421, 2:00:00, 0.0 
1934-10-26 16:00:00, 1934-10-26 16:00:00, 0.819494, 0:00:00, 0.0 
1934-11-27 06:00:00, 1934-11-27 06:00:00, 0.862065, 0:00:00, 0.0 
1934-12-19 22:00:00, 1934-12-20 01:00:00, 1.668404, 3:00:00, 0.0 
1934-12-26 15:00:00, 1934-12-26 17:00:00, 1.890105, 2:00:00, 0.0 
1935-01-01 10:00:00, 1935-01-01 11:00:00, 1.075892, 1:00:00, 0.0 
1935-01-17 13:00:00, 1935-01-17 13:00:00, 0.802596, 0:00:00, 0.0 
1935-01-24 02:00:00, 1935-01-24 04:00:00, 2.286762, 2:00:00, 0.0 
1935-04-08 16:00:00, 1935-04-10 07:00:00, 20.881813, 1 day, 15:00:00, 0.0 
1935-04-11 07:00:00, 1935-04-11 21:00:00, 3.366110, 14:00:00, 0.0 
1935-04-12 09:00:00, 1935-04-12 09:00:00, 0.723208, 0:00:00, 0.0 
1935-11-16 06:00:00, 1935-11-16 06:00:00, 0.755880, 0:00:00, 0.0 
1935-11-16 18:00:00, 1935-11-18 09:00:00, 60.771198, 1 day, 15:00:00, 0.0 
1935-11-25 00:00:00, 1935-11-25 00:00:00, 0.788057, 0:00:00, 0.0 
1935-11-25 13:00:00, 1935-11-25 14:00:00, 1.006621, 1:00:00, 0.0 
1935-12-14 02:00:00, 1935-12-14 15:00:00, 4.362027, 13:00:00, 0.0 
1935-12-16 04:00:00, 1935-12-16 06:00:00, 1.733398, 2:00:00, 0.0 
1935-12-30 05:00:00, 1935-12-30 18:00:00, 2.616224, 13:00:00, 0.0 
1936-01-03 06:00:00, 1936-01-03 06:00:00, 0.811418, 0:00:00, 0.0 
1936-01-10 02:00:00, 1936-01-10 03:00:00, 0.769925, 1:00:00, 0.0 
1936-01-19 19:00:00, 1936-01-20 08:00:00, 11.592870, 13:00:00, 0.0 
1936-03-12 14:00:00, 1936-03-12 16:00:00, 1.590352, 2:00:00, 0.0 
1936-03-18 06:00:00, 1936-03-19 09:00:00, 6.407444, 1 day, 3:00:00, 0.0 
1936-03-21 09:00:00, 1936-03-21 23:00:00, 3.395082, 14:00:00, 0.0 
1936-04-02 23:00:00, 1936-04-02 23:00:00, 0.796053, 0:00:00, 0.0 
1936-09-18 13:00:00, 1936-09-19 05:00:00, 15.684433, 16:00:00, 0.0 
1936-10-01 01:00:00, 1936-10-01 02:00:00, 1.000506, 1:00:00, 0.0 
1936-10-17 12:00:00, 1936-10-17 16:00:00, 4.658489, 4:00:00, 0.0 
1936-12-02 17:00:00, 1936-12-03 05:00:00, 1.749403, 12:00:00, 0.0 
1936-12-20 03:00:00, 1936-12-20 07:00:00, 6.630003, 4:00:00, 0.0 
1937-01-03 04:00:00, 1937-01-03 04:00:00, 0.743699, 0:00:00, 0.0 
1937-01-18 04:00:00, 1937-01-18 04:00:00, 0.829664, 0:00:00, 0.0 
1937-02-04 06:00:00, 1937-02-04 08:00:00, 1.560442, 2:00:00, 0.0 
1937-02-06 07:00:00, 1937-02-06 11:00:00, 5.236288, 4:00:00, 0.0 
1937-02-17 03:00:00, 1937-02-18 08:00:00, 9.285692, 1 day, 5:00:00, 0.0 
1937-02-22 08:00:00, 1937-02-22 09:00:00, 1.506560, 1:00:00, 0.0 
1937-04-22 08:00:00, 1937-04-22 12:00:00, 3.684610, 4:00:00, 0.0 
1937-04-24 13:00:00, 1937-04-24 13:00:00, 0.813237, 0:00:00, 0.0 
1937-04-27 02:00:00, 1937-04-27 12:00:00, 3.569573, 10:00:00, 0.0 
1937-09-06 03:00:00, 1937-09-06 03:00:00, 0.815442, 0:00:00, 0.0 
1937-10-20 15:00:00, 1937-10-20 15:00:00, 0.757681, 0:00:00, 0.0 
1937-10-23 14:00:00, 1937-10-23 17:00:00, 3.268228, 3:00:00, 0.0 
1937-10-28 09:00:00, 1937-10-28 10:00:00, 1.023110, 1:00:00, 0.0 
1937-11-13 07:00:00, 1937-11-13 23:00:00, 7.278533, 16:00:00, 0.0 
1937-12-04 00:00:00, 1937-12-06 03:00:00, 16.497812, 2 days, 3:00:00, 0.0 
1937-12-06 15:00:00, 1937-12-07 02:00:00, 1.642627, 11:00:00, 0.0 
1938-01-01 14:00:00, 1938-01-01 14:00:00, 0.915588, 0:00:00, 0.0 
1938-01-14 22:00:00, 1938-01-14 23:00:00, 0.826007, 1:00:00, 0.0 
1938-01-18 00:00:00, 1938-01-18 00:00:00, 0.849370, 0:00:00, 0.0 
1938-01-25 07:00:00, 1938-01-25 10:00:00, 2.834569, 3:00:00, 0.0 
1938-02-20 03:00:00, 1938-02-21 07:00:00, 18.354031, 1 day, 4:00:00, 0.0 
1938-03-18 14:00:00, 1938-03-18 15:00:00, 0.935508, 1:00:00, 0.0 
1938-05-15 03:00:00, 1938-05-15 03:00:00, 0.984744, 0:00:00, 0.0 
1938-09-21 20:00:00, 1938-09-21 21:00:00, 2.412487, 1:00:00, 0.0 
1938-09-30 15:00:00, 1938-09-30 19:00:00, 4.692971, 4:00:00, 0.0 
1938-10-04 09:00:00, 1938-10-04 09:00:00, 0.769347, 0:00:00, 0.0 
1938-10-28 14:00:00, 1938-10-29 04:00:00, 4.981218, 14:00:00, 0.0 
1938-10-30 05:00:00, 1938-10-30 06:00:00, 0.829059, 1:00:00, 0.0 
1938-10-31 05:00:00, 1938-10-31 20:00:00, 8.703326, 15:00:00, 0.0 
1938-11-25 01:00:00, 1938-11-25 04:00:00, 1.666530, 3:00:00, 0.0 
1938-11-27 14:00:00, 1938-11-27 17:00:00, 1.637856, 3:00:00, 0.0 
1938-12-20 13:00:00, 1938-12-21 01:00:00, 3.420227, 12:00:00, 0.0 
1938-12-21 14:00:00, 1938-12-21 14:00:00, 0.773737, 0:00:00, 0.0 
1938-12-27 03:00:00, 1938-12-27 16:00:00, 5.724200, 13:00:00, 0.0 
1939-01-18 23:00:00, 1939-01-19 01:00:00, 2.053482, 2:00:00, 0.0 
1939-01-19 13:00:00, 1939-01-19 23:00:00, 1.663338, 10:00:00, 0.0 
1939-01-30 19:00:00, 1939-01-31 08:00:00, 6.728671, 13:00:00, 0.0 
1939-02-22 02:00:00, 1939-02-22 02:00:00, 0.856655, 0:00:00, 0.0 
1939-03-12 06:00:00, 1939-03-13 09:00:00, 14.633290, 1 day, 3:00:00, 0.0 
1939-05-04 01:00:00, 1939-05-04 03:00:00, 2.603103, 2:00:00, 0.0 
1939-08-29 14:00:00, 1939-08-30 15:00:00, 9.366352, 1 day, 1:00:00, 0.0 
1939-09-01 02:00:00, 1939-09-01 03:00:00, 0.843024, 1:00:00, 0.0 
1939-11-26 00:00:00, 1939-11-26 01:00:00, 0.963605, 1:00:00, 0.0 
1939-11-26 13:00:00, 1939-11-26 14:00:00, 1.435708, 1:00:00, 0.0 
1940-01-14 15:00:00, 1940-01-15 06:00:00, 8.548047, 15:00:00, 0.0 
1940-01-25 01:00:00, 1940-01-25 01:00:00, 0.900391, 0:00:00, 0.0 
1940-02-07 01:00:00, 1940-02-07 01:00:00, 0.797938, 0:00:00, 0.0 
1940-02-14 14:00:00, 1940-02-14 20:00:00, 12.807774, 6:00:00, 0.0 
1940-02-19 20:00:00, 1940-02-20 12:00:00, 11.132914, 16:00:00, 0.0 
1940-03-04 08:00:00, 1940-03-05 12:00:00, 13.577148, 1 day, 4:00:00, 0.0 
1940-03-15 06:00:00, 1940-03-15 06:00:00, 0.750596, 0:00:00, 0.0 
1940-04-20 21:00:00, 1940-04-21 13:00:00, 6.272860, 16:00:00, 0.0 
1940-04-22 13:00:00, 1940-04-22 14:00:00, 1.011567, 1:00:00, 0.0 
1940-05-24 03:00:00, 1940-05-24 04:00:00, 0.984749, 1:00:00, 0.0 
1940-10-01 14:00:00, 1940-10-02 03:00:00, 3.681756, 13:00:00, 0.0 
1940-10-02 15:00:00, 1940-10-02 15:00:00, 0.852095, 0:00:00, 0.0 
1940-11-27 13:00:00, 1940-11-27 13:00:00, 1.012572, 0:00:00, 0.0 
1940-12-26 23:00:00, 1940-12-27 00:00:00, 0.819976, 1:00:00, 0.0 
1940-12-27 12:00:00, 1940-12-27 12:00:00, 0.909225, 0:00:00, 0.0 
1940-12-28 13:00:00, 1940-12-30 02:00:00, 10.942306, 1 day, 13:00:00, 0.0 
1941-01-03 05:00:00, 1941-01-04 17:00:00, 9.013964, 1 day, 12:00:00, 0.0 
1941-01-11 10:00:00, 1941-01-11 10:00:00, 0.815232, 0:00:00, 0.0 
1941-01-11 22:00:00, 1941-01-13 01:00:00, 11.515618, 1 day, 3:00:00, 0.0 
1941-01-16 16:00:00, 1941-01-17 06:00:00, 9.112505, 14:00:00, 0.0 
1941-01-24 23:00:00, 1941-01-25 00:00:00, 1.371648, 1:00:00, 0.0 
1941-01-25 13:00:00, 1941-01-25 13:00:00, 0.761286, 0:00:00, 0.0 
1941-01-26 14:00:00, 1941-01-26 14:00:00, 0.891672, 0:00:00, 0.0 
1941-01-27 14:00:00, 1941-01-28 02:00:00, 2.518338, 12:00:00, 0.0 
1941-01-28 15:00:00, 1941-01-28 15:00:00, 0.798980, 0:00:00, 0.0 
1941-02-07 21:00:00, 1941-02-08 00:00:00, 2.624301, 3:00:00, 0.0 
1941-03-01 12:00:00, 1941-03-02 02:00:00, 9.432157, 14:00:00, 0.0 
1941-03-08 19:00:00, 1941-03-08 19:00:00, 0.916858, 0:00:00, 0.0 
1941-03-09 10:00:00, 1941-03-09 10:00:00, 0.861075, 0:00:00, 0.0 
1941-04-06 05:00:00, 1941-04-06 09:00:00, 3.262658, 4:00:00, 0.0 
1941-11-02 00:00:00, 1941-11-02 01:00:00, 0.804548, 1:00:00, 0.0 
1941-12-13 21:00:00, 1941-12-14 08:00:00, 2.156565, 11:00:00, 0.0 
1941-12-24 15:00:00, 1941-12-24 16:00:00, 1.114464, 1:00:00, 0.0 
1942-01-02 11:00:00, 1942-01-02 14:00:00, 2.818470, 3:00:00, 0.0 
1942-01-04 12:00:00, 1942-01-04 15:00:00, 0.789600, 3:00:00, 0.0 
1942-01-26 07:00:00, 1942-01-26 07:00:00, 0.746900, 0:00:00, 0.0 
1942-01-29 12:00:00, 1942-01-29 12:00:00, 0.774712, 0:00:00, 0.0 
1942-01-30 13:00:00, 1942-01-30 13:00:00, 0.841796, 0:00:00, 0.0 
1942-01-31 23:00:00, 1942-02-01 01:00:00, 2.176456, 2:00:00, 0.0 
1942-02-07 06:00:00, 1942-02-08 07:00:00, 13.761221, 1 day, 1:00:00, 0.0 
1942-02-17 03:00:00, 1942-02-17 03:00:00, 0.836076, 0:00:00, 0.0 
1942-03-03 09:00:00, 1942-03-04 01:00:00, 14.334607, 16:00:00, 0.0 
1942-03-22 05:00:00, 1942-03-22 05:00:00, 0.822960, 0:00:00, 0.0 
1942-03-29 12:00:00, 1942-03-30 01:00:00, 4.063317, 13:00:00, 0.0 
1942-04-11 11:00:00, 1942-04-11 11:00:00, 0.902400, 0:00:00, 0.0 
1942-07-11 12:00:00, 1942-07-11 12:00:00, 0.868560, 0:00:00, 0.0 
1942-09-22 00:00:00, 1942-09-22 00:00:00, 0.793242, 0:00:00, 0.0 
1942-11-25 12:00:00, 1942-11-25 15:00:00, 0.917320, 3:00:00, 0.0 
1942-11-27 04:00:00, 1942-11-27 04:00:00, 0.783240, 0:00:00, 0.0 
1942-12-02 05:00:00, 1942-12-02 09:00:00, 8.393576, 4:00:00, 0.0 
1942-12-29 05:00:00, 1942-12-30 19:00:00, 15.159106, 1 day, 14:00:00, 0.0 
1943-01-19 00:00:00, 1943-01-19 13:00:00, 2.377105, 13:00:00, 0.0 
1943-01-28 16:00:00, 1943-01-29 19:00:00, 11.174155, 1 day, 3:00:00, 0.0 
1943-01-30 08:00:00, 1943-01-30 09:00:00, 0.923819, 1:00:00, 0.0 
1943-02-01 11:00:00, 1943-02-01 11:00:00, 0.753089, 0:00:00, 0.0 
1943-02-06 15:00:00, 1943-02-07 03:00:00, 2.847259, 12:00:00, 0.0 
1943-02-27 06:00:00, 1943-02-27 07:00:00, 0.794401, 1:00:00, 0.0 
1943-03-06 23:00:00, 1943-03-07 02:00:00, 4.511086, 3:00:00, 0.0 
1943-04-19 22:00:00, 1943-04-20 02:00:00, 5.076246, 4:00:00, 0.0 
1943-09-30 02:00:00, 1943-10-01 04:00:00, 13.758245, 1 day, 2:00:00, 0.0 
1943-10-16 03:00:00, 1943-10-16 03:00:00, 0.894708, 0:00:00, 0.0 
1943-10-25 23:00:00, 1943-10-27 14:00:00, 46.717922, 1 day, 15:00:00, 0.0 
1944-01-04 06:00:00, 1944-01-06 12:00:00, 39.715238, 2 days, 6:00:00, 0.0 
1944-02-12 01:00:00, 1944-02-12 04:00:00, 3.644787, 3:00:00, 0.0 
1944-02-15 06:00:00, 1944-02-15 06:00:00, 0.834545, 0:00:00, 0.0 
1944-03-07 13:00:00, 1944-03-07 13:00:00, 0.755543, 0:00:00, 0.0 
1944-03-20 11:00:00, 1944-03-20 23:00:00, 3.451879, 12:00:00, 0.0 
1944-09-14 22:00:00, 1944-09-15 08:00:00, 14.514662, 10:00:00, 0.0 
1944-10-21 02:00:00, 1944-10-21 16:00:00, 7.375048, 14:00:00, 0.0 
1944-10-28 20:00:00, 1944-10-29 00:00:00, 4.977730, 4:00:00, 0.0 
1944-11-16 14:00:00, 1944-11-16 15:00:00, 0.878223, 1:00:00, 0.0 
1944-11-17 14:00:00, 1944-11-18 16:00:00, 12.277338, 1 day, 2:00:00, 0.0 
1944-11-21 03:00:00, 1944-11-22 07:00:00, 14.897829, 1 day, 4:00:00, 0.0 
1944-11-23 06:00:00, 1944-11-23 07:00:00, 0.818994, 1:00:00, 0.0 
1944-11-30 01:00:00, 1944-11-30 15:00:00, 10.343314, 14:00:00, 0.0 
1944-12-08 18:00:00, 1944-12-08 21:00:00, 5.454867, 3:00:00, 0.0 
1944-12-12 07:00:00, 1944-12-12 10:00:00, 4.601809, 3:00:00, 0.0 
1945-01-01 16:00:00, 1945-01-01 16:00:00, 0.782644, 0:00:00, 0.0 
1945-01-14 14:00:00, 1945-01-14 15:00:00, 1.114877, 1:00:00, 0.0 
1945-01-16 13:00:00, 1945-01-16 17:00:00, 7.387623, 4:00:00, 0.0 
1945-03-22 07:00:00, 1945-03-22 07:00:00, 0.912570, 0:00:00, 0.0 
1945-05-04 03:00:00, 1945-05-04 05:00:00, 2.177290, 2:00:00, 0.0 
1945-09-17 23:00:00, 1945-09-19 00:00:00, 12.121512, 1 day, 1:00:00, 0.0 
1945-11-20 00:00:00, 1945-11-20 02:00:00, 2.496848, 2:00:00, 0.0 
1945-11-22 12:00:00, 1945-11-22 14:00:00, 2.396233, 2:00:00, 0.0 
1945-11-28 20:00:00, 1945-12-03 01:00:00, 85.098207, 4 days, 5:00:00, 0.0 
1945-12-06 01:00:00, 1945-12-07 03:00:00, 17.726556, 1 day, 2:00:00, 0.0 
1945-12-07 15:00:00, 1945-12-07 16:00:00, 0.992452, 1:00:00, 0.0 
1945-12-19 15:00:00, 1945-12-20 15:00:00, 6.631414, 1 day, 0:00:00, 0.0 
1945-12-26 05:00:00, 1945-12-26 07:00:00, 2.206097, 2:00:00, 0.0 
1946-01-21 03:00:00, 1946-01-21 17:00:00, 7.599330, 14:00:00, 0.0 
1946-02-11 07:00:00, 1946-02-11 07:00:00, 0.866043, 0:00:00, 0.0 
1946-02-20 04:00:00, 1946-02-20 06:00:00, 2.781992, 2:00:00, 0.0 
1946-02-25 07:00:00, 1946-02-25 07:00:00, 0.827700, 0:00:00, 0.0 
1946-04-26 07:00:00, 1946-04-26 08:00:00, 0.840226, 1:00:00, 0.0 
1946-06-03 03:00:00, 1946-06-03 03:00:00, 0.984770, 0:00:00, 0.0 
1946-10-09 01:00:00, 1946-10-09 13:00:00, 1.738629, 12:00:00, 0.0 
1946-10-10 01:00:00, 1946-10-10 01:00:00, 0.881328, 0:00:00, 0.0 
1946-10-10 14:00:00, 1946-10-10 14:00:00, 0.836600, 0:00:00, 0.0 
1946-12-21 00:00:00, 1946-12-21 00:00:00, 1.095305, 0:00:00, 0.0 
1946-12-29 16:00:00, 1946-12-29 18:00:00, 2.272450, 2:00:00, 0.0 
1947-01-20 10:00:00, 1947-01-20 23:00:00, 3.859563, 13:00:00, 0.0 
1947-02-18 13:00:00, 1947-02-19 00:00:00, 1.569323, 11:00:00, 0.0 
1947-02-21 01:00:00, 1947-02-21 02:00:00, 1.127060, 1:00:00, 0.0 
1947-02-21 14:00:00, 1947-02-21 15:00:00, 1.292924, 1:00:00, 0.0 
1947-03-02 06:00:00, 1947-03-02 22:00:00, 7.672889, 16:00:00, 0.0 
1947-03-25 12:00:00, 1947-03-25 13:00:00, 1.120954, 1:00:00, 0.0 
1947-04-22 02:00:00, 1947-04-22 15:00:00, 4.233407, 13:00:00, 0.0 
1947-05-14 21:00:00, 1947-05-14 21:00:00, 0.762513, 0:00:00, 0.0 
1947-10-31 01:00:00, 1947-11-02 04:00:00, 35.852190, 2 days, 3:00:00, 0.0 
1947-11-04 04:00:00, 1947-11-05 07:00:00, 11.759085, 1 day, 3:00:00, 0.0 
1947-11-08 07:00:00, 1947-11-08 20:00:00, 8.203039, 13:00:00, 0.0 
1947-11-12 00:00:00, 1947-11-12 10:00:00, 3.219476, 10:00:00, 0.0 
1947-11-24 20:00:00, 1947-11-24 23:00:00, 3.682125, 3:00:00, 0.0 
1947-12-26 13:00:00, 1947-12-26 13:00:00, 0.952310, 0:00:00, 0.0 
1948-01-02 05:00:00, 1948-01-02 19:00:00, 8.870568, 14:00:00, 0.0 
1948-01-04 08:00:00, 1948-01-04 09:00:00, 0.852241, 1:00:00, 0.0 
1948-01-05 09:00:00, 1948-01-05 10:00:00, 1.128631, 1:00:00, 0.0 
1948-01-25 00:00:00, 1948-01-25 01:00:00, 1.144144, 1:00:00, 0.0 
1948-03-04 09:00:00, 1948-03-04 09:00:00, 0.910581, 0:00:00, 0.0 
1948-03-24 00:00:00, 1948-03-24 00:00:00, 0.950079, 0:00:00, 0.0 
1948-10-05 16:00:00, 1948-10-07 05:00:00, 11.415564, 1 day, 13:00:00, 0.0 
1948-10-07 18:00:00, 1948-10-08 06:00:00, 1.641292, 12:00:00, 0.0 
1948-10-24 18:00:00, 1948-10-25 07:00:00, 5.716598, 13:00:00, 0.0 
1948-10-25 20:00:00, 1948-10-26 08:00:00, 1.598632, 12:00:00, 0.0 
1948-10-26 21:00:00, 1948-10-26 21:00:00, 0.803781, 0:00:00, 0.0 
1948-11-30 00:00:00, 1948-11-30 01:00:00, 1.122453, 1:00:00, 0.0 
1948-11-30 14:00:00, 1948-11-30 14:00:00, 0.845507, 0:00:00, 0.0 
1948-12-05 17:00:00, 1948-12-06 05:00:00, 1.742960, 12:00:00, 0.0 
1948-12-16 13:00:00, 1948-12-17 02:00:00, 5.132493, 13:00:00, 0.0 
1948-12-20 02:00:00, 1948-12-20 18:00:00, 9.377514, 16:00:00, 0.0 
1948-12-31 11:00:00, 1948-12-31 12:00:00, 0.869705, 1:00:00, 0.0 
1949-01-15 15:00:00, 1949-01-15 15:00:00, 0.742454, 0:00:00, 0.0 
1949-01-19 05:00:00, 1949-01-19 05:00:00, 0.859043, 0:00:00, 0.0 
1949-01-22 07:00:00, 1949-01-22 08:00:00, 0.782644, 1:00:00, 0.0 
1949-01-26 23:00:00, 1949-01-27 00:00:00, 1.186468, 1:00:00, 0.0 
1949-01-28 10:00:00, 1949-01-29 00:00:00, 6.183383, 14:00:00, 0.0 
1949-02-28 14:00:00, 1949-03-01 02:00:00, 3.962467, 12:00:00, 0.0 
1949-03-11 07:00:00, 1949-03-11 09:00:00, 1.807824, 2:00:00, 0.0 
1949-04-06 07:00:00, 1949-04-06 08:00:00, 0.922312, 1:00:00, 0.0 
1949-10-16 21:00:00, 1949-10-16 22:00:00, 0.940969, 1:00:00, 0.0 
1949-10-18 19:00:00, 1949-10-19 12:00:00, 7.408920, 17:00:00, 0.0 
1949-10-20 00:00:00, 1949-10-20 13:00:00, 2.992566, 13:00:00, 0.0 
1949-10-21 14:00:00, 1949-10-21 14:00:00, 0.834532, 0:00:00, 0.0 
1949-11-02 11:00:00, 1949-11-02 13:00:00, 2.747373, 2:00:00, 0.0 
1950-01-31 13:00:00, 1950-01-31 13:00:00, 0.927578, 0:00:00, 0.0 
1950-02-14 12:00:00, 1950-02-15 14:00:00, 13.620444, 1 day, 2:00:00, 0.0 
1950-03-23 04:00:00, 1950-03-23 16:00:00, 3.818120, 12:00:00, 0.0 
1950-04-08 06:00:00, 1950-04-08 19:00:00, 5.522020, 13:00:00, 0.0 
1950-09-12 01:00:00, 1950-09-13 16:00:00, 17.076653, 1 day, 15:00:00, 0.0 
1950-10-23 11:00:00, 1950-10-23 13:00:00, 2.066213, 2:00:00, 0.0 
1950-11-04 06:00:00, 1950-11-04 07:00:00, 0.743165, 1:00:00, 0.0 
1950-11-04 21:00:00, 1950-11-04 21:00:00, 0.891719, 0:00:00, 0.0 
1950-11-05 10:00:00, 1950-11-05 10:00:00, 0.806915, 0:00:00, 0.0 
1950-11-25 02:00:00, 1950-11-27 02:00:00, 86.683465, 2 days, 0:00:00, 0.0 
1950-11-28 15:00:00, 1950-11-28 16:00:00, 0.844308, 1:00:00, 0.0 
1950-12-04 18:00:00, 1950-12-04 19:00:00, 1.087248, 1:00:00, 0.0 
1950-12-07 21:00:00, 1950-12-09 01:00:00, 15.852465, 1 day, 4:00:00, 0.0 
1950-12-11 01:00:00, 1950-12-11 16:00:00, 7.570243, 15:00:00, 0.0 
1950-12-17 06:00:00, 1950-12-17 07:00:00, 0.814980, 1:00:00, 0.0 
1951-01-24 14:00:00, 1951-01-24 14:00:00, 0.899333, 0:00:00, 0.0 
1951-02-04 13:00:00, 1951-02-04 13:00:00, 0.837156, 0:00:00, 0.0 
1951-02-21 23:00:00, 1951-02-22 02:00:00, 2.913255, 3:00:00, 0.0 
1951-03-03 20:00:00, 1951-03-04 21:00:00, 7.482508, 1 day, 1:00:00, 0.0 
1951-03-12 05:00:00, 1951-03-15 06:00:00, 38.335954, 3 days, 1:00:00, 0.0 
1951-03-20 08:00:00, 1951-03-20 10:00:00, 2.007068, 2:00:00, 0.0 
1951-04-13 02:00:00, 1951-04-13 03:00:00, 1.031557, 1:00:00, 0.0 
1951-05-19 00:00:00, 1951-05-19 00:00:00, 0.868538, 0:00:00, 0.0 
1951-06-10 15:00:00, 1951-06-11 07:00:00, 8.773462, 16:00:00, 0.0 
1951-10-05 04:00:00, 1951-10-05 04:00:00, 0.808863, 0:00:00, 0.0 
1951-10-07 19:00:00, 1951-10-08 06:00:00, 2.928933, 11:00:00, 0.0 
1951-10-11 11:00:00, 1951-10-11 12:00:00, 0.967906, 1:00:00, 0.0 
1951-11-01 14:00:00, 1951-11-01 16:00:00, 3.393597, 2:00:00, 0.0 
1951-11-03 01:00:00, 1951-11-03 05:00:00, 5.003290, 4:00:00, 0.0 
1951-11-07 06:00:00, 1951-11-07 21:00:00, 4.732450, 15:00:00, 0.0 
1951-12-21 05:00:00, 1951-12-21 08:00:00, 3.933060, 3:00:00, 0.0 
1952-01-07 07:00:00, 1952-01-08 23:00:00, 16.662736, 1 day, 16:00:00, 0.0 
1952-02-04 06:00:00, 1952-02-04 09:00:00, 3.156583, 3:00:00, 0.0 
1952-02-17 06:00:00, 1952-02-17 18:00:00, 5.968185, 12:00:00, 0.0 
1952-02-28 04:00:00, 1952-02-28 04:00:00, 0.908561, 0:00:00, 0.0 
1952-03-11 14:00:00, 1952-03-11 14:00:00, 1.178200, 0:00:00, 0.0 
1952-03-19 17:00:00, 1952-03-19 19:00:00, 1.799221, 2:00:00, 0.0 
1952-05-12 03:00:00, 1952-05-12 13:00:00, 0.831712, 10:00:00, 0.0 
1952-11-19 15:00:00, 1952-11-20 02:00:00, 2.374011, 11:00:00, 0.0 
1952-11-21 01:00:00, 1952-11-23 06:00:00, 25.438430, 2 days, 5:00:00, 0.0 
1952-12-02 14:00:00, 1952-12-03 03:00:00, 3.621611, 13:00:00, 0.0 
1952-12-03 15:00:00, 1952-12-04 03:00:00, 2.055968, 12:00:00, 0.0 
1952-12-04 15:00:00, 1952-12-04 16:00:00, 1.080743, 1:00:00, 0.0 
1952-12-05 15:00:00, 1952-12-05 17:00:00, 2.138976, 2:00:00, 0.0 
1952-12-11 06:00:00, 1952-12-11 20:00:00, 4.082884, 14:00:00, 0.0 
1952-12-22 03:00:00, 1952-12-23 19:00:00, 26.025253, 1 day, 16:00:00, 0.0 
1953-01-01 00:00:00, 1953-01-01 01:00:00, 0.932150, 1:00:00, 0.0 
1953-01-01 14:00:00, 1953-01-01 15:00:00, 1.072970, 1:00:00, 0.0 
1953-01-09 08:00:00, 1953-01-09 08:00:00, 0.921521, 0:00:00, 0.0 
1953-01-11 10:00:00, 1953-01-11 21:00:00, 0.830482, 11:00:00, 0.0 
1953-01-21 19:00:00, 1953-01-22 08:00:00, 5.892573, 13:00:00, 0.0 
1953-01-28 13:00:00, 1953-01-28 13:00:00, 0.941538, 0:00:00, 0.0 
1953-02-15 15:00:00, 1953-02-16 00:00:00, 0.857631, 9:00:00, 0.0 
1953-04-07 18:00:00, 1953-04-08 09:00:00, 7.501572, 15:00:00, 0.0 
1953-04-16 16:00:00, 1953-04-16 16:00:00, 0.818769, 0:00:00, 0.0 
1953-10-22 13:00:00, 1953-10-24 03:00:00, 12.380139, 1 day, 14:00:00, 0.0 
1953-11-06 22:00:00, 1953-11-07 16:00:00, 64.705812, 18:00:00, 0.0 
1953-12-03 12:00:00, 1953-12-03 12:00:00, 0.774671, 0:00:00, 0.0 
1953-12-14 20:00:00, 1953-12-14 20:00:00, 0.945314, 0:00:00, 0.0 
1954-01-11 16:00:00, 1954-01-12 08:00:00, 7.052082, 16:00:00, 0.0 
1954-01-23 04:00:00, 1954-01-23 17:00:00, 4.363471, 13:00:00, 0.0 
1954-03-01 21:00:00, 1954-03-01 23:00:00, 2.543102, 2:00:00, 0.0 
1954-03-14 07:00:00, 1954-03-14 07:00:00, 0.785261, 0:00:00, 0.0 
1954-04-28 21:00:00, 1954-04-28 23:00:00, 1.746269, 2:00:00, 0.0 
1954-05-21 15:00:00, 1954-05-21 15:00:00, 0.813852, 0:00:00, 0.0 
1954-08-31 12:00:00, 1954-08-31 15:00:00, 6.414296, 3:00:00, 0.0 
1954-09-11 10:00:00, 1954-09-11 13:00:00, 3.232643, 3:00:00, 0.0 
1954-10-16 01:00:00, 1954-10-16 03:00:00, 2.904412, 2:00:00, 0.0 
1954-10-21 10:00:00, 1954-10-21 10:00:00, 0.847169, 0:00:00, 0.0 
1954-10-29 14:00:00, 1954-10-29 16:00:00, 2.205089, 2:00:00, 0.0 
1954-11-03 06:00:00, 1954-11-03 06:00:00, 0.892816, 0:00:00, 0.0 
1954-11-25 14:00:00, 1954-11-25 14:00:00, 0.797243, 0:00:00, 0.0 
1954-12-14 17:00:00, 1954-12-15 06:00:00, 5.954846, 13:00:00, 0.0 
1954-12-30 04:00:00, 1954-12-30 05:00:00, 0.936716, 1:00:00, 0.0 
1955-01-04 10:00:00, 1955-01-04 10:00:00, 0.912311, 0:00:00, 0.0 
1955-03-22 09:00:00, 1955-03-23 01:00:00, 13.014619, 16:00:00, 0.0 
1955-03-26 14:00:00, 1955-03-26 14:00:00, 0.927362, 0:00:00, 0.0 
1955-04-05 00:00:00, 1955-04-05 01:00:00, 0.820840, 1:00:00, 0.0 
1955-04-25 03:00:00, 1955-04-25 15:00:00, 3.684458, 12:00:00, 0.0 
1955-06-09 00:00:00, 1955-06-09 17:00:00, 14.823729, 17:00:00, 0.0 
1955-08-13 07:00:00, 1955-08-13 11:00:00, 6.663527, 4:00:00, 0.0 
1955-10-14 09:00:00, 1955-10-17 03:00:00, 60.510876, 2 days, 18:00:00, 0.0 
1955-10-30 14:00:00, 1955-10-31 00:00:00, 1.989456, 10:00:00, 0.0 
1955-11-03 03:00:00, 1955-11-03 03:00:00, 0.861475, 0:00:00, 0.0 
1955-11-11 08:00:00, 1955-11-11 08:00:00, 0.840865, 0:00:00, 0.0 
1955-11-16 16:00:00, 1955-11-16 16:00:00, 0.908906, 0:00:00, 0.0 
1955-11-20 04:00:00, 1955-11-20 04:00:00, 0.836112, 0:00:00, 0.0 
1955-11-21 05:00:00, 1955-11-21 06:00:00, 0.928176, 1:00:00, 0.0 
1956-01-09 08:00:00, 1956-01-12 14:00:00, 56.502677, 3 days, 6:00:00, 0.0 
1956-02-11 22:00:00, 1956-02-12 01:00:00, 4.127526, 3:00:00, 0.0 
1956-03-08 10:00:00, 1956-03-08 10:00:00, 0.837292, 0:00:00, 0.0 
1956-03-16 17:00:00, 1956-03-17 04:00:00, 8.763369, 11:00:00, 0.0 
1956-03-19 04:00:00, 1956-03-19 19:00:00, 7.968234, 15:00:00, 0.0 
1956-04-07 20:00:00, 1956-04-08 01:00:00, 6.982820, 5:00:00, 0.0 
1956-08-07 14:00:00, 1956-08-07 15:00:00, 0.863109, 1:00:00, 0.0 
1956-09-27 06:00:00, 1956-09-28 09:00:00, 14.681131, 1 day, 3:00:00, 0.0 
1956-10-25 18:00:00, 1956-10-26 07:00:00, 4.551577, 13:00:00, 0.0 
1956-10-26 20:00:00, 1956-10-27 08:00:00, 3.437244, 12:00:00, 0.0 
1956-11-26 05:00:00, 1956-11-26 09:00:00, 3.963737, 4:00:00, 0.0 
1956-12-15 10:00:00, 1956-12-15 12:00:00, 1.880873, 2:00:00, 0.0 
1957-01-16 14:00:00, 1957-01-16 14:00:00, 0.884519, 0:00:00, 0.0 
1957-02-15 00:00:00, 1957-02-15 02:00:00, 2.218619, 2:00:00, 0.0 
1957-03-01 00:00:00, 1957-03-01 15:00:00, 7.966089, 15:00:00, 0.0 
1957-03-08 16:00:00, 1957-03-09 08:00:00, 6.412502, 16:00:00, 0.0 
1957-03-20 04:00:00, 1957-03-20 06:00:00, 2.106919, 2:00:00, 0.0 
1957-04-09 07:00:00, 1957-04-09 09:00:00, 1.941537, 2:00:00, 0.0 
1957-10-06 12:00:00, 1957-10-07 01:00:00, 9.789264, 13:00:00, 0.0 
1957-12-04 21:00:00, 1957-12-06 00:00:00, 12.800978, 1 day, 3:00:00, 0.0 
1957-12-09 15:00:00, 1957-12-09 16:00:00, 0.783909, 1:00:00, 0.0 
1957-12-10 16:00:00, 1957-12-10 16:00:00, 0.936801, 0:00:00, 0.0 
1957-12-26 15:00:00, 1957-12-26 18:00:00, 3.358086, 3:00:00, 0.0 
1958-01-15 06:00:00, 1958-01-15 22:00:00, 7.382008, 16:00:00, 0.0 
1958-01-22 16:00:00, 1958-01-22 16:00:00, 1.031778, 0:00:00, 0.0 
1958-01-25 05:00:00, 1958-01-26 17:00:00, 18.685364, 1 day, 12:00:00, 0.0 
1958-02-01 21:00:00, 1958-02-02 13:00:00, 7.073811, 16:00:00, 0.0 
1958-03-14 19:00:00, 1958-03-14 22:00:00, 3.745423, 3:00:00, 0.0 
1958-03-20 11:00:00, 1958-03-21 04:00:00, 23.460611, 17:00:00, 0.0 
1958-03-27 06:00:00, 1958-03-28 20:00:00, 14.544627, 1 day, 14:00:00, 0.0 
1958-04-02 13:00:00, 1958-04-02 13:00:00, 0.808787, 0:00:00, 0.0 
1958-04-03 01:00:00, 1958-04-03 01:00:00, 0.910886, 0:00:00, 0.0 
1958-04-03 13:00:00, 1958-04-04 02:00:00, 6.268194, 13:00:00, 0.0 
1958-04-04 14:00:00, 1958-04-04 14:00:00, 0.891825, 0:00:00, 0.0 
1958-04-07 14:00:00, 1958-04-07 14:00:00, 0.870322, 0:00:00, 0.0 
1958-04-11 17:00:00, 1958-04-11 21:00:00, 4.213485, 4:00:00, 0.0 
1958-10-21 08:00:00, 1958-10-21 09:00:00, 0.936822, 1:00:00, 0.0 
1958-10-22 10:00:00, 1958-10-22 10:00:00, 0.874290, 0:00:00, 0.0 
1958-10-22 23:00:00, 1958-10-22 23:00:00, 0.913363, 0:00:00, 0.0 
1958-10-25 09:00:00, 1958-10-26 14:00:00, 22.891151, 1 day, 5:00:00, 0.0 
1958-11-03 04:00:00, 1958-11-03 07:00:00, 4.262244, 3:00:00, 0.0 
1958-11-29 01:00:00, 1958-11-29 03:00:00, 2.161428, 2:00:00, 0.0 
1958-12-04 20:00:00, 1958-12-04 20:00:00, 0.788763, 0:00:00, 0.0 
1958-12-05 21:00:00, 1958-12-05 21:00:00, 0.802113, 0:00:00, 0.0 
1958-12-12 15:00:00, 1958-12-12 16:00:00, 0.997839, 1:00:00, 0.0 
1958-12-30 04:00:00, 1958-12-30 04:00:00, 0.809442, 0:00:00, 0.0 
1959-01-01 05:00:00, 1959-01-01 06:00:00, 0.976387, 1:00:00, 0.0 
1959-01-02 04:00:00, 1959-01-02 08:00:00, 5.466738, 4:00:00, 0.0 
1959-01-16 05:00:00, 1959-01-16 05:00:00, 1.359517, 0:00:00, 0.0 
1959-01-16 17:00:00, 1959-01-16 18:00:00, 0.880173, 1:00:00, 0.0 
1959-03-06 21:00:00, 1959-03-06 21:00:00, 0.807897, 0:00:00, 0.0 
1959-03-12 12:00:00, 1959-03-13 01:00:00, 10.198241, 13:00:00, 0.0 
1959-03-27 15:00:00, 1959-03-28 05:00:00, 9.257825, 14:00:00, 0.0 
1959-04-28 15:00:00, 1959-04-29 08:00:00, 11.934661, 17:00:00, 0.0 
1959-08-06 02:00:00, 1959-08-06 03:00:00, 0.981461, 1:00:00, 0.0 
1959-10-24 15:00:00, 1959-10-25 07:00:00, 5.703569, 16:00:00, 0.0 
1959-12-07 05:00:00, 1959-12-07 08:00:00, 4.886028, 3:00:00, 0.0 
1959-12-22 18:00:00, 1959-12-22 19:00:00, 0.822835, 1:00:00, 0.0 
1959-12-28 00:00:00, 1959-12-28 00:00:00, 0.758662, 0:00:00, 0.0 
1959-12-28 13:00:00, 1959-12-30 15:00:00, 20.025019, 2 days, 2:00:00, 0.0 
1960-03-17 14:00:00, 1960-03-17 16:00:00, 1.878082, 2:00:00, 0.0 
1960-07-30 14:00:00, 1960-07-30 15:00:00, 0.887360, 1:00:00, 0.0 
1960-09-12 15:00:00, 1960-09-12 19:00:00, 16.298431, 4:00:00, 0.0 
1960-10-29 06:00:00, 1960-10-30 23:00:00, 16.120674, 1 day, 17:00:00, 0.0 
1960-10-31 11:00:00, 1960-11-02 01:00:00, 7.606491, 1 day, 14:00:00, 0.0 
1960-12-12 05:00:00, 1960-12-12 19:00:00, 12.928721, 14:00:00, 0.0 
1961-01-01 14:00:00, 1961-01-01 14:00:00, 0.875919, 0:00:00, 0.0 
1961-01-15 12:00:00, 1961-01-16 14:00:00, 18.153772, 1 day, 2:00:00, 0.0 
1961-01-20 02:00:00, 1961-01-20 18:00:00, 9.502308, 16:00:00, 0.0 
1961-02-04 04:00:00, 1961-02-05 04:00:00, 22.929437, 1 day, 0:00:00, 0.0 
1961-03-08 15:00:00, 1961-03-09 18:00:00, 20.976647, 1 day, 3:00:00, 0.0 
1961-03-14 08:00:00, 1961-03-14 11:00:00, 3.000172, 3:00:00, 0.0 
1961-04-01 11:00:00, 1961-04-01 14:00:00, 2.983208, 3:00:00, 0.0 
1961-04-13 09:00:00, 1961-04-14 02:00:00, 25.383910, 17:00:00, 0.0 
1961-04-16 14:00:00, 1961-04-16 15:00:00, 1.044798, 1:00:00, 0.0 
1961-09-21 07:00:00, 1961-09-21 12:00:00, 6.116132, 5:00:00, 0.0 
1961-10-20 23:00:00, 1961-10-24 15:00:00, 49.267215, 3 days, 16:00:00, 0.0 
1961-11-24 12:00:00, 1961-11-24 16:00:00, 5.822934, 4:00:00, 0.0 
1961-11-26 17:00:00, 1961-11-27 05:00:00, 2.682526, 12:00:00, 0.0 
1961-12-19 23:00:00, 1961-12-20 00:00:00, 1.144201, 1:00:00, 0.0 
1961-12-24 14:00:00, 1961-12-24 16:00:00, 2.546062, 2:00:00, 0.0 
1962-02-02 23:00:00, 1962-02-03 00:00:00, 0.802821, 1:00:00, 0.0 
1962-02-15 22:00:00, 1962-02-15 23:00:00, 1.043937, 1:00:00, 0.0 
1962-03-06 01:00:00, 1962-03-09 03:00:00, 104.716388, 3 days, 2:00:00, 0.0 
1962-03-12 16:00:00, 1962-03-12 19:00:00, 3.778057, 3:00:00, 0.0 
1962-03-21 23:00:00, 1962-03-23 02:00:00, 12.601136, 1 day, 3:00:00, 0.0 
1962-04-13 06:00:00, 1962-04-13 09:00:00, 3.233178, 3:00:00, 0.0 
1962-09-28 01:00:00, 1962-09-28 02:00:00, 1.069413, 1:00:00, 0.0 
1962-09-28 14:00:00, 1962-09-28 14:00:00, 0.931190, 0:00:00, 0.0 
1962-11-03 14:00:00, 1962-11-03 20:00:00, 9.487765, 6:00:00, 0.0 
1962-11-10 09:00:00, 1962-11-10 13:00:00, 5.593520, 4:00:00, 0.0 
1962-11-16 05:00:00, 1962-11-16 18:00:00, 7.091641, 13:00:00, 0.0 
1962-12-05 17:00:00, 1962-12-06 22:00:00, 24.126811, 1 day, 5:00:00, 0.0 
1962-12-22 10:00:00, 1962-12-22 11:00:00, 1.156144, 1:00:00, 0.0 
1963-01-08 23:00:00, 1963-01-09 10:00:00, 2.517763, 11:00:00, 0.0 
1963-01-27 15:00:00, 1963-01-27 16:00:00, 0.861817, 1:00:00, 0.0 
1963-03-20 08:00:00, 1963-03-20 20:00:00, 1.581945, 12:00:00, 0.0 
1963-04-09 23:00:00, 1963-04-09 23:00:00, 0.766817, 0:00:00, 0.0 
1963-05-11 02:00:00, 1963-05-11 03:00:00, 1.010313, 1:00:00, 0.0 
1963-09-06 03:00:00, 1963-09-06 17:00:00, 5.496372, 14:00:00, 0.0 
1963-10-29 11:00:00, 1963-10-29 11:00:00, 0.894748, 0:00:00, 0.0 
1963-11-07 05:00:00, 1963-11-08 20:00:00, 21.932082, 1 day, 15:00:00, 0.0 
1963-11-10 09:00:00, 1963-11-11 23:00:00, 8.755684, 1 day, 14:00:00, 0.0 
1963-11-29 09:00:00, 1963-11-29 10:00:00, 0.961306, 1:00:00, 0.0 
1963-11-29 22:00:00, 1963-11-30 09:00:00, 5.544707, 11:00:00, 0.0 
1963-12-09 05:00:00, 1963-12-09 06:00:00, 1.008237, 1:00:00, 0.0 
1964-01-09 20:00:00, 1964-01-09 23:00:00, 5.283613, 3:00:00, 0.0 
1964-01-13 11:00:00, 1964-01-14 02:00:00, 20.614187, 15:00:00, 0.0 
1964-01-14 14:00:00, 1964-01-14 14:00:00, 0.968667, 0:00:00, 0.0 
1964-01-21 05:00:00, 1964-01-21 05:00:00, 0.826731, 0:00:00, 0.0 
1964-02-06 19:00:00, 1964-02-06 21:00:00, 3.279450, 2:00:00, 0.0 
1964-02-16 12:00:00, 1964-02-16 13:00:00, 0.826731, 1:00:00, 0.0 
1964-02-19 05:00:00, 1964-02-19 19:00:00, 9.873004, 14:00:00, 0.0 
1964-03-21 20:00:00, 1964-03-22 21:00:00, 7.207236, 1 day, 1:00:00, 0.0 
1964-04-29 13:00:00, 1964-04-30 05:00:00, 5.923384, 16:00:00, 0.0 
1964-07-25 14:00:00, 1964-07-25 14:00:00, 0.864447, 0:00:00, 0.0 
1964-09-14 19:00:00, 1964-09-14 20:00:00, 0.866763, 1:00:00, 0.0 
1964-09-23 03:00:00, 1964-09-23 03:00:00, 0.822759, 0:00:00, 0.0 
1964-10-18 00:00:00, 1964-10-18 00:00:00, 0.864803, 0:00:00, 0.0 
1964-11-20 00:00:00, 1964-11-20 01:00:00, 1.006720, 1:00:00, 0.0 
1964-11-26 05:00:00, 1964-11-26 07:00:00, 2.337574, 2:00:00, 0.0 
1965-01-02 14:00:00, 1965-01-03 02:00:00, 2.621391, 12:00:00, 0.0 
1965-01-11 06:00:00, 1965-01-11 08:00:00, 1.922547, 2:00:00, 0.0 
1965-01-16 12:00:00, 1965-01-17 14:00:00, 11.824788, 1 day, 2:00:00, 0.0 
1965-01-24 06:00:00, 1965-01-24 21:00:00, 7.674362, 15:00:00, 0.0 
1965-01-27 07:00:00, 1965-01-27 07:00:00, 1.002548, 0:00:00, 0.0 
1965-02-08 06:00:00, 1965-02-08 06:00:00, 0.980068, 0:00:00, 0.0 
1965-02-25 07:00:00, 1965-02-25 22:00:00, 11.955700, 15:00:00, 0.0 
1965-03-05 15:00:00, 1965-03-06 04:00:00, 6.881524, 13:00:00, 0.0 
1965-03-18 14:00:00, 1965-03-18 15:00:00, 0.866615, 1:00:00, 0.0 
1965-10-08 00:00:00, 1965-10-08 01:00:00, 1.113798, 1:00:00, 0.0 
1965-11-23 02:00:00, 1965-11-23 02:00:00, 0.807897, 0:00:00, 0.0 
1966-01-02 21:00:00, 1966-01-03 07:00:00, 0.775201, 10:00:00, 0.0 
1966-01-06 23:00:00, 1966-01-07 01:00:00, 1.853412, 2:00:00, 0.0 
1966-01-23 02:00:00, 1966-01-23 18:00:00, 28.913381, 16:00:00, 0.0 
1966-01-25 13:00:00, 1966-01-25 16:00:00, 0.889904, 3:00:00, 0.0 
1966-01-27 04:00:00, 1966-01-27 17:00:00, 5.506045, 13:00:00, 0.0 
1966-01-30 14:00:00, 1966-01-30 19:00:00, 4.188383, 5:00:00, 0.0 
1966-02-25 05:00:00, 1966-02-25 15:00:00, 1.926546, 10:00:00, 0.0 
1966-03-01 06:00:00, 1966-03-01 07:00:00, 1.002825, 1:00:00, 0.0 
1966-03-06 00:00:00, 1966-03-06 01:00:00, 0.882263, 1:00:00, 0.0 
1966-09-20 18:00:00, 1966-09-21 21:00:00, 16.487925, 1 day, 3:00:00, 0.0 
1966-11-28 13:00:00, 1966-11-29 02:00:00, 4.080221, 13:00:00, 0.0 
1966-12-14 01:00:00, 1966-12-14 03:00:00, 1.796440, 2:00:00, 0.0 
1966-12-14 15:00:00, 1966-12-14 16:00:00, 1.144201, 1:00:00, 0.0 
1966-12-21 05:00:00, 1966-12-21 21:00:00, 8.906776, 16:00:00, 0.0 
1966-12-24 21:00:00, 1966-12-25 00:00:00, 3.285045, 3:00:00, 0.0 
1966-12-29 11:00:00, 1966-12-29 15:00:00, 6.042095, 4:00:00, 0.0 
1967-01-27 13:00:00, 1967-01-28 04:00:00, 13.493953, 15:00:00, 0.0 
1967-02-04 10:00:00, 1967-02-04 10:00:00, 0.809625, 0:00:00, 0.0 
1967-02-06 12:00:00, 1967-02-06 12:00:00, 0.804038, 0:00:00, 0.0 
1967-02-07 10:00:00, 1967-02-08 01:00:00, 8.964740, 15:00:00, 0.0 
1967-02-11 00:00:00, 1967-02-11 01:00:00, 0.847658, 1:00:00, 0.0 
1967-03-07 11:00:00, 1967-03-07 12:00:00, 0.971931, 1:00:00, 0.0 
1967-03-16 03:00:00, 1967-03-16 05:00:00, 2.476061, 2:00:00, 0.0 
1967-03-22 10:00:00, 1967-03-23 00:00:00, 5.828657, 14:00:00, 0.0 
1967-03-28 16:00:00, 1967-03-28 16:00:00, 1.630699, 0:00:00, 0.0 
1967-04-28 03:00:00, 1967-04-30 07:00:00, 21.021649, 2 days, 4:00:00, 0.0 
1967-05-07 21:00:00, 1967-05-08 02:00:00, 3.165875, 5:00:00, 0.0 
1967-05-25 04:00:00, 1967-05-26 16:00:00, 9.914933, 1 day, 12:00:00, 0.0 
1967-06-21 01:00:00, 1967-06-21 02:00:00, 0.914846, 1:00:00, 0.0 
1967-09-16 00:00:00, 1967-09-16 13:00:00, 6.207302, 13:00:00, 0.0 
1967-10-19 01:00:00, 1967-10-19 02:00:00, 0.963601, 1:00:00, 0.0 
1967-10-31 12:00:00, 1967-10-31 13:00:00, 0.987933, 1:00:00, 0.0 
1967-12-03 16:00:00, 1967-12-03 16:00:00, 0.938366, 0:00:00, 0.0 
1967-12-11 07:00:00, 1967-12-12 22:00:00, 15.250960, 1 day, 15:00:00, 0.0 
1967-12-28 21:00:00, 1967-12-29 00:00:00, 4.214715, 3:00:00, 0.0 
1968-01-14 13:00:00, 1968-01-15 13:00:00, 11.986944, 1 day, 0:00:00, 0.0 
1968-01-25 07:00:00, 1968-01-25 07:00:00, 0.835923, 0:00:00, 0.0 
1968-01-25 21:00:00, 1968-01-25 22:00:00, 0.881109, 1:00:00, 0.0 
1968-02-08 06:00:00, 1968-02-09 10:00:00, 9.921297, 1 day, 4:00:00, 0.0 
1968-03-01 00:00:00, 1968-03-01 04:00:00, 4.366585, 4:00:00, 0.0 
1968-03-13 00:00:00, 1968-03-13 01:00:00, 1.096792, 1:00:00, 0.0 
1968-05-29 13:00:00, 1968-05-29 16:00:00, 3.393289, 3:00:00, 0.0 
1968-06-27 14:00:00, 1968-06-28 04:00:00, 4.988303, 14:00:00, 0.0 
1968-11-07 14:00:00, 1968-11-08 04:00:00, 6.120889, 14:00:00, 0.0 
1968-11-10 13:00:00, 1968-11-10 19:00:00, 10.789689, 6:00:00, 0.0 
1968-11-12 05:00:00, 1968-11-13 06:00:00, 36.069405, 1 day, 1:00:00, 0.0 
1968-11-17 11:00:00, 1968-11-17 12:00:00, 0.849825, 1:00:00, 0.0 
1968-11-18 13:00:00, 1968-11-19 01:00:00, 2.986800, 12:00:00, 0.0 
1968-12-04 10:00:00, 1968-12-05 02:00:00, 12.902529, 16:00:00, 0.0 
1968-12-23 15:00:00, 1968-12-23 17:00:00, 1.991896, 2:00:00, 0.0 
1969-02-03 15:00:00, 1969-02-03 15:00:00, 0.790711, 0:00:00, 0.0 
1969-02-20 04:00:00, 1969-02-20 17:00:00, 5.030533, 13:00:00, 0.0 
1969-02-28 08:00:00, 1969-03-01 00:00:00, 8.698376, 16:00:00, 0.0 
1969-03-02 11:00:00, 1969-03-03 14:00:00, 17.740541, 1 day, 3:00:00, 0.0 
1969-03-25 05:00:00, 1969-03-25 06:00:00, 0.864605, 1:00:00, 0.0 
1969-11-02 06:00:00, 1969-11-02 06:00:00, 0.804635, 0:00:00, 0.0 
1969-11-03 06:00:00, 1969-11-03 08:00:00, 1.637971, 2:00:00, 0.0 
1969-11-09 11:00:00, 1969-11-11 02:00:00, 12.970144, 1 day, 15:00:00, 0.0 
1969-11-11 14:00:00, 1969-11-11 15:00:00, 1.091058, 1:00:00, 0.0 
1969-11-14 14:00:00, 1969-11-14 16:00:00, 1.002239, 2:00:00, 0.0 
1969-12-08 12:00:00, 1969-12-08 14:00:00, 2.622020, 2:00:00, 0.0 
1969-12-11 01:00:00, 1969-12-11 03:00:00, 2.337509, 2:00:00, 0.0 
1969-12-26 03:00:00, 1969-12-26 17:00:00, 17.454178, 14:00:00, 0.0 
1970-01-07 14:00:00, 1970-01-07 14:00:00, 0.863355, 0:00:00, 0.0 
1970-02-03 20:00:00, 1970-02-03 20:00:00, 1.327934, 0:00:00, 0.0 
1970-02-10 14:00:00, 1970-02-11 06:00:00, 10.397792, 16:00:00, 0.0 
1970-03-23 00:00:00, 1970-03-23 03:00:00, 4.193782, 3:00:00, 0.0 
1970-03-30 05:00:00, 1970-03-30 05:00:00, 0.990739, 0:00:00, 0.0 
1970-04-02 20:00:00, 1970-04-02 23:00:00, 3.542205, 3:00:00, 0.0 
1970-10-26 21:00:00, 1970-10-27 00:00:00, 3.332211, 3:00:00, 0.0 
1970-10-27 12:00:00, 1970-10-27 12:00:00, 0.839136, 0:00:00, 0.0 
1970-10-28 00:00:00, 1970-10-28 00:00:00, 0.874217, 0:00:00, 0.0 
1970-11-03 03:00:00, 1970-11-03 04:00:00, 1.179303, 1:00:00, 0.0 
1970-11-04 05:00:00, 1970-11-04 05:00:00, 0.903165, 0:00:00, 0.0 
1970-11-05 06:00:00, 1970-11-05 06:00:00, 0.966546, 0:00:00, 0.0 
1970-11-13 01:00:00, 1970-11-13 15:00:00, 6.563472, 14:00:00, 0.0 
1970-11-15 11:00:00, 1970-11-15 16:00:00, 7.099995, 5:00:00, 0.0 
1970-11-19 06:00:00, 1970-11-19 06:00:00, 0.813704, 0:00:00, 0.0 
1970-12-12 10:00:00, 1970-12-13 15:00:00, 16.381756, 1 day, 5:00:00, 0.0 
1970-12-17 02:00:00, 1970-12-17 18:00:00, 20.798092, 16:00:00, 0.0 
1970-12-24 07:00:00, 1970-12-24 11:00:00, 6.096782, 4:00:00, 0.0 
1970-12-25 22:00:00, 1970-12-26 11:00:00, 6.859128, 13:00:00, 0.0 
1971-01-01 13:00:00, 1971-01-01 18:00:00, 6.570427, 5:00:00, 0.0 
1971-01-26 13:00:00, 1971-01-26 14:00:00, 1.253448, 1:00:00, 0.0 
1971-02-08 13:00:00, 1971-02-08 13:00:00, 0.872963, 0:00:00, 0.0 
1971-02-09 01:00:00, 1971-02-09 02:00:00, 1.411095, 1:00:00, 0.0 
1971-02-14 02:00:00, 1971-02-14 02:00:00, 1.103643, 0:00:00, 0.0 
1971-02-23 09:00:00, 1971-02-23 13:00:00, 4.459870, 4:00:00, 0.0 
1971-03-03 19:00:00, 1971-03-04 10:00:00, 15.505692, 15:00:00, 0.0 
1971-03-28 01:00:00, 1971-03-28 02:00:00, 1.088041, 1:00:00, 0.0 
1971-03-28 15:00:00, 1971-03-29 02:00:00, 1.925204, 11:00:00, 0.0 
1971-04-06 23:00:00, 1971-04-07 09:00:00, 5.412764, 10:00:00, 0.0 
1971-08-28 09:00:00, 1971-08-28 10:00:00, 2.638725, 1:00:00, 0.0 
1971-10-04 01:00:00, 1971-10-04 02:00:00, 1.036917, 1:00:00, 0.0 
1971-10-10 17:00:00, 1971-10-10 18:00:00, 0.976374, 1:00:00, 0.0 
1971-10-18 01:00:00, 1971-10-18 01:00:00, 0.962685, 0:00:00, 0.0 
1971-10-18 13:00:00, 1971-10-18 14:00:00, 0.810612, 1:00:00, 0.0 
1971-10-24 15:00:00, 1971-10-25 05:00:00, 6.867439, 14:00:00, 0.0 
1971-11-17 13:00:00, 1971-11-17 14:00:00, 1.055388, 1:00:00, 0.0 
1971-11-25 05:00:00, 1971-11-25 17:00:00, 15.904820, 12:00:00, 0.0 
1971-11-29 23:00:00, 1971-11-30 00:00:00, 1.183191, 1:00:00, 0.0 
1972-02-03 01:00:00, 1972-02-04 06:00:00, 24.621993, 1 day, 5:00:00, 0.0 
1972-02-14 01:00:00, 1972-02-14 11:00:00, 1.888827, 10:00:00, 0.0 
1972-02-19 01:00:00, 1972-02-20 05:00:00, 29.894588, 1 day, 4:00:00, 0.0 
1972-03-14 22:00:00, 1972-03-15 03:00:00, 7.390640, 5:00:00, 0.0 
1972-03-17 02:00:00, 1972-03-17 02:00:00, 1.081962, 0:00:00, 0.0 
1972-03-17 14:00:00, 1972-03-17 15:00:00, 0.905929, 1:00:00, 0.0 
1972-05-09 19:00:00, 1972-05-09 20:00:00, 0.978315, 1:00:00, 0.0 
1972-06-22 08:00:00, 1972-06-22 21:00:00, 7.892627, 13:00:00, 0.0 
1972-06-23 10:00:00, 1972-06-23 11:00:00, 1.061808, 1:00:00, 0.0 
1972-09-03 10:00:00, 1972-09-03 10:00:00, 0.909023, 0:00:00, 0.0 
1972-09-20 12:00:00, 1972-09-21 01:00:00, 3.297937, 13:00:00, 0.0 
1972-10-07 13:00:00, 1972-10-07 15:00:00, 2.161847, 2:00:00, 0.0 
1972-10-08 03:00:00, 1972-10-08 03:00:00, 1.065051, 0:00:00, 0.0 
1972-11-05 01:00:00, 1972-11-05 01:00:00, 0.861342, 0:00:00, 0.0 
1972-11-08 13:00:00, 1972-11-09 01:00:00, 14.769179, 12:00:00, 0.0 
1972-11-11 03:00:00, 1972-11-11 04:00:00, 0.898082, 1:00:00, 0.0 
1972-11-11 16:00:00, 1972-11-11 18:00:00, 1.919249, 2:00:00, 0.0 
1972-11-14 17:00:00, 1972-11-15 08:00:00, 10.046293, 15:00:00, 0.0 
1972-11-20 09:00:00, 1972-11-20 09:00:00, 0.860806, 0:00:00, 0.0 
1972-11-26 14:00:00, 1972-11-26 15:00:00, 1.208923, 1:00:00, 0.0 
1972-12-01 08:00:00, 1972-12-01 10:00:00, 1.900539, 2:00:00, 0.0 
1972-12-15 18:00:00, 1972-12-16 11:00:00, 17.030161, 17:00:00, 0.0 
1972-12-21 12:00:00, 1972-12-24 17:00:00, 39.324663, 3 days, 5:00:00, 0.0 
1972-12-26 16:00:00, 1972-12-27 07:00:00, 4.435152, 15:00:00, 0.0 
1973-01-04 11:00:00, 1973-01-04 11:00:00, 0.961294, 0:00:00, 0.0 
1973-01-23 02:00:00, 1973-01-23 02:00:00, 0.820102, 0:00:00, 0.0 
1973-01-28 07:00:00, 1973-01-28 09:00:00, 1.819321, 2:00:00, 0.0 
1973-01-29 06:00:00, 1973-01-29 12:00:00, 10.328874, 6:00:00, 0.0 
1973-02-02 23:00:00, 1973-02-03 00:00:00, 1.028918, 1:00:00, 0.0 
1973-02-07 04:00:00, 1973-02-07 04:00:00, 0.881449, 0:00:00, 0.0 
1973-02-07 16:00:00, 1973-02-07 17:00:00, 0.957004, 1:00:00, 0.0 
1973-02-08 05:00:00, 1973-02-08 05:00:00, 0.895471, 0:00:00, 0.0 
1973-02-11 07:00:00, 1973-02-12 21:00:00, 17.838362, 1 day, 14:00:00, 0.0 
1973-03-17 22:00:00, 1973-03-17 22:00:00, 0.931445, 0:00:00, 0.0 
1973-03-22 01:00:00, 1973-03-24 06:00:00, 30.907649, 2 days, 5:00:00, 0.0 
1973-03-27 06:00:00, 1973-03-27 06:00:00, 0.828979, 0:00:00, 0.0 
1973-03-28 05:00:00, 1973-03-28 09:00:00, 4.360288, 4:00:00, 0.0 
1973-04-02 10:00:00, 1973-04-02 10:00:00, 0.887914, 0:00:00, 0.0 
1973-04-04 14:00:00, 1973-04-05 04:00:00, 9.782086, 14:00:00, 0.0 
1973-04-08 15:00:00, 1973-04-08 18:00:00, 3.062852, 3:00:00, 0.0 
1973-04-27 06:00:00, 1973-04-27 22:00:00, 8.573176, 16:00:00, 0.0 
1973-04-28 10:00:00, 1973-04-28 10:00:00, 0.803212, 0:00:00, 0.0 
1973-09-15 16:00:00, 1973-09-15 16:00:00, 0.973819, 0:00:00, 0.0 
1973-10-26 01:00:00, 1973-10-26 15:00:00, 4.136101, 14:00:00, 0.0 
1973-10-29 04:00:00, 1973-10-30 04:00:00, 14.492813, 1 day, 0:00:00, 0.0 
1973-12-09 11:00:00, 1973-12-10 00:00:00, 9.864167, 13:00:00, 0.0 
1973-12-14 05:00:00, 1973-12-14 05:00:00, 0.902232, 0:00:00, 0.0 
1973-12-17 07:00:00, 1973-12-17 08:00:00, 1.105036, 1:00:00, 0.0 
1974-01-09 14:00:00, 1974-01-09 15:00:00, 0.833852, 1:00:00, 0.0 
1974-01-17 06:00:00, 1974-01-17 06:00:00, 0.924935, 0:00:00, 0.0 
1974-01-21 12:00:00, 1974-01-21 13:00:00, 1.067644, 1:00:00, 0.0 
1974-02-03 07:00:00, 1974-02-03 07:00:00, 1.057198, 0:00:00, 0.0 
1974-02-04 08:00:00, 1974-02-04 11:00:00, 1.913758, 3:00:00, 0.0 
1974-02-09 00:00:00, 1974-02-09 04:00:00, 3.382418, 4:00:00, 0.0 
1974-02-17 08:00:00, 1974-02-17 08:00:00, 0.836719, 0:00:00, 0.0 
1974-02-19 22:00:00, 1974-02-20 00:00:00, 1.109355, 2:00:00, 0.0 
1974-03-30 06:00:00, 1974-03-31 08:00:00, 18.200902, 1 day, 2:00:00, 0.0 
1974-04-09 15:00:00, 1974-04-09 15:00:00, 0.870463, 0:00:00, 0.0 
1974-06-25 18:00:00, 1974-06-25 19:00:00, 1.045173, 1:00:00, 0.0 
1974-06-28 22:00:00, 1974-06-28 22:00:00, 0.901463, 0:00:00, 0.0 
1974-11-08 21:00:00, 1974-11-08 21:00:00, 1.104756, 0:00:00, 0.0 
1974-11-10 23:00:00, 1974-11-10 23:00:00, 0.878924, 0:00:00, 0.0 
1974-11-12 23:00:00, 1974-11-13 01:00:00, 2.758511, 2:00:00, 0.0 
1974-12-01 15:00:00, 1974-12-03 04:00:00, 40.921370, 1 day, 13:00:00, 0.0 
1974-12-08 21:00:00, 1974-12-08 21:00:00, 0.965775, 0:00:00, 0.0 
1974-12-16 03:00:00, 1974-12-17 04:00:00, 15.340533, 1 day, 1:00:00, 0.0 
1975-01-09 11:00:00, 1975-01-09 12:00:00, 1.223475, 1:00:00, 0.0 
1975-01-26 00:00:00, 1975-01-26 10:00:00, 0.933461, 10:00:00, 0.0 
1975-02-13 02:00:00, 1975-02-13 03:00:00, 0.810526, 1:00:00, 0.0 
1975-03-14 23:00:00, 1975-03-15 04:00:00, 6.814920, 5:00:00, 0.0 
1975-04-17 06:00:00, 1975-04-17 06:00:00, 0.802560, 0:00:00, 0.0 
1975-06-13 05:00:00, 1975-06-13 05:00:00, 0.861285, 0:00:00, 0.0 
1975-09-25 17:00:00, 1975-09-25 17:00:00, 0.889541, 0:00:00, 0.0 
1975-10-19 11:00:00, 1975-10-20 14:00:00, 12.678428, 1 day, 3:00:00, 0.0 
1975-11-24 16:00:00, 1975-11-25 15:00:00, 10.761585, 23:00:00, 0.0 
1975-12-09 04:00:00, 1975-12-10 08:00:00, 13.897747, 1 day, 4:00:00, 0.0 
1975-12-21 16:00:00, 1975-12-22 04:00:00, 1.879435, 12:00:00, 0.0 
1975-12-22 16:00:00, 1975-12-22 17:00:00, 1.050247, 1:00:00, 0.0 
1976-01-01 10:00:00, 1976-01-01 15:00:00, 3.818442, 5:00:00, 0.0 
1976-01-02 14:00:00, 1976-01-02 15:00:00, 0.790779, 1:00:00, 0.0 
1976-01-03 15:00:00, 1976-01-03 15:00:00, 0.864012, 0:00:00, 0.0 
1976-01-13 11:00:00, 1976-01-13 11:00:00, 0.778085, 0:00:00, 0.0 
1976-01-17 00:00:00, 1976-01-17 01:00:00, 0.970539, 1:00:00, 0.0 
1976-02-02 00:00:00, 1976-02-02 03:00:00, 2.877440, 3:00:00, 0.0 
1976-02-18 15:00:00, 1976-02-19 05:00:00, 6.781190, 14:00:00, 0.0 
1976-03-02 15:00:00, 1976-03-02 15:00:00, 0.970746, 0:00:00, 0.0 
1976-03-10 05:00:00, 1976-03-10 21:00:00, 8.226829, 16:00:00, 0.0 
1976-03-16 14:00:00, 1976-03-17 03:00:00, 7.327216, 13:00:00, 0.0 
1976-04-01 13:00:00, 1976-04-01 15:00:00, 2.087008, 2:00:00, 0.0 
1976-04-26 00:00:00, 1976-04-26 00:00:00, 0.858521, 0:00:00, 0.0 
1976-05-02 02:00:00, 1976-05-02 04:00:00, 1.855951, 2:00:00, 0.0 
1976-06-02 15:00:00, 1976-06-02 16:00:00, 0.941729, 1:00:00, 0.0 
1976-08-10 01:00:00, 1976-08-10 05:00:00, 12.371809, 4:00:00, 0.0 
1976-10-01 19:00:00, 1976-10-02 09:00:00, 3.829720, 14:00:00, 0.0 
1976-10-02 21:00:00, 1976-10-02 22:00:00, 0.910381, 1:00:00, 0.0 
1976-10-03 22:00:00, 1976-10-03 23:00:00, 0.878027, 1:00:00, 0.0 
1976-10-05 00:00:00, 1976-10-05 00:00:00, 0.832317, 0:00:00, 0.0 
1976-10-05 12:00:00, 1976-10-05 12:00:00, 0.851597, 0:00:00, 0.0 
1976-10-21 00:00:00, 1976-10-21 00:00:00, 1.100465, 0:00:00, 0.0 
1976-12-07 15:00:00, 1976-12-07 15:00:00, 0.873727, 0:00:00, 0.0 
1977-01-07 14:00:00, 1977-01-07 15:00:00, 0.900221, 1:00:00, 0.0 
1977-01-10 13:00:00, 1977-01-10 18:00:00, 7.300060, 5:00:00, 0.0 
1977-03-19 02:00:00, 1977-03-19 02:00:00, 0.891135, 0:00:00, 0.0 
1977-03-22 15:00:00, 1977-03-22 16:00:00, 1.143362, 1:00:00, 0.0 
1977-05-09 19:00:00, 1977-05-09 20:00:00, 1.271869, 1:00:00, 0.0 
1977-05-10 20:00:00, 1977-05-10 20:00:00, 0.848838, 0:00:00, 0.0 
1977-06-10 21:00:00, 1977-06-10 22:00:00, 1.013458, 1:00:00, 0.0 
1977-09-24 22:00:00, 1977-09-26 13:00:00, 24.138128, 1 day, 15:00:00, 0.0 
1977-10-14 11:00:00, 1977-10-15 04:00:00, 22.929423, 17:00:00, 0.0 
1977-10-17 04:00:00, 1977-10-17 05:00:00, 0.917423, 1:00:00, 0.0 
1977-10-29 15:00:00, 1977-10-30 04:00:00, 4.729040, 13:00:00, 0.0 
1977-11-07 19:00:00, 1977-11-09 00:00:00, 37.199487, 1 day, 5:00:00, 0.0 
1977-11-10 23:00:00, 1977-11-11 01:00:00, 2.245765, 2:00:00, 0.0 
1977-11-23 13:00:00, 1977-11-24 01:00:00, 2.398059, 12:00:00, 0.0 
1977-11-26 01:00:00, 1977-11-26 15:00:00, 3.930771, 14:00:00, 0.0 
1977-12-05 19:00:00, 1977-12-06 10:00:00, 7.559179, 15:00:00, 0.0 
1977-12-18 18:00:00, 1977-12-22 00:00:00, 71.256153, 3 days, 6:00:00, 0.0 
1978-01-01 05:00:00, 1978-01-01 06:00:00, 1.006314, 1:00:00, 0.0 
1978-01-01 18:00:00, 1978-01-02 07:00:00, 4.369583, 13:00:00, 0.0 
1978-01-07 13:00:00, 1978-01-08 01:00:00, 1.967062, 12:00:00, 0.0 
1978-01-08 13:00:00, 1978-01-09 15:00:00, 11.065368, 1 day, 2:00:00, 0.0 
1978-01-14 03:00:00, 1978-01-14 18:00:00, 9.821171, 15:00:00, 0.0 
1978-01-18 06:00:00, 1978-01-18 10:00:00, 4.159328, 4:00:00, 0.0 
1978-01-20 11:00:00, 1978-01-21 01:00:00, 22.776162, 14:00:00, 0.0 
1978-01-26 12:00:00, 1978-01-26 14:00:00, 3.456745, 2:00:00, 0.0 
1978-03-27 15:00:00, 1978-03-27 16:00:00, 0.911586, 1:00:00, 0.0 
1978-04-19 20:00:00, 1978-04-19 21:00:00, 0.926904, 1:00:00, 0.0 
1978-04-27 15:00:00, 1978-04-28 18:00:00, 10.880375, 1 day, 3:00:00, 0.0 
1978-05-05 12:00:00, 1978-05-05 13:00:00, 1.032380, 1:00:00, 0.0 
1978-05-14 18:00:00, 1978-05-15 05:00:00, 1.833141, 11:00:00, 0.0 
1978-10-04 16:00:00, 1978-10-04 16:00:00, 0.806682, 0:00:00, 0.0 
1978-11-24 06:00:00, 1978-11-24 08:00:00, 1.860159, 2:00:00, 0.0 
1978-12-09 21:00:00, 1978-12-09 22:00:00, 1.046599, 1:00:00, 0.0 
1978-12-21 05:00:00, 1978-12-21 06:00:00, 1.076517, 1:00:00, 0.0 
1978-12-25 05:00:00, 1978-12-25 10:00:00, 13.320110, 5:00:00, 0.0 
1979-01-14 00:00:00, 1979-01-14 14:00:00, 5.893164, 14:00:00, 0.0 
1979-01-19 18:00:00, 1979-01-20 06:00:00, 1.762902, 12:00:00, 0.0 
1979-01-21 05:00:00, 1979-01-21 20:00:00, 6.340636, 15:00:00, 0.0 
1979-01-24 20:00:00, 1979-01-25 12:00:00, 23.159462, 16:00:00, 0.0 
1979-01-26 23:00:00, 1979-01-27 00:00:00, 0.887229, 1:00:00, 0.0 
1979-01-28 10:00:00, 1979-01-29 01:00:00, 7.137199, 15:00:00, 0.0 
1979-08-12 17:00:00, 1979-08-12 18:00:00, 1.051496, 1:00:00, 0.0 
1979-09-06 11:00:00, 1979-09-06 14:00:00, 4.105417, 3:00:00, 0.0 
1979-10-06 01:00:00, 1979-10-06 01:00:00, 1.050115, 0:00:00, 0.0 
1979-11-13 21:00:00, 1979-11-13 21:00:00, 0.783667, 0:00:00, 0.0 
1979-12-20 15:00:00, 1979-12-20 15:00:00, 0.953367, 0:00:00, 0.0 
1980-01-05 15:00:00, 1980-01-07 05:00:00, 14.513881, 1 day, 14:00:00, 0.0 
1980-01-15 12:00:00, 1980-01-16 00:00:00, 1.848357, 12:00:00, 0.0 
1980-01-16 12:00:00, 1980-01-18 02:00:00, 18.615957, 1 day, 14:00:00, 0.0 
1980-01-18 15:00:00, 1980-01-18 15:00:00, 0.855036, 0:00:00, 0.0 
1980-03-14 08:00:00, 1980-03-14 12:00:00, 4.633449, 4:00:00, 0.0 
1980-03-21 18:00:00, 1980-03-21 18:00:00, 0.819156, 0:00:00, 0.0 
1980-03-22 16:00:00, 1980-03-23 06:00:00, 8.663753, 14:00:00, 0.0 
1980-03-25 06:00:00, 1980-03-25 09:00:00, 3.203186, 3:00:00, 0.0 
1980-03-31 14:00:00, 1980-04-01 02:00:00, 4.320181, 12:00:00, 0.0 
1980-04-28 10:00:00, 1980-04-29 02:00:00, 11.425899, 16:00:00, 0.0 
1980-10-25 13:00:00, 1980-10-26 01:00:00, 17.090492, 12:00:00, 0.0 
1981-11-14 15:00:00, 1981-11-16 05:00:00, 16.965616, 1 day, 14:00:00, 0.0 
1981-11-26 14:00:00, 1981-11-27 02:00:00, 1.738236, 12:00:00, 0.0 
1981-12-02 04:00:00, 1981-12-02 05:00:00, 1.076064, 1:00:00, 0.0 
1981-12-16 03:00:00, 1981-12-16 06:00:00, 2.922859, 3:00:00, 0.0 
1981-12-27 14:00:00, 1981-12-28 02:00:00, 4.304513, 12:00:00, 0.0 
1982-01-01 15:00:00, 1982-01-01 18:00:00, 3.579615, 3:00:00, 0.0 
1982-01-04 07:00:00, 1982-01-04 21:00:00, 6.943519, 14:00:00, 0.0 
1982-01-15 06:00:00, 1982-01-15 06:00:00, 1.072293, 0:00:00, 0.0 
1982-02-18 08:00:00, 1982-02-18 10:00:00, 2.090230, 2:00:00, 0.0 
1982-02-21 09:00:00, 1982-02-22 00:00:00, 6.421402, 15:00:00, 0.0 
1982-02-23 14:00:00, 1982-02-23 14:00:00, 0.928316, 0:00:00, 0.0 
1982-04-06 13:00:00, 1982-04-06 14:00:00, 1.708899, 1:00:00, 0.0 
1982-06-08 03:00:00, 1982-06-08 03:00:00, 0.915028, 0:00:00, 0.0 
1982-06-11 15:00:00, 1982-06-11 16:00:00, 0.896487, 1:00:00, 0.0 
1982-09-27 07:00:00, 1982-09-27 09:00:00, 1.696469, 2:00:00, 0.0 
1982-10-10 05:00:00, 1982-10-11 09:00:00, 14.217275, 1 day, 4:00:00, 0.0 
1982-10-25 17:00:00, 1982-10-26 08:00:00, 5.098522, 15:00:00, 0.0 
1982-12-13 00:00:00, 1982-12-13 00:00:00, 1.046318, 0:00:00, 0.0 
1982-12-18 12:00:00, 1982-12-20 18:00:00, 26.193175, 2 days, 6:00:00, 0.0 
1983-01-10 23:00:00, 1983-01-10 23:00:00, 0.820797, 0:00:00, 0.0 
1983-01-15 14:00:00, 1983-01-15 15:00:00, 1.440977, 1:00:00, 0.0 
1983-01-29 02:00:00, 1983-01-29 02:00:00, 0.896063, 0:00:00, 0.0 
1983-03-08 20:00:00, 1983-03-09 10:00:00, 4.865701, 14:00:00, 0.0 
1983-03-18 16:00:00, 1983-03-19 15:00:00, 9.956973, 23:00:00, 0.0 
1983-03-21 16:00:00, 1983-03-21 18:00:00, 2.486637, 2:00:00, 0.0 
1983-04-16 14:00:00, 1983-04-16 15:00:00, 0.891899, 1:00:00, 0.0 
1983-04-19 16:00:00, 1983-04-19 16:00:00, 0.887209, 0:00:00, 0.0 
1983-04-24 22:00:00, 1983-04-25 00:00:00, 2.407917, 2:00:00, 0.0 
1983-10-25 04:00:00, 1983-10-26 17:00:00, 11.297147, 1 day, 13:00:00, 0.0 
1983-11-11 05:00:00, 1983-11-11 06:00:00, 1.022823, 1:00:00, 0.0 
1983-11-11 18:00:00, 1983-11-11 19:00:00, 0.971203, 1:00:00, 0.0 
1983-11-15 21:00:00, 1983-11-16 12:00:00, 9.539962, 15:00:00, 0.0 
1983-11-24 16:00:00, 1983-11-24 16:00:00, 0.949250, 0:00:00, 0.0 
1983-11-28 21:00:00, 1983-11-29 10:00:00, 4.151696, 13:00:00, 0.0 
1983-12-04 13:00:00, 1983-12-05 02:00:00, 9.803016, 13:00:00, 0.0 
1983-12-07 00:00:00, 1983-12-07 01:00:00, 0.934367, 1:00:00, 0.0 
1983-12-12 16:00:00, 1983-12-13 06:00:00, 6.227486, 14:00:00, 0.0 
1983-12-13 19:00:00, 1983-12-13 19:00:00, 0.818906, 0:00:00, 0.0 
1983-12-22 14:00:00, 1983-12-23 02:00:00, 5.275515, 12:00:00, 0.0 
1983-12-29 07:00:00, 1983-12-29 07:00:00, 0.832493, 0:00:00, 0.0 
1984-02-24 05:00:00, 1984-02-24 07:00:00, 2.273035, 2:00:00, 0.0 
1984-02-28 09:00:00, 1984-02-29 00:00:00, 11.676891, 15:00:00, 0.0 
1984-03-09 06:00:00, 1984-03-09 06:00:00, 0.989338, 0:00:00, 0.0 
1984-03-21 17:00:00, 1984-03-21 17:00:00, 0.958235, 0:00:00, 0.0 
1984-03-28 21:00:00, 1984-03-30 13:00:00, 71.251621, 1 day, 16:00:00, 0.0 
1984-03-31 01:00:00, 1984-03-31 01:00:00, 0.937404, 0:00:00, 0.0 
1984-04-05 14:00:00, 1984-04-06 02:00:00, 5.616191, 12:00:00, 0.0 
1984-04-15 01:00:00, 1984-04-15 12:00:00, 2.898696, 11:00:00, 0.0 
1984-04-16 13:00:00, 1984-04-16 15:00:00, 2.031299, 2:00:00, 0.0 
1984-10-02 05:00:00, 1984-10-02 06:00:00, 0.936937, 1:00:00, 0.0 
1984-10-13 15:00:00, 1984-10-14 17:00:00, 11.272479, 1 day, 2:00:00, 0.0 
1984-10-15 05:00:00, 1984-10-15 05:00:00, 0.949747, 0:00:00, 0.0 
1984-11-05 10:00:00, 1984-11-05 12:00:00, 2.423253, 2:00:00, 0.0 
1984-12-06 09:00:00, 1984-12-06 11:00:00, 3.485338, 2:00:00, 0.0 
1985-01-05 12:00:00, 1985-01-05 13:00:00, 1.022920, 1:00:00, 0.0 
1985-01-19 09:00:00, 1985-01-19 12:00:00, 0.939330, 3:00:00, 0.0 
1985-02-06 14:00:00, 1985-02-07 02:00:00, 1.869437, 12:00:00, 0.0 
1985-02-12 17:00:00, 1985-02-13 20:00:00, 16.983592, 1 day, 3:00:00, 0.0 
1985-09-27 10:00:00, 1985-09-27 17:00:00, 26.172630, 7:00:00, 0.0 
1985-11-02 15:00:00, 1985-11-06 06:00:00, 44.390412, 3 days, 15:00:00, 0.0 
1985-11-17 05:00:00, 1985-11-17 05:00:00, 0.952403, 0:00:00, 0.0 
1985-11-22 20:00:00, 1985-11-22 23:00:00, 3.390768, 3:00:00, 0.0 
1985-11-28 11:00:00, 1985-11-29 16:00:00, 9.261104, 1 day, 5:00:00, 0.0 
1985-11-30 15:00:00, 1985-12-02 05:00:00, 14.696812, 1 day, 14:00:00, 0.0 
1985-12-12 10:00:00, 1985-12-12 15:00:00, 1.831497, 5:00:00, 0.0 
1985-12-13 14:00:00, 1985-12-14 03:00:00, 7.074385, 13:00:00, 0.0 
1985-12-25 09:00:00, 1985-12-25 09:00:00, 0.781278, 0:00:00, 0.0 
1986-01-26 00:00:00, 1986-01-26 15:00:00, 1.627022, 15:00:00, 0.0 
1986-01-27 11:00:00, 1986-01-27 15:00:00, 2.089900, 4:00:00, 0.0 
1986-02-08 00:00:00, 1986-02-08 01:00:00, 0.849959, 1:00:00, 0.0 
1986-02-20 07:00:00, 1986-02-20 08:00:00, 0.898766, 1:00:00, 0.0 
1986-04-17 04:00:00, 1986-04-17 18:00:00, 4.918630, 14:00:00, 0.0 
1986-04-18 20:00:00, 1986-04-18 20:00:00, 0.811561, 0:00:00, 0.0 
1986-04-19 19:00:00, 1986-04-19 22:00:00, 1.644640, 3:00:00, 0.0 
1986-05-13 00:00:00, 1986-05-13 15:00:00, 6.922720, 15:00:00, 0.0 
1986-06-13 02:00:00, 1986-06-13 05:00:00, 2.980882, 3:00:00, 0.0 
1986-08-19 00:00:00, 1986-08-19 02:00:00, 2.017319, 2:00:00, 0.0 
1986-11-06 03:00:00, 1986-11-06 05:00:00, 2.463128, 2:00:00, 0.0 
1986-11-19 02:00:00, 1986-11-19 03:00:00, 1.100396, 1:00:00, 0.0 
1986-11-20 15:00:00, 1986-11-21 05:00:00, 7.339370, 14:00:00, 0.0 
1986-12-02 14:00:00, 1986-12-03 16:00:00, 15.086788, 1 day, 2:00:00, 0.0 
1986-12-09 18:00:00, 1986-12-09 19:00:00, 0.869405, 1:00:00, 0.0 
1986-12-18 15:00:00, 1986-12-18 15:00:00, 1.009424, 0:00:00, 0.0 
1986-12-20 15:00:00, 1986-12-20 17:00:00, 1.978011, 2:00:00, 0.0 
1986-12-25 05:00:00, 1986-12-25 09:00:00, 8.433964, 4:00:00, 0.0 
1987-01-01 02:00:00, 1987-01-01 02:00:00, 0.963256, 0:00:00, 0.0 
1987-01-01 14:00:00, 1987-01-02 17:00:00, 17.790985, 1 day, 3:00:00, 0.0 
1987-01-20 02:00:00, 1987-01-20 03:00:00, 1.045373, 1:00:00, 0.0 
1987-01-22 18:00:00, 1987-01-22 20:00:00, 3.026418, 2:00:00, 0.0 
1987-01-26 22:00:00, 1987-01-27 23:00:00, 6.696458, 1 day, 1:00:00, 0.0 
1987-03-15 00:00:00, 1987-03-15 02:00:00, 1.845367, 2:00:00, 0.0 
1987-04-04 18:00:00, 1987-04-04 18:00:00, 1.348949, 0:00:00, 0.0 
1987-04-14 14:00:00, 1987-04-14 14:00:00, 0.992680, 0:00:00, 0.0 
1987-09-18 19:00:00, 1987-09-20 00:00:00, 12.148605, 1 day, 5:00:00, 0.0 
1987-10-28 03:00:00, 1987-10-28 05:00:00, 2.495486, 2:00:00, 0.0 
1987-11-11 02:00:00, 1987-11-11 19:00:00, 10.966471, 17:00:00, 0.0 
1987-12-12 06:00:00, 1987-12-12 06:00:00, 0.852016, 0:00:00, 0.0 
1987-12-15 21:00:00, 1987-12-15 21:00:00, 0.926464, 0:00:00, 0.0 
1987-12-18 11:00:00, 1987-12-18 12:00:00, 0.854511, 1:00:00, 0.0 
1987-12-29 06:00:00, 1987-12-29 22:00:00, 7.146209, 16:00:00, 0.0 
1988-01-08 16:00:00, 1988-01-09 05:00:00, 4.187042, 13:00:00, 0.0 
1988-01-20 14:00:00, 1988-01-21 00:00:00, 3.047759, 10:00:00, 0.0 
1988-01-26 05:00:00, 1988-01-26 08:00:00, 3.794207, 3:00:00, 0.0 
1988-02-04 01:00:00, 1988-02-04 01:00:00, 0.823525, 0:00:00, 0.0 
1988-02-04 15:00:00, 1988-02-04 15:00:00, 0.830769, 0:00:00, 0.0 
1988-02-12 06:00:00, 1988-02-12 21:00:00, 13.571135, 15:00:00, 0.0 
1988-02-20 01:00:00, 1988-02-20 05:00:00, 5.546900, 4:00:00, 0.0 
1988-04-07 04:00:00, 1988-04-08 18:00:00, 12.103573, 1 day, 14:00:00, 0.0 
1988-04-09 07:00:00, 1988-04-09 07:00:00, 0.820673, 0:00:00, 0.0 
1988-04-12 07:00:00, 1988-04-12 11:00:00, 4.081881, 4:00:00, 0.0 
1988-04-12 23:00:00, 1988-04-12 23:00:00, 0.836848, 0:00:00, 0.0 
1988-04-13 11:00:00, 1988-04-13 12:00:00, 0.875518, 1:00:00, 0.0 
1988-10-05 07:00:00, 1988-10-05 08:00:00, 0.818320, 1:00:00, 0.0 
1988-10-08 13:00:00, 1988-10-09 01:00:00, 1.920017, 12:00:00, 0.0 
1988-10-21 22:00:00, 1988-10-22 12:00:00, 13.858136, 14:00:00, 0.0 
1988-11-05 20:00:00, 1988-11-06 00:00:00, 5.244459, 4:00:00, 0.0 
1988-11-28 05:00:00, 1988-11-28 05:00:00, 0.829487, 0:00:00, 0.0 
1988-12-15 04:00:00, 1988-12-15 06:00:00, 2.289209, 2:00:00, 0.0 
1989-01-06 23:00:00, 1989-01-07 01:00:00, 2.139707, 2:00:00, 0.0 
1989-01-07 13:00:00, 1989-01-08 01:00:00, 2.960326, 12:00:00, 0.0 
1989-01-08 14:00:00, 1989-01-08 15:00:00, 0.964594, 1:00:00, 0.0 
1989-02-24 16:00:00, 1989-02-25 05:00:00, 3.834840, 13:00:00, 0.0 
1989-03-25 00:00:00, 1989-03-25 04:00:00, 3.733877, 4:00:00, 0.0 
1989-05-06 11:00:00, 1989-05-06 11:00:00, 0.830144, 0:00:00, 0.0 
1989-05-11 02:00:00, 1989-05-11 07:00:00, 6.104112, 5:00:00, 0.0 
1989-09-16 15:00:00, 1989-09-16 15:00:00, 0.951123, 0:00:00, 0.0 
1989-09-19 16:00:00, 1989-09-19 16:00:00, 0.998267, 0:00:00, 0.0 
1989-10-19 04:00:00, 1989-10-20 17:00:00, 24.120049, 1 day, 13:00:00, 0.0 
1989-11-01 00:00:00, 1989-11-01 02:00:00, 1.925904, 2:00:00, 0.0 
1989-11-16 14:00:00, 1989-11-16 17:00:00, 3.693848, 3:00:00, 0.0 
1989-11-23 22:00:00, 1989-11-23 22:00:00, 0.840592, 0:00:00, 0.0 
1990-01-30 03:00:00, 1990-01-30 05:00:00, 2.243090, 2:00:00, 0.0 
1990-02-04 19:00:00, 1990-02-04 20:00:00, 0.864121, 1:00:00, 0.0 
1990-02-15 16:00:00, 1990-02-15 17:00:00, 0.777357, 1:00:00, 0.0 
1990-02-16 06:00:00, 1990-02-16 06:00:00, 0.816939, 0:00:00, 0.0 
1990-02-25 02:00:00, 1990-02-25 02:00:00, 1.093880, 0:00:00, 0.0 
1990-04-03 18:00:00, 1990-04-03 18:00:00, 0.866093, 0:00:00, 0.0 
1990-04-04 06:00:00, 1990-04-04 07:00:00, 0.871585, 1:00:00, 0.0 
1990-05-10 23:00:00, 1990-05-10 23:00:00, 0.891310, 0:00:00, 0.0 
1990-05-30 03:00:00, 1990-05-30 03:00:00, 0.892815, 0:00:00, 0.0 
1990-08-20 11:00:00, 1990-08-21 15:00:00, 13.707577, 1 day, 4:00:00, 0.0 
1990-10-24 04:00:00, 1990-10-24 04:00:00, 0.816421, 0:00:00, 0.0 
1990-10-26 15:00:00, 1990-10-27 20:00:00, 11.309524, 1 day, 5:00:00, 0.0 
1990-11-10 17:00:00, 1990-11-10 22:00:00, 7.331163, 5:00:00, 0.0 
1990-11-19 14:00:00, 1990-11-19 16:00:00, 1.962587, 2:00:00, 0.0 
1990-11-24 05:00:00, 1990-11-24 05:00:00, 0.888414, 0:00:00, 0.0 
1990-12-03 15:00:00, 1990-12-04 16:00:00, 13.658729, 1 day, 1:00:00, 0.0 
1990-12-28 22:00:00, 1990-12-28 23:00:00, 0.916412, 1:00:00, 0.0 
1991-01-11 23:00:00, 1991-01-12 12:00:00, 6.754252, 13:00:00, 0.0 
1991-01-21 15:00:00, 1991-01-21 16:00:00, 0.996121, 1:00:00, 0.0 
1991-01-22 06:00:00, 1991-01-22 06:00:00, 0.992263, 0:00:00, 0.0 
1991-02-14 10:00:00, 1991-02-14 14:00:00, 4.760337, 4:00:00, 0.0 
1991-02-15 11:00:00, 1991-02-15 15:00:00, 0.811929, 4:00:00, 0.0 
1991-03-04 04:00:00, 1991-03-04 05:00:00, 0.861808, 1:00:00, 0.0 
1991-03-14 12:00:00, 1991-03-15 14:00:00, 11.771557, 1 day, 2:00:00, 0.0 
1991-03-16 02:00:00, 1991-03-16 02:00:00, 0.853442, 0:00:00, 0.0 
1991-04-21 17:00:00, 1991-04-21 20:00:00, 3.738713, 3:00:00, 0.0 
1991-08-19 22:00:00, 1991-08-19 23:00:00, 1.372412, 1:00:00, 0.0 
1991-10-17 19:00:00, 1991-10-17 22:00:00, 4.134101, 3:00:00, 0.0 
1991-10-29 05:00:00, 1991-11-01 22:00:00, 90.903564, 3 days, 17:00:00, 0.0 
1991-11-10 03:00:00, 1991-11-11 16:00:00, 10.644398, 1 day, 13:00:00, 0.0 
1991-12-03 08:00:00, 1991-12-03 22:00:00, 6.984438, 14:00:00, 0.0 
1991-12-31 11:00:00, 1991-12-31 11:00:00, 0.893902, 0:00:00, 0.0 
1992-01-04 10:00:00, 1992-01-05 02:00:00, 18.577459, 16:00:00, 0.0 
1992-01-24 02:00:00, 1992-01-24 02:00:00, 0.887204, 0:00:00, 0.0 
1992-02-07 14:00:00, 1992-02-08 17:00:00, 12.793615, 1 day, 3:00:00, 0.0 
1992-03-20 03:00:00, 1992-03-20 03:00:00, 0.971852, 0:00:00, 0.0 
1992-03-27 05:00:00, 1992-03-27 07:00:00, 1.981430, 2:00:00, 0.0 
1992-09-26 01:00:00, 1992-09-26 02:00:00, 1.090853, 1:00:00, 0.0 
1992-11-25 01:00:00, 1992-11-25 02:00:00, 0.971578, 1:00:00, 0.0 
1992-12-10 23:00:00, 1992-12-15 06:00:00, 159.717056, 4 days, 7:00:00, 0.0 
1993-01-10 01:00:00, 1993-01-10 16:00:00, 5.110419, 15:00:00, 0.0 
1993-01-14 06:00:00, 1993-01-14 07:00:00, 1.002651, 1:00:00, 0.0 
1993-02-12 16:00:00, 1993-02-13 08:00:00, 13.749359, 16:00:00, 0.0 
1993-02-22 01:00:00, 1993-02-22 11:00:00, 1.900481, 10:00:00, 0.0 
1993-03-01 07:00:00, 1993-03-01 07:00:00, 0.842824, 0:00:00, 0.0 
1993-03-04 20:00:00, 1993-03-06 00:00:00, 25.349359, 1 day, 4:00:00, 0.0 
1993-03-13 16:00:00, 1993-03-14 07:00:00, 32.900501, 15:00:00, 0.0 
1993-04-02 06:00:00, 1993-04-02 06:00:00, 1.014771, 0:00:00, 0.0 
1993-07-19 22:00:00, 1993-07-19 22:00:00, 0.851956, 0:00:00, 0.0 
1993-10-28 00:00:00, 1993-10-28 00:00:00, 0.957889, 0:00:00, 0.0 
1993-10-31 14:00:00, 1993-11-01 03:00:00, 5.380961, 13:00:00, 0.0 
1993-11-28 00:00:00, 1993-11-28 23:00:00, 8.577843, 23:00:00, 0.0 
1993-12-05 15:00:00, 1993-12-06 06:00:00, 4.921745, 15:00:00, 0.0 
1993-12-14 00:00:00, 1993-12-14 15:00:00, 6.843235, 15:00:00, 0.0 
1993-12-15 14:00:00, 1993-12-17 17:00:00, 28.392127, 2 days, 3:00:00, 0.0 
1994-01-04 03:00:00, 1994-01-04 18:00:00, 20.284707, 15:00:00, 0.0 
1994-01-14 12:00:00, 1994-01-14 15:00:00, 3.052124, 3:00:00, 0.0 
1994-01-26 10:00:00, 1994-01-26 10:00:00, 0.872791, 0:00:00, 0.0 
1994-02-09 12:00:00, 1994-02-09 14:00:00, 2.231953, 2:00:00, 0.0 
1994-02-12 00:00:00, 1994-02-12 01:00:00, 1.011080, 1:00:00, 0.0 
1994-02-23 21:00:00, 1994-02-24 13:00:00, 10.990364, 16:00:00, 0.0 
1994-03-03 02:00:00, 1994-03-04 06:00:00, 29.524078, 1 day, 4:00:00, 0.0 
1994-09-23 01:00:00, 1994-09-23 05:00:00, 6.062921, 4:00:00, 0.0 
1994-11-22 02:00:00, 1994-11-22 04:00:00, 2.061364, 2:00:00, 0.0 
1994-11-28 06:00:00, 1994-11-28 08:00:00, 1.836577, 2:00:00, 0.0 
1994-12-11 06:00:00, 1994-12-11 06:00:00, 0.926970, 0:00:00, 0.0 
1994-12-17 14:00:00, 1994-12-17 14:00:00, 0.881274, 0:00:00, 0.0 
1994-12-24 03:00:00, 1994-12-25 07:00:00, 24.557101, 1 day, 4:00:00, 0.0 
1995-01-19 16:00:00, 1995-01-19 16:00:00, 0.899964, 0:00:00, 0.0 
1995-01-20 13:00:00, 1995-01-20 17:00:00, 5.841747, 4:00:00, 0.0 
1995-02-04 13:00:00, 1995-02-04 18:00:00, 10.365468, 5:00:00, 0.0 
1995-08-19 06:00:00, 1995-08-19 19:00:00, 2.598983, 13:00:00, 0.0 
1995-10-07 09:00:00, 1995-10-07 10:00:00, 1.095030, 1:00:00, 0.0 
1995-11-12 03:00:00, 1995-11-12 06:00:00, 5.628189, 3:00:00, 0.0 
1995-11-14 15:00:00, 1995-11-15 08:00:00, 36.585654, 17:00:00, 0.0 
1995-12-19 21:00:00, 1995-12-20 13:00:00, 14.488659, 16:00:00, 0.0 
1996-01-03 11:00:00, 1996-01-04 00:00:00, 3.923726, 13:00:00, 0.0 
1996-01-19 22:00:00, 1996-01-19 23:00:00, 1.074369, 1:00:00, 0.0 
1996-01-27 19:00:00, 1996-01-27 19:00:00, 0.994217, 0:00:00, 0.0 
1996-03-19 23:00:00, 1996-03-20 11:00:00, 13.333634, 12:00:00, 0.0 
1996-04-16 09:00:00, 1996-04-16 12:00:00, 3.300514, 3:00:00, 0.0 
1996-09-17 15:00:00, 1996-09-18 05:00:00, 6.566023, 14:00:00, 0.0 
1996-10-08 22:00:00, 1996-10-09 12:00:00, 6.245930, 14:00:00, 0.0 
1996-10-30 15:00:00, 1996-10-30 16:00:00, 0.994072, 1:00:00, 0.0 
1996-11-19 06:00:00, 1996-11-19 06:00:00, 0.991632, 0:00:00, 0.0 
1996-12-02 06:00:00, 1996-12-02 06:00:00, 0.917107, 0:00:00, 0.0 
1996-12-06 07:00:00, 1996-12-06 22:00:00, 13.983781, 15:00:00, 0.0 
1996-12-07 21:00:00, 1996-12-08 00:00:00, 4.876219, 3:00:00, 0.0 
1996-12-09 12:00:00, 1996-12-09 13:00:00, 1.217324, 1:00:00, 0.0 
1996-12-13 03:00:00, 1996-12-16 06:00:00, 24.256951, 3 days, 3:00:00, 0.0 
1997-01-05 07:00:00, 1997-01-05 07:00:00, 0.847073, 0:00:00, 0.0 
1997-01-05 22:00:00, 1997-01-05 22:00:00, 0.831269, 0:00:00, 0.0 
1997-01-10 00:00:00, 1997-01-10 13:00:00, 3.662615, 13:00:00, 0.0 
1997-01-24 15:00:00, 1997-01-25 12:00:00, 5.958558, 21:00:00, 0.0 
1997-02-05 08:00:00, 1997-02-05 10:00:00, 2.123293, 2:00:00, 0.0 
1997-02-09 00:00:00, 1997-02-09 00:00:00, 0.887264, 0:00:00, 0.0 
1997-02-14 19:00:00, 1997-02-14 19:00:00, 0.853853, 0:00:00, 0.0 
1997-03-04 08:00:00, 1997-03-04 10:00:00, 1.892711, 2:00:00, 0.0 
1997-03-31 17:00:00, 1997-04-01 20:00:00, 11.040715, 1 day, 3:00:00, 0.0 
1997-04-02 08:00:00, 1997-04-02 09:00:00, 1.028392, 1:00:00, 0.0 
1997-04-19 21:00:00, 1997-04-20 01:00:00, 4.809938, 4:00:00, 0.0 
1997-04-24 13:00:00, 1997-04-25 03:00:00, 4.177526, 14:00:00, 0.0 
1997-08-21 04:00:00, 1997-08-21 04:00:00, 0.981103, 0:00:00, 0.0 
1997-10-20 05:00:00, 1997-10-20 05:00:00, 0.871217, 0:00:00, 0.0 
1997-10-27 11:00:00, 1997-10-27 11:00:00, 0.879897, 0:00:00, 0.0 
1997-11-02 02:00:00, 1997-11-02 03:00:00, 1.384073, 1:00:00, 0.0 
1997-11-07 16:00:00, 1997-11-09 09:00:00, 25.958708, 1 day, 17:00:00, 0.0 
1997-11-14 12:00:00, 1997-11-15 02:00:00, 9.817393, 14:00:00, 0.0 
1997-12-23 08:00:00, 1997-12-23 09:00:00, 1.053731, 1:00:00, 0.0 
1997-12-25 09:00:00, 1997-12-25 11:00:00, 2.013444, 2:00:00, 0.0 
1997-12-29 23:00:00, 1997-12-30 11:00:00, 11.485398, 12:00:00, 0.0 
1998-01-08 07:00:00, 1998-01-08 07:00:00, 0.891811, 0:00:00, 0.0 
1998-01-17 03:00:00, 1998-01-18 17:00:00, 14.334192, 1 day, 14:00:00, 0.0 
1998-01-19 05:00:00, 1998-01-19 06:00:00, 0.989219, 1:00:00, 0.0 
1998-01-22 07:00:00, 1998-01-22 07:00:00, 0.972624, 0:00:00, 0.0 
1998-01-23 20:00:00, 1998-01-24 09:00:00, 4.947165, 13:00:00, 0.0 
1998-01-28 11:00:00, 1998-01-30 03:00:00, 24.508638, 1 day, 16:00:00, 0.0 
1998-02-04 20:00:00, 1998-02-06 22:00:00, 47.192870, 2 days, 2:00:00, 0.0 
1998-02-07 23:00:00, 1998-02-07 23:00:00, 0.847321, 0:00:00, 0.0 
1998-02-08 12:00:00, 1998-02-09 00:00:00, 1.867598, 12:00:00, 0.0 
1998-02-18 04:00:00, 1998-02-18 07:00:00, 4.871684, 3:00:00, 0.0 
1998-02-19 06:00:00, 1998-02-19 07:00:00, 0.871615, 1:00:00, 0.0 
1998-02-23 23:00:00, 1998-02-25 00:00:00, 14.431848, 1 day, 1:00:00, 0.0 
1998-03-08 22:00:00, 1998-03-08 23:00:00, 1.417345, 1:00:00, 0.0 
1998-03-09 11:00:00, 1998-03-09 12:00:00, 0.904872, 1:00:00, 0.0 
1998-03-10 00:00:00, 1998-03-10 00:00:00, 0.839985, 0:00:00, 0.0 
1998-03-21 06:00:00, 1998-03-22 09:00:00, 19.089163, 1 day, 3:00:00, 0.0 
1998-04-09 22:00:00, 1998-04-10 10:00:00, 5.645892, 12:00:00, 0.0 
1998-05-11 11:00:00, 1998-05-13 04:00:00, 18.258479, 1 day, 17:00:00, 0.0 
1999-01-03 14:00:00, 1999-01-03 16:00:00, 3.204900, 2:00:00, 0.0 
1999-01-14 22:00:00, 1999-01-15 13:00:00, 6.516564, 15:00:00, 0.0 
1999-02-03 01:00:00, 1999-02-03 13:00:00, 1.842632, 12:00:00, 0.0 
1999-02-19 01:00:00, 1999-02-19 01:00:00, 0.906875, 0:00:00, 0.0 
1999-03-04 00:00:00, 1999-03-04 03:00:00, 1.219257, 3:00:00, 0.0 
1999-03-15 09:00:00, 1999-03-15 13:00:00, 6.023798, 4:00:00, 0.0 
1999-03-28 08:00:00, 1999-03-28 08:00:00, 0.887096, 0:00:00, 0.0 
1999-04-10 08:00:00, 1999-04-10 09:00:00, 0.974102, 1:00:00, 0.0 
1999-09-16 15:00:00, 1999-09-16 19:00:00, 4.898507, 4:00:00, 0.0 
1999-10-23 11:00:00, 1999-10-23 12:00:00, 0.989672, 1:00:00, 0.0 
1999-11-02 22:00:00, 1999-11-03 09:00:00, 0.955743, 11:00:00, 0.0 
1999-12-02 09:00:00, 1999-12-02 10:00:00, 1.076948, 1:00:00, 0.0 
1999-12-14 17:00:00, 1999-12-15 07:00:00, 7.979694, 14:00:00, 0.0 
2000-01-20 23:00:00, 2000-01-21 00:00:00, 1.097861, 1:00:00, 0.0 
2000-01-25 14:00:00, 2000-01-26 04:00:00, 12.746667, 14:00:00, 0.0 
2000-03-12 05:00:00, 2000-03-12 05:00:00, 0.961364, 0:00:00, 0.0 
2000-03-22 03:00:00, 2000-03-22 04:00:00, 1.058406, 1:00:00, 0.0 
2000-03-28 06:00:00, 2000-03-28 07:00:00, 0.937605, 1:00:00, 0.0 
2000-04-19 01:00:00, 2000-04-19 15:00:00, 3.644914, 14:00:00, 0.0 
2000-04-22 01:00:00, 2000-04-22 05:00:00, 4.020641, 4:00:00, 0.0 
2000-04-26 04:00:00, 2000-04-26 07:00:00, 3.104304, 3:00:00, 0.0 
2000-04-26 19:00:00, 2000-04-26 19:00:00, 0.817541, 0:00:00, 0.0 
2000-05-10 17:00:00, 2000-05-11 07:00:00, 5.051718, 14:00:00, 0.0 
2000-08-14 02:00:00, 2000-08-14 02:00:00, 0.803904, 0:00:00, 0.0 
2000-09-26 09:00:00, 2000-09-26 13:00:00, 5.493647, 4:00:00, 0.0 
2000-09-27 01:00:00, 2000-09-27 02:00:00, 1.198819, 1:00:00, 0.0 
2000-11-10 09:00:00, 2000-11-10 13:00:00, 5.254186, 4:00:00, 0.0 
2000-11-26 13:00:00, 2000-11-26 15:00:00, 2.927315, 2:00:00, 0.0 
2000-12-17 16:00:00, 2000-12-17 18:00:00, 2.088971, 2:00:00, 0.0 
2000-12-30 15:00:00, 2000-12-30 18:00:00, 3.959703, 3:00:00, 0.0 
2001-01-20 22:00:00, 2001-01-20 23:00:00, 0.953088, 1:00:00, 0.0 
2001-02-05 21:00:00, 2001-02-05 23:00:00, 2.033937, 2:00:00, 0.0 
2001-03-05 06:00:00, 2001-03-05 21:00:00, 9.646211, 15:00:00, 0.0 
2001-03-07 08:00:00, 2001-03-08 13:00:00, 19.130965, 1 day, 5:00:00, 0.0 
2001-03-21 22:00:00, 2001-03-22 13:00:00, 10.009381, 15:00:00, 0.0 
2001-09-29 21:00:00, 2001-10-01 14:00:00, 27.810619, 1 day, 17:00:00, 0.0 
2002-06-15 02:00:00, 2002-06-15 17:00:00, 6.111353, 15:00:00, 0.0 
2002-10-12 05:00:00, 2002-10-13 07:00:00, 12.435467, 1 day, 2:00:00, 0.0 
2002-10-16 08:00:00, 2002-10-16 23:00:00, 16.491191, 15:00:00, 0.0 
2002-10-26 13:00:00, 2002-10-26 16:00:00, 2.040337, 3:00:00, 0.0 
2002-11-06 11:00:00, 2002-11-06 11:00:00, 0.920309, 0:00:00, 0.0 
2002-11-16 23:00:00, 2002-11-18 00:00:00, 12.178730, 1 day, 1:00:00, 0.0 
2002-12-12 05:00:00, 2002-12-12 08:00:00, 3.783379, 3:00:00, 0.0 
2002-12-14 06:00:00, 2002-12-14 10:00:00, 5.011153, 4:00:00, 0.0 
2002-12-20 15:00:00, 2002-12-20 15:00:00, 0.843378, 0:00:00, 0.0 
2002-12-25 14:00:00, 2002-12-25 20:00:00, 15.116010, 6:00:00, 0.0 
2003-01-01 23:00:00, 2003-01-02 14:00:00, 6.526314, 15:00:00, 0.0 
2003-01-03 02:00:00, 2003-01-04 16:00:00, 24.173643, 1 day, 14:00:00, 0.0 
2003-02-17 14:00:00, 2003-02-18 16:00:00, 11.015734, 1 day, 2:00:00, 0.0 
2003-04-05 14:00:00, 2003-04-05 15:00:00, 0.916369, 1:00:00, 0.0 
2003-04-18 02:00:00, 2003-04-18 03:00:00, 1.033814, 1:00:00, 0.0 
2003-09-19 05:00:00, 2003-09-19 08:00:00, 3.786215, 3:00:00, 0.0 
2003-10-15 03:00:00, 2003-10-15 06:00:00, 4.223331, 3:00:00, 0.0 
2003-11-04 23:00:00, 2003-11-04 23:00:00, 0.927469, 0:00:00, 0.0 
2003-11-20 07:00:00, 2003-11-20 07:00:00, 0.936318, 0:00:00, 0.0 
2003-12-05 23:00:00, 2003-12-07 01:00:00, 17.049716, 1 day, 2:00:00, 0.0 
2003-12-11 01:00:00, 2003-12-11 17:00:00, 12.844294, 16:00:00, 0.0 
2003-12-14 16:00:00, 2003-12-15 07:00:00, 11.711860, 15:00:00, 0.0 
2004-02-03 23:00:00, 2004-02-04 00:00:00, 1.059781, 1:00:00, 0.0 
2004-03-11 05:00:00, 2004-03-11 05:00:00, 0.963383, 0:00:00, 0.0 
2004-03-11 17:00:00, 2004-03-11 17:00:00, 0.925742, 0:00:00, 0.0 
2004-03-12 06:00:00, 2004-03-12 06:00:00, 0.945815, 0:00:00, 0.0 
2004-03-17 11:00:00, 2004-03-17 11:00:00, 0.958942, 0:00:00, 0.0 
2004-09-29 14:00:00, 2004-09-29 15:00:00, 1.085656, 1:00:00, 0.0 
2004-10-20 05:00:00, 2004-10-20 06:00:00, 0.980413, 1:00:00, 0.0 
2004-10-23 07:00:00, 2004-10-23 10:00:00, 3.080201, 3:00:00, 0.0 
2004-10-23 22:00:00, 2004-10-25 13:00:00, 21.159868, 1 day, 15:00:00, 0.0 
2004-11-13 15:00:00, 2004-11-13 15:00:00, 0.898241, 0:00:00, 0.0 
2004-11-28 11:00:00, 2004-11-28 16:00:00, 7.219233, 5:00:00, 0.0 
2004-12-01 17:00:00, 2004-12-01 17:00:00, 0.861629, 0:00:00, 0.0 
2004-12-10 10:00:00, 2004-12-11 09:00:00, 11.707902, 23:00:00, 0.0 
2004-12-11 23:00:00, 2004-12-11 23:00:00, 0.897345, 0:00:00, 0.0 
2005-01-17 07:00:00, 2005-01-17 08:00:00, 0.881625, 1:00:00, 0.0 
2005-01-22 23:00:00, 2005-01-23 13:00:00, 7.402613, 14:00:00, 0.0 
2005-01-24 12:00:00, 2005-01-24 14:00:00, 1.992613, 2:00:00, 0.0 
2005-03-01 02:00:00, 2005-03-01 17:00:00, 8.965595, 15:00:00, 0.0 
2005-03-23 23:00:00, 2005-03-24 13:00:00, 3.986218, 14:00:00, 0.0 
2005-04-02 18:00:00, 2005-04-03 09:00:00, 7.389388, 15:00:00, 0.0 
2005-05-25 02:00:00, 2005-05-25 15:00:00, 7.210376, 13:00:00, 0.0 
2005-05-26 03:00:00, 2005-05-26 16:00:00, 5.948512, 13:00:00, 0.0 
2005-10-12 06:00:00, 2005-10-15 00:00:00, 47.362916, 2 days, 18:00:00, 0.0 
2005-10-23 03:00:00, 2005-10-23 04:00:00, 1.181344, 1:00:00, 0.0 
2005-10-25 05:00:00, 2005-10-26 06:00:00, 39.110309, 1 day, 1:00:00, 0.0 
2005-11-22 15:00:00, 2005-11-22 16:00:00, 1.503252, 1:00:00, 0.0 
2005-12-16 10:00:00, 2005-12-16 14:00:00, 5.704164, 4:00:00, 0.0 
2006-01-03 13:00:00, 2006-01-05 06:00:00, 18.983425, 1 day, 17:00:00, 0.0 
2006-01-14 11:00:00, 2006-01-15 00:00:00, 2.929500, 13:00:00, 0.0 
2006-01-18 13:00:00, 2006-01-18 16:00:00, 4.467533, 3:00:00, 0.0 
2006-01-31 01:00:00, 2006-02-01 04:00:00, 14.339631, 1 day, 3:00:00, 0.0 
2006-02-01 16:00:00, 2006-02-02 15:00:00, 7.688153, 23:00:00, 0.0 
2006-02-03 15:00:00, 2006-02-03 17:00:00, 2.260424, 2:00:00, 0.0 
2006-02-05 04:00:00, 2006-02-05 08:00:00, 4.355269, 4:00:00, 0.0 
2006-02-12 09:00:00, 2006-02-13 02:00:00, 15.966064, 17:00:00, 0.0 
2006-09-02 05:00:00, 2006-09-03 09:00:00, 21.986089, 1 day, 4:00:00, 0.0 
2006-10-07 01:00:00, 2006-10-07 15:00:00, 2.868106, 14:00:00, 0.0 
2006-10-12 04:00:00, 2006-10-12 04:00:00, 0.891066, 0:00:00, 0.0 
2006-10-28 14:00:00, 2006-10-28 17:00:00, 4.319249, 3:00:00, 0.0 
2006-11-09 13:00:00, 2006-11-09 13:00:00, 0.876157, 0:00:00, 0.0 
2006-11-13 17:00:00, 2006-11-13 18:00:00, 0.880728, 1:00:00, 0.0 
2006-11-14 07:00:00, 2006-11-14 09:00:00, 1.898866, 2:00:00, 0.0 
2006-11-23 01:00:00, 2006-11-24 03:00:00, 9.213999, 1 day, 2:00:00, 0.0 
2006-12-26 04:00:00, 2006-12-26 06:00:00, 2.729902, 2:00:00, 0.0 
2007-02-03 00:00:00, 2007-02-03 01:00:00, 0.960615, 1:00:00, 0.0 
2007-02-14 09:00:00, 2007-02-14 12:00:00, 3.293828, 3:00:00, 0.0 
2007-03-02 10:00:00, 2007-03-02 14:00:00, 3.232579, 4:00:00, 0.0 
2007-03-16 21:00:00, 2007-03-17 13:00:00, 9.408454, 16:00:00, 0.0 
2007-04-04 15:00:00, 2007-04-04 15:00:00, 0.862024, 0:00:00, 0.0 
2007-04-15 20:00:00, 2007-04-16 14:00:00, 22.233711, 18:00:00, 0.0 
2007-04-17 10:00:00, 2007-04-17 12:00:00, 2.025568, 2:00:00, 0.0 
2007-04-18 11:00:00, 2007-04-19 16:00:00, 17.483623, 1 day, 5:00:00, 0.0 
2007-06-04 02:00:00, 2007-06-04 16:00:00, 8.364912, 14:00:00, 0.0 
2007-10-10 00:00:00, 2007-10-10 01:00:00, 1.118099, 1:00:00, 0.0 
2007-10-11 14:00:00, 2007-10-12 01:00:00, 3.879988, 11:00:00, 0.0 
2007-11-03 06:00:00, 2007-11-03 22:00:00, 9.936029, 16:00:00, 0.0 
2007-12-14 05:00:00, 2007-12-14 05:00:00, 1.232726, 0:00:00, 0.0 
2007-12-16 05:00:00, 2007-12-16 19:00:00, 14.863006, 14:00:00, 0.0 
2007-12-21 12:00:00, 2007-12-22 00:00:00, 4.101308, 12:00:00, 0.0 
2007-12-24 00:00:00, 2007-12-24 01:00:00, 0.887477, 1:00:00, 0.0 
2007-12-27 03:00:00, 2007-12-27 17:00:00, 6.308630, 14:00:00, 0.0 
2007-12-31 05:00:00, 2007-12-31 07:00:00, 2.246007, 2:00:00, 0.0 
2008-01-14 04:00:00, 2008-01-14 17:00:00, 5.057577, 13:00:00, 0.0 
2008-01-18 06:00:00, 2008-01-18 07:00:00, 1.083323, 1:00:00, 0.0 
2008-01-28 05:00:00, 2008-01-28 18:00:00, 4.001594, 13:00:00, 0.0 
2008-01-29 06:00:00, 2008-01-29 07:00:00, 0.919631, 1:00:00, 0.0 
2008-02-07 14:00:00, 2008-02-07 15:00:00, 1.154319, 1:00:00, 0.0 
2008-03-05 10:00:00, 2008-03-05 10:00:00, 0.994909, 0:00:00, 0.0 
2008-03-16 06:00:00, 2008-03-16 10:00:00, 4.116657, 4:00:00, 0.0 
2008-03-19 22:00:00, 2008-03-20 01:00:00, 1.913201, 3:00:00, 0.0 
2008-05-09 16:00:00, 2008-05-09 17:00:00, 0.982168, 1:00:00, 0.0 
2008-05-12 04:00:00, 2008-05-13 09:00:00, 29.253143, 1 day, 5:00:00, 0.0 
2008-09-26 08:00:00, 2008-09-26 12:00:00, 3.888474, 4:00:00, 0.0 
2008-10-19 16:00:00, 2008-10-20 06:00:00, 6.549999, 14:00:00, 0.0 
2008-10-20 18:00:00, 2008-10-20 18:00:00, 0.980302, 0:00:00, 0.0 
2008-10-25 22:00:00, 2008-10-26 00:00:00, 1.967862, 2:00:00, 0.0 
2008-10-28 12:00:00, 2008-10-28 14:00:00, 2.514562, 2:00:00, 0.0 
2008-11-06 05:00:00, 2008-11-06 07:00:00, 2.280759, 2:00:00, 0.0 
2008-12-01 01:00:00, 2008-12-01 03:00:00, 2.151414, 2:00:00, 0.0 
2008-12-12 10:00:00, 2008-12-12 12:00:00, 2.474903, 2:00:00, 0.0 
2008-12-20 05:00:00, 2008-12-20 08:00:00, 4.018658, 3:00:00, 0.0 
2008-12-21 06:00:00, 2008-12-21 10:00:00, 4.636515, 4:00:00, 0.0 
2008-12-31 13:00:00, 2008-12-31 15:00:00, 2.237449, 2:00:00, 0.0 
2009-01-07 20:00:00, 2009-01-07 20:00:00, 0.866800, 0:00:00, 0.0 
2009-02-03 18:00:00, 2009-02-04 07:00:00, 3.748997, 13:00:00, 0.0 
2009-02-19 07:00:00, 2009-02-19 07:00:00, 0.829920, 0:00:00, 0.0 
2009-04-20 23:00:00, 2009-04-20 23:00:00, 1.058580, 0:00:00, 0.0 
2009-09-11 03:00:00, 2009-09-11 19:00:00, 5.474613, 16:00:00, 0.0 
2009-10-16 00:00:00, 2009-10-19 02:00:00, 31.508642, 3 days, 2:00:00, 0.0 
2009-10-24 05:00:00, 2009-10-24 05:00:00, 0.846911, 0:00:00, 0.0 
2009-10-29 07:00:00, 2009-10-29 11:00:00, 4.652785, 4:00:00, 0.0 
2009-11-03 02:00:00, 2009-11-03 02:00:00, 0.839605, 0:00:00, 0.0 
2009-11-12 10:00:00, 2009-11-15 00:00:00, 39.371678, 2 days, 14:00:00, 0.0 
2009-11-23 05:00:00, 2009-11-23 05:00:00, 0.845880, 0:00:00, 0.0 
2009-11-24 06:00:00, 2009-11-24 06:00:00, 0.921343, 0:00:00, 0.0 
2009-11-27 07:00:00, 2009-11-27 08:00:00, 0.939767, 1:00:00, 0.0 
2009-12-03 11:00:00, 2009-12-03 11:00:00, 0.992451, 0:00:00, 0.0 
2009-12-09 15:00:00, 2009-12-09 21:00:00, 5.666975, 6:00:00, 0.0 
2009-12-20 01:00:00, 2009-12-20 17:00:00, 8.254288, 16:00:00, 0.0 
2009-12-26 06:00:00, 2009-12-27 10:00:00, 15.451006, 1 day, 4:00:00, 0.0 
2010-01-18 01:00:00, 2010-01-18 16:00:00, 5.430709, 15:00:00, 0.0 
2010-01-19 13:00:00, 2010-01-19 16:00:00, 3.461496, 3:00:00, 0.0 
2010-01-25 19:00:00, 2010-01-25 20:00:00, 0.867122, 1:00:00, 0.0 
2010-02-06 19:00:00, 2010-02-06 20:00:00, 1.682160, 1:00:00, 0.0 
2010-02-10 12:00:00, 2010-02-11 00:00:00, 5.748975, 12:00:00, 0.0 
2010-02-24 06:00:00, 2010-02-24 07:00:00, 1.072212, 1:00:00, 0.0 
2010-02-25 21:00:00, 2010-02-25 21:00:00, 0.889252, 0:00:00, 0.0 
2010-03-03 15:00:00, 2010-03-04 05:00:00, 4.330899, 14:00:00, 0.0 
2010-03-13 09:00:00, 2010-03-16 11:00:00, 52.867461, 3 days, 2:00:00, 0.0 
2010-03-16 23:00:00, 2010-03-16 23:00:00, 0.920634, 0:00:00, 0.0 
2010-03-31 02:00:00, 2010-03-31 03:00:00, 0.953190, 1:00:00, 0.0 
2010-08-23 13:00:00, 2010-08-23 13:00:00, 0.901824, 0:00:00, 0.0 
2010-08-24 14:00:00, 2010-08-24 14:00:00, 0.879957, 0:00:00, 0.0 
2010-10-04 07:00:00, 2010-10-05 00:00:00, 11.623723, 17:00:00, 0.0 
2010-11-05 00:00:00, 2010-11-05 01:00:00, 0.923244, 1:00:00, 0.0 
2010-11-11 03:00:00, 2010-11-12 19:00:00, 24.044966, 1 day, 16:00:00, 0.0 
2010-12-01 19:00:00, 2010-12-01 20:00:00, 0.997528, 1:00:00, 0.0 
2010-12-12 16:00:00, 2010-12-12 18:00:00, 1.946404, 2:00:00, 0.0 
2010-12-13 07:00:00, 2010-12-13 07:00:00, 0.927496, 0:00:00, 0.0 
2010-12-27 04:00:00, 2010-12-27 07:00:00, 4.423264, 3:00:00, 0.0 
2011-01-07 15:00:00, 2011-01-07 16:00:00, 0.924862, 1:00:00, 0.0 
2011-01-27 05:00:00, 2011-01-27 05:00:00, 1.023973, 0:00:00, 0.0 
2011-02-02 14:00:00, 2011-02-02 14:00:00, 0.863738, 0:00:00, 0.0 
2011-03-10 16:00:00, 2011-03-11 06:00:00, 7.126962, 14:00:00, 0.0 
2011-04-13 07:00:00, 2011-04-13 07:00:00, 0.982549, 0:00:00, 0.0 
2011-04-16 23:00:00, 2011-04-17 01:00:00, 2.829962, 2:00:00, 0.0 
2011-08-28 08:00:00, 2011-08-28 14:00:00, 19.810554, 6:00:00, 0.0 
2011-10-12 23:00:00, 2011-10-13 02:00:00, 3.118707, 3:00:00, 0.0 
2011-10-19 16:00:00, 2011-10-20 07:00:00, 6.392585, 15:00:00, 0.0 
2011-10-30 01:00:00, 2011-10-30 04:00:00, 2.131207, 3:00:00, 0.0 
2011-12-28 01:00:00, 2011-12-28 03:00:00, 2.801594, 2:00:00, 0.0 
2012-01-12 12:00:00, 2012-01-13 05:00:00, 11.992249, 17:00:00, 0.0 
2012-02-24 15:00:00, 2012-02-25 01:00:00, 2.086500, 10:00:00, 0.0 
2012-03-01 06:00:00, 2012-03-01 07:00:00, 1.022251, 1:00:00, 0.0 
2012-03-03 06:00:00, 2012-03-03 07:00:00, 1.004882, 1:00:00, 0.0 
2012-04-23 02:00:00, 2012-04-23 04:00:00, 2.478823, 2:00:00, 0.0 
2012-06-02 00:00:00, 2012-06-02 00:00:00, 0.890994, 0:00:00, 0.0 
2012-06-04 14:00:00, 2012-06-05 15:00:00, 7.743231, 1 day, 1:00:00, 0.0 
2012-10-28 09:00:00, 2012-10-29 23:00:00, 96.939181, 1 day, 14:00:00, 0.0 
2012-12-16 17:00:00, 2012-12-18 18:00:00, 12.883171, 2 days, 1:00:00, 0.0 
2012-12-20 17:00:00, 2012-12-21 11:00:00, 17.856220, 18:00:00, 0.0 
2012-12-26 22:00:00, 2012-12-27 14:00:00, 35.696564, 16:00:00, 0.0 
2012-12-30 02:00:00, 2012-12-30 02:00:00, 0.885684, 0:00:00, 0.0 
2013-02-08 21:00:00, 2013-02-09 11:00:00, 10.050107, 14:00:00, 0.0 
2013-02-27 11:00:00, 2013-02-28 04:00:00, 13.974139, 17:00:00, 0.0 
2013-03-06 18:00:00, 2013-03-10 01:00:00, 57.073706, 3 days, 7:00:00, 0.0 
2013-03-19 06:00:00, 2013-03-19 07:00:00, 1.021952, 1:00:00, 0.0 
2013-03-25 21:00:00, 2013-03-26 01:00:00, 2.028904, 4:00:00, 0.0 
2013-04-12 12:00:00, 2013-04-12 16:00:00, 5.283595, 4:00:00, 0.0 
2013-06-14 02:00:00, 2013-06-14 18:00:00, 6.148972, 16:00:00, 0.0 
2013-10-10 05:00:00, 2013-10-10 05:00:00, 0.931317, 0:00:00, 0.0 
2013-10-11 06:00:00, 2013-10-11 06:00:00, 0.911357, 0:00:00, 0.0 
2013-10-12 20:00:00, 2013-10-13 09:00:00, 5.559030, 13:00:00, 0.0 
2013-11-27 07:00:00, 2013-11-27 09:00:00, 2.708042, 2:00:00, 0.0 
2013-12-15 00:00:00, 2013-12-15 10:00:00, 4.287033, 10:00:00, 0.0 
2013-12-29 22:00:00, 2013-12-29 23:00:00, 1.472407, 1:00:00, 0.0 
2014-01-03 00:00:00, 2014-01-03 16:00:00, 9.420544, 16:00:00, 0.0 
2014-01-04 04:00:00, 2014-01-04 04:00:00, 0.890295, 0:00:00, 0.0 
2014-01-06 15:00:00, 2014-01-06 15:00:00, 0.969943, 0:00:00, 0.0 
2014-02-05 16:00:00, 2014-02-05 16:00:00, 0.918694, 0:00:00, 0.0 
2014-02-13 13:00:00, 2014-02-14 02:00:00, 9.289506, 13:00:00, 0.0 
2014-04-29 14:00:00, 2014-04-30 15:00:00, 10.819682, 1 day, 1:00:00, 0.0 
2014-10-02 21:00:00, 2014-10-03 07:00:00, 0.914594, 10:00:00, 0.0 
2014-10-03 22:00:00, 2014-10-03 22:00:00, 0.842138, 0:00:00, 0.0 
2014-10-04 10:00:00, 2014-10-04 10:00:00, 0.956509, 0:00:00, 0.0 
2014-10-22 22:00:00, 2014-10-23 10:00:00, 4.108339, 12:00:00, 0.0 
2014-11-01 05:00:00, 2014-11-01 09:00:00, 4.462551, 4:00:00, 0.0 
2014-11-01 21:00:00, 2014-11-02 10:00:00, 7.492373, 13:00:00, 0.0 
2014-12-02 23:00:00, 2014-12-02 23:00:00, 1.068348, 0:00:00, 0.0 
2014-12-08 13:00:00, 2014-12-10 04:00:00, 19.259743, 1 day, 15:00:00, 0.0 
2014-12-23 14:00:00, 2014-12-23 15:00:00, 1.241289, 1:00:00, 0.0 
2014-12-25 04:00:00, 2014-12-25 04:00:00, 0.954216, 0:00:00, 0.0 
2015-01-27 04:00:00, 2015-01-27 20:00:00, 12.048555, 16:00:00, 0.0 
2015-02-02 12:00:00, 2015-02-02 13:00:00, 1.105503, 1:00:00, 0.0 
2015-02-10 04:00:00, 2015-02-10 16:00:00, 3.471022, 12:00:00, 0.0 
2015-02-11 05:00:00, 2015-02-11 18:00:00, 4.436852, 13:00:00, 0.0 
2015-02-12 06:00:00, 2015-02-12 07:00:00, 1.154244, 1:00:00, 0.0 
2015-04-20 14:00:00, 2015-04-20 16:00:00, 2.064322, 2:00:00, 0.0 
2015-10-02 05:00:00, 2015-10-05 08:00:00, 35.256987, 3 days, 3:00:00, 0.0 
2015-11-11 00:00:00, 2015-11-11 01:00:00, 1.145328, 1:00:00, 0.0 
2015-11-12 11:00:00, 2015-11-13 00:00:00, 4.550739, 13:00:00, 0.0 
2015-12-17 04:00:00, 2015-12-17 17:00:00, 3.011570, 13:00:00, 0.0 
2015-12-18 06:00:00, 2015-12-18 06:00:00, 0.914028, 0:00:00, 0.0 
2015-12-29 03:00:00, 2015-12-29 17:00:00, 9.078377, 14:00:00, 0.0 
2015-12-31 04:00:00, 2015-12-31 06:00:00, 1.975708, 2:00:00, 0.0 
2016-01-08 23:00:00, 2016-01-09 01:00:00, 2.276020, 2:00:00, 0.0 
2016-01-09 13:00:00, 2016-01-11 01:00:00, 16.234694, 1 day, 12:00:00, 0.0 
2016-01-23 10:00:00, 2016-01-25 02:00:00, 32.716502, 1 day, 16:00:00, 0.0 
2016-02-08 10:00:00, 2016-02-10 03:00:00, 33.369258, 1 day, 17:00:00, 0.0 
2016-02-24 02:00:00, 2016-02-24 03:00:00, 1.108018, 1:00:00, 0.0 
2016-02-25 14:00:00, 2016-02-25 14:00:00, 0.980953, 0:00:00, 0.0 
2016-03-15 04:00:00, 2016-03-15 07:00:00, 3.031185, 3:00:00, 0.0 
2016-05-06 14:00:00, 2016-05-06 14:00:00, 0.999997, 0:00:00, 0.0 
2016-09-06 04:00:00, 2016-09-06 06:00:00, 3.032721, 2:00:00, 0.0 
2016-09-29 00:00:00, 2016-09-29 01:00:00, 1.039047, 1:00:00, 0.0 
2016-09-29 13:00:00, 2016-10-01 02:00:00, 15.334554, 1 day, 13:00:00, 0.0 
2016-12-07 06:00:00, 2016-12-07 08:00:00, 2.796049, 2:00:00, 0.0 
2017-01-03 16:00:00, 2017-01-04 05:00:00, 3.177617, 13:00:00, 0.0 
2017-01-19 07:00:00, 2017-01-19 07:00:00, 0.869643, 0:00:00, 0.0 
2017-01-23 07:00:00, 2017-01-24 13:00:00, 48.423623, 1 day, 6:00:00, 0.0 
2017-02-15 02:00:00, 2017-02-15 02:00:00, 0.882873, 0:00:00, 0.0 
2017-03-14 12:00:00, 2017-03-14 17:00:00, 10.647875, 5:00:00, 0.0 
2017-04-01 01:00:00, 2017-04-01 06:00:00, 5.473208, 5:00:00, 0.0 
2017-04-06 20:00:00, 2017-04-06 23:00:00, 4.933161, 3:00:00, 0.0 
2017-05-14 00:00:00, 2017-05-14 00:00:00, 0.921100, 0:00:00, 0.0 
2017-08-30 06:00:00, 2017-08-30 06:00:00, 0.849138, 0:00:00, 0.0 
2017-09-20 01:00:00, 2017-09-20 02:00:00, 1.181600, 1:00:00, 0.0 
2017-10-29 19:00:00, 2017-10-29 20:00:00, 1.000582, 1:00:00, 0.0 
2017-10-30 08:00:00, 2017-10-30 10:00:00, 4.532464, 2:00:00, 0.0 
2017-11-08 17:00:00, 2017-11-08 17:00:00, 1.064566, 0:00:00, 0.0 
2017-12-10 06:00:00, 2017-12-10 06:00:00, 0.975130, 0:00:00, 0.0 
2017-12-25 06:00:00, 2017-12-25 06:00:00, 0.925721, 0:00:00, 0.0 
2018-01-30 11:00:00, 2018-01-30 13:00:00, 2.354837, 2:00:00, 0.0 
2018-03-02 11:00:00, 2018-03-02 15:00:00, 3.542823, 4:00:00, 0.0 
2018-03-03 03:00:00, 2018-03-08 07:00:00, 79.552526, 5 days, 4:00:00, 0.0 
2018-03-13 11:00:00, 2018-03-13 12:00:00, 1.189807, 1:00:00, 0.0 
2018-03-21 14:00:00, 2018-03-22 06:00:00, 7.730017, 16:00:00, 0.0 
2018-04-15 14:00:00, 2018-04-16 15:00:00, 12.233547, 1 day, 1:00:00, 0.0 
2018-06-04 06:00:00, 2018-06-04 06:00:00, 0.852516, 0:00:00, 0.0 
2018-07-22 07:00:00, 2018-07-22 08:00:00, 1.042220, 1:00:00, 0.0 
2018-09-10 01:00:00, 2018-09-11 02:00:00, 8.645144, 1 day, 1:00:00, 0.0 
2018-09-25 11:00:00, 2018-09-25 14:00:00, 3.297513, 3:00:00, 0.0 
2018-10-27 12:00:00, 2018-10-28 02:00:00, 14.504860, 14:00:00, 0.0 
2018-11-16 05:00:00, 2018-11-16 19:00:00, 18.551304, 14:00:00, 0.0 
2018-11-25 13:00:00, 2018-11-25 15:00:00, 3.206884, 2:00:00, 0.0 
2018-11-26 14:00:00, 2018-11-27 05:00:00, 10.831673, 15:00:00, 0.0 
2018-12-16 06:00:00, 2018-12-17 07:00:00, 10.156862, 1 day, 1:00:00, 0.0 
2018-12-21 09:00:00, 2018-12-22 10:00:00, 11.081823, 1 day, 1:00:00, 0.0 
2019-01-01 07:00:00, 2019-01-01 07:00:00, 0.953701, 0:00:00, 0.0 
2019-01-20 11:00:00, 2019-01-20 14:00:00, 4.005329, 3:00:00, 0.0 
2019-03-04 10:00:00, 2019-03-04 13:00:00, 1.865033, 3:00:00, 0.0 
2019-03-10 15:00:00, 2019-03-10 16:00:00, 0.989953, 1:00:00, 0.0 
2019-05-12 19:00:00, 2019-05-13 05:00:00, 2.831551, 10:00:00, 0.0 
2019-09-07 06:00:00, 2019-09-07 06:00:00, 0.893094, 0:00:00, 0.0 
2019-10-09 22:00:00, 2019-10-12 14:00:00, 44.642888, 2 days, 16:00:00, 0.0 
2019-10-17 00:00:00, 2019-10-17 03:00:00, 4.771603, 3:00:00, 0.0 
2019-11-18 04:00:00, 2019-11-19 07:00:00, 14.334277, 1 day, 3:00:00, 0.0 
2019-11-29 16:00:00, 2019-11-29 16:00:00, 1.066273, 0:00:00, 0.0 
2019-12-02 02:00:00, 2019-12-03 07:00:00, 23.719313, 1 day, 5:00:00, 0.0 
2019-12-14 15:00:00, 2019-12-14 15:00:00, 1.016484, 0:00:00, 0.0 
2019-12-30 13:00:00, 2019-12-31 18:00:00, 21.157341, 1 day, 5:00:00, 0.0 
2020-01-25 14:00:00, 2020-01-25 15:00:00, 1.034107, 1:00:00, 0.0 
2020-02-02 06:00:00, 2020-02-02 06:00:00, 0.873061, 0:00:00, 0.0 
2020-02-07 13:00:00, 2020-02-07 13:00:00, 1.138233, 0:00:00, 0.0 
2020-03-07 22:00:00, 2020-03-08 01:00:00, 3.052727, 3:00:00, 0.0 
2020-03-23 23:00:00, 2020-03-23 23:00:00, 0.986132, 0:00:00, 0.0 
2020-04-03 20:00:00, 2020-04-05 00:00:00, 17.544736, 1 day, 4:00:00, 0.0 
2020-04-13 18:00:00, 2020-04-13 18:00:00, 1.030080, 0:00:00, 0.0 
2020-07-10 18:00:00, 2020-07-10 18:00:00, 0.978267, 0:00:00, 0.0 
2020-10-12 23:00:00, 2020-10-13 08:00:00, 0.933335, 9:00:00, 0.0 
2020-10-30 00:00:00, 2020-10-30 22:00:00, 8.694322, 22:00:00, 0.0 
2020-11-16 02:00:00, 2020-11-16 02:00:00, 1.240736, 0:00:00, 0.0 
2020-12-01 00:00:00, 2020-12-01 02:00:00, 2.850559, 2:00:00, 0.0 
2020-12-17 01:00:00, 2020-12-17 17:00:00, 13.490626, 16:00:00, 0.0 
2020-12-25 07:00:00, 2020-12-25 10:00:00, 3.837618, 3:00:00, 0.0 
2021-01-04 03:00:00, 2021-01-04 05:00:00, 2.474866, 2:00:00, 0.0 
2021-01-05 05:00:00, 2021-01-06 08:00:00, 9.962618, 1 day, 3:00:00, 0.0 
2021-01-16 03:00:00, 2021-01-16 17:00:00, 8.922662, 14:00:00, 0.0 
2021-02-01 13:00:00, 2021-02-03 17:00:00, 48.145964, 2 days, 4:00:00, 0.0 
2021-02-16 14:00:00, 2021-02-16 14:00:00, 0.932283, 0:00:00, 0.0 
2021-05-29 04:00:00, 2021-05-29 17:00:00, 7.147245, 13:00:00, 0.0 
2021-10-11 04:00:00, 2021-10-11 05:00:00, 1.063854, 1:00:00, 0.0 
2021-10-11 17:00:00, 2021-10-11 19:00:00, 2.059686, 2:00:00, 0.0 
2021-10-26 16:00:00, 2021-10-31 09:00:00, 71.870478, 4 days, 17:00:00, 0.0 
2022-01-01 22:00:00, 2022-01-01 23:00:00, 0.983416, 1:00:00, 0.0 
2022-01-02 14:00:00, 2022-01-02 14:00:00, 0.911457, 0:00:00, 0.0 
2022-01-04 15:00:00, 2022-01-04 15:00:00, 1.010127, 0:00:00, 0.0 
2022-01-17 09:00:00, 2022-01-17 15:00:00, 9.387716, 6:00:00, 0.0 
2022-01-29 23:00:00, 2022-01-29 23:00:00, 0.954587, 0:00:00, 0.0 
2022-03-24 07:00:00, 2022-03-24 07:00:00, 0.914842, 0:00:00, 0.0 
2022-04-08 03:00:00, 2022-04-08 05:00:00, 2.214586, 2:00:00, 0.0 
2022-04-19 03:00:00, 2022-04-19 05:00:00, 3.224247, 2:00:00, 0.0 
2022-05-07 16:00:00, 2022-05-10 09:00:00, 22.349163, 2 days, 17:00:00, 0.0 
2022-10-02 17:00:00, 2022-10-04 22:00:00, 25.379729, 2 days, 5:00:00, 0.0 
2022-10-14 13:00:00, 2022-10-14 14:00:00, 1.087026, 1:00:00, 0.0 
2022-11-16 06:00:00, 2022-11-16 07:00:00, 1.134415, 1:00:00, 0.0 
2022-12-10 14:00:00, 2022-12-12 04:00:00, 7.951740, 1 day, 14:00:00, 0.0 
2022-12-15 16:00:00, 2022-12-17 06:00:00, 39.118303, 1 day, 14:00:00, 0.0 
2022-12-23 00:00:00, 2022-12-23 14:00:00, 14.521504, 14:00:00, 0.0 
