1927-08-27 03:00:00, 1927-08-27 05:00:00, 2.304610, 2:00:00, 0.0 
1928-03-10 16:00:00, 1928-03-10 16:00:00, 0.662479, 0:00:00, 0.0 
1928-03-18 08:00:00, 1928-03-18 12:00:00, 3.454610, 4:00:00, 0.0 
1928-04-11 07:00:00, 1928-04-12 04:00:00, 8.733194, 21:00:00, 0.0 
1928-05-07 16:00:00, 1928-05-09 20:00:00, 44.905957, 2 days, 4:00:00, 0.0 
1928-05-24 16:00:00, 1928-05-24 16:00:00, 0.664177, 0:00:00, 0.0 
1928-06-23 08:00:00, 1928-06-23 08:00:00, 0.682289, 0:00:00, 0.0 
1928-09-18 17:00:00, 1928-09-19 22:00:00, 53.913093, 1 day, 5:00:00, 0.0 
1928-09-30 17:00:00, 1928-10-02 05:00:00, 15.770658, 1 day, 12:00:00, 0.0 
1928-11-11 13:00:00, 1928-11-12 04:00:00, 8.502107, 15:00:00, 0.0 
1928-12-08 09:00:00, 1928-12-09 15:00:00, 10.981319, 1 day, 6:00:00, 0.0 
1929-02-20 12:00:00, 1929-02-20 13:00:00, 0.705071, 1:00:00, 0.0 
1929-02-21 11:00:00, 1929-02-21 14:00:00, 2.396859, 3:00:00, 0.0 
1929-04-11 02:00:00, 1929-04-12 16:00:00, 17.697509, 1 day, 14:00:00, 0.0 
1929-04-15 04:00:00, 1929-04-16 23:00:00, 40.584407, 1 day, 19:00:00, 0.0 
1929-04-22 14:00:00, 1929-04-23 03:00:00, 5.363457, 13:00:00, 0.0 
1929-05-21 02:00:00, 1929-05-21 03:00:00, 0.643040, 1:00:00, 0.0 
1929-06-03 12:00:00, 1929-06-03 12:00:00, 0.634882, 0:00:00, 0.0 
1929-06-09 13:00:00, 1929-06-11 08:00:00, 27.061947, 1 day, 19:00:00, 0.0 
1929-07-21 04:00:00, 1929-07-22 02:00:00, 5.658113, 22:00:00, 0.0 
1929-09-21 03:00:00, 1929-09-24 04:00:00, 72.125316, 3 days, 1:00:00, 0.0 
1929-10-01 13:00:00, 1929-10-02 16:00:00, 23.076869, 1 day, 3:00:00, 0.0 
1929-11-23 22:00:00, 1929-11-23 22:00:00, 0.710001, 0:00:00, 0.0 
1929-12-12 10:00:00, 1929-12-12 13:00:00, 2.240499, 3:00:00, 0.0 
1929-12-16 15:00:00, 1929-12-16 16:00:00, 0.697147, 1:00:00, 0.0 
1929-12-23 09:00:00, 1929-12-23 21:00:00, 3.828153, 12:00:00, 0.0 
1929-12-24 11:00:00, 1929-12-24 11:00:00, 0.668902, 0:00:00, 0.0 
1930-01-11 09:00:00, 1930-01-11 13:00:00, 3.092447, 4:00:00, 0.0 
1930-01-16 14:00:00, 1930-01-16 18:00:00, 3.153668, 4:00:00, 0.0 
1930-01-23 10:00:00, 1930-01-23 12:00:00, 1.383477, 2:00:00, 0.0 
1930-01-29 13:00:00, 1930-01-29 16:00:00, 2.712720, 3:00:00, 0.0 
1930-01-30 11:00:00, 1930-01-31 17:00:00, 22.361283, 1 day, 6:00:00, 0.0 
1930-02-05 08:00:00, 1930-02-05 20:00:00, 2.793881, 12:00:00, 0.0 
1930-02-16 06:00:00, 1930-02-16 06:00:00, 0.782000, 0:00:00, 0.0 
1930-03-08 18:00:00, 1930-03-08 22:00:00, 3.111562, 4:00:00, 0.0 
1930-08-21 09:00:00, 1930-08-24 02:00:00, 45.064605, 2 days, 17:00:00, 0.0 
1930-10-09 16:00:00, 1930-10-10 18:00:00, 8.433331, 1 day, 2:00:00, 0.0 
1930-11-04 08:00:00, 1930-11-04 14:00:00, 11.995561, 6:00:00, 0.0 
1930-12-29 08:00:00, 1930-12-29 11:00:00, 2.174751, 3:00:00, 0.0 
1931-01-15 00:00:00, 1931-01-15 00:00:00, 0.665367, 0:00:00, 0.0 
1931-03-03 13:00:00, 1931-03-05 17:00:00, 21.366401, 2 days, 4:00:00, 0.0 
1931-03-17 15:00:00, 1931-03-17 16:00:00, 0.752740, 1:00:00, 0.0 
1931-03-22 17:00:00, 1931-03-24 08:00:00, 30.985575, 1 day, 15:00:00, 0.0 
1931-04-06 07:00:00, 1931-04-07 08:00:00, 7.346122, 1 day, 1:00:00, 0.0 
1931-05-14 00:00:00, 1931-05-14 00:00:00, 0.757220, 0:00:00, 0.0 
1931-06-11 00:00:00, 1931-06-11 01:00:00, 0.697252, 1:00:00, 0.0 
1931-08-21 23:00:00, 1931-08-23 14:00:00, 36.984245, 1 day, 15:00:00, 0.0 
1931-09-29 06:00:00, 1931-09-29 06:00:00, 0.706400, 0:00:00, 0.0 
1932-01-01 05:00:00, 1932-01-02 23:00:00, 28.921577, 1 day, 18:00:00, 0.0 
1932-01-09 17:00:00, 1932-01-10 18:00:00, 7.888688, 1 day, 1:00:00, 0.0 
1932-02-04 14:00:00, 1932-02-05 00:00:00, 1.331486, 10:00:00, 0.0 
1932-02-09 04:00:00, 1932-02-09 06:00:00, 1.636899, 2:00:00, 0.0 
1932-02-28 08:00:00, 1932-03-01 22:00:00, 23.497013, 2 days, 14:00:00, 0.0 
1932-03-02 12:00:00, 1932-03-06 19:00:00, 53.626836, 4 days, 7:00:00, 0.0 
1932-04-10 04:00:00, 1932-04-10 06:00:00, 1.456025, 2:00:00, 0.0 
1932-05-12 05:00:00, 1932-05-12 09:00:00, 0.673280, 4:00:00, 0.0 
1932-05-13 05:00:00, 1932-05-13 07:00:00, 1.470557, 2:00:00, 0.0 
1932-09-08 04:00:00, 1932-09-10 02:00:00, 34.182343, 1 day, 22:00:00, 0.0 
1932-09-16 05:00:00, 1932-09-16 15:00:00, 4.261386, 10:00:00, 0.0 
1932-11-09 01:00:00, 1932-11-11 03:00:00, 39.717680, 2 days, 2:00:00, 0.0 
1932-11-20 04:00:00, 1932-11-20 05:00:00, 0.676842, 1:00:00, 0.0 
1932-11-26 22:00:00, 1932-12-01 06:00:00, 70.411428, 4 days, 8:00:00, 0.0 
1932-12-17 17:00:00, 1932-12-17 20:00:00, 2.637650, 3:00:00, 0.0 
1933-01-26 00:00:00, 1933-01-29 19:00:00, 83.761644, 3 days, 19:00:00, 0.0 
1933-04-04 06:00:00, 1933-04-04 06:00:00, 0.689883, 0:00:00, 0.0 
1933-04-12 14:00:00, 1933-04-12 17:00:00, 2.293127, 3:00:00, 0.0 
1933-04-20 00:00:00, 1933-04-22 03:00:00, 55.246054, 2 days, 3:00:00, 0.0 
1933-06-01 17:00:00, 1933-06-01 22:00:00, 4.024161, 5:00:00, 0.0 
1933-06-02 10:00:00, 1933-06-03 00:00:00, 2.915788, 14:00:00, 0.0 
1933-07-03 17:00:00, 1933-07-05 00:00:00, 40.352231, 1 day, 7:00:00, 0.0 
1933-07-12 16:00:00, 1933-07-13 04:00:00, 4.610829, 12:00:00, 0.0 
1933-07-14 07:00:00, 1933-07-14 07:00:00, 0.734630, 0:00:00, 0.0 
1933-08-21 11:00:00, 1933-08-22 05:00:00, 6.884230, 18:00:00, 0.0 
1933-08-22 23:00:00, 1933-08-23 19:00:00, 76.766382, 20:00:00, 0.0 
1933-09-15 19:00:00, 1933-09-18 04:00:00, 101.670361, 2 days, 9:00:00, 0.0 
1933-10-06 00:00:00, 1933-10-07 02:00:00, 11.853031, 1 day, 2:00:00, 0.0 
1933-10-25 16:00:00, 1933-10-25 16:00:00, 0.692748, 0:00:00, 0.0 
1933-11-05 16:00:00, 1933-11-06 06:00:00, 4.476301, 14:00:00, 0.0 
1934-01-03 17:00:00, 1934-01-03 18:00:00, 0.667846, 1:00:00, 0.0 
1934-01-29 11:00:00, 1934-01-29 11:00:00, 0.705442, 0:00:00, 0.0 
1934-02-09 12:00:00, 1934-02-09 12:00:00, 0.664128, 0:00:00, 0.0 
1934-02-20 04:00:00, 1934-02-20 04:00:00, 0.697590, 0:00:00, 0.0 
1934-03-20 08:00:00, 1934-03-20 20:00:00, 13.801460, 12:00:00, 0.0 
1934-03-23 09:00:00, 1934-03-23 22:00:00, 4.127540, 13:00:00, 0.0 
1934-04-12 10:00:00, 1934-04-12 15:00:00, 3.811196, 5:00:00, 0.0 
1934-05-26 11:00:00, 1934-05-27 15:00:00, 9.051160, 1 day, 4:00:00, 0.0 
1934-05-29 00:00:00, 1934-05-29 05:00:00, 4.595503, 5:00:00, 0.0 
1934-10-05 10:00:00, 1934-10-05 21:00:00, 4.642070, 11:00:00, 0.0 
1934-10-13 05:00:00, 1934-10-13 08:00:00, 2.360888, 3:00:00, 0.0 
1934-11-26 17:00:00, 1934-11-28 04:00:00, 12.062649, 1 day, 11:00:00, 0.0 
1934-12-11 03:00:00, 1934-12-11 21:00:00, 11.487282, 18:00:00, 0.0 
1935-01-23 03:00:00, 1935-01-24 18:00:00, 35.533017, 1 day, 15:00:00, 0.0 
1935-03-13 07:00:00, 1935-03-13 08:00:00, 0.747317, 1:00:00, 0.0 
1935-03-26 07:00:00, 1935-03-26 08:00:00, 0.709230, 1:00:00, 0.0 
1935-04-07 02:00:00, 1935-04-09 08:00:00, 24.371801, 2 days, 6:00:00, 0.0 
1935-04-11 08:00:00, 1935-04-11 11:00:00, 0.720895, 3:00:00, 0.0 
1935-04-11 23:00:00, 1935-04-13 13:00:00, 16.255679, 1 day, 14:00:00, 0.0 
1935-04-16 03:00:00, 1935-04-16 03:00:00, 0.761866, 0:00:00, 0.0 
1935-08-08 05:00:00, 1935-08-08 05:00:00, 0.632205, 0:00:00, 0.0 
1935-11-01 18:00:00, 1935-11-02 08:00:00, 6.130624, 14:00:00, 0.0 
1935-11-14 06:00:00, 1935-11-14 20:00:00, 3.935683, 14:00:00, 0.0 
1935-11-15 19:00:00, 1935-11-18 23:00:00, 66.343636, 3 days, 4:00:00, 0.0 
1935-11-23 12:00:00, 1935-11-23 12:00:00, 0.786216, 0:00:00, 0.0 
1935-12-13 06:00:00, 1935-12-15 19:00:00, 38.398100, 2 days, 13:00:00, 0.0 
1936-01-19 09:00:00, 1936-01-19 12:00:00, 2.386849, 3:00:00, 0.0 
1936-02-07 11:00:00, 1936-02-07 18:00:00, 10.665938, 7:00:00, 0.0 
1936-02-11 06:00:00, 1936-02-11 06:00:00, 0.719269, 0:00:00, 0.0 
1936-02-15 05:00:00, 1936-02-16 10:00:00, 6.930490, 1 day, 5:00:00, 0.0 
1936-02-22 16:00:00, 1936-02-22 16:00:00, 0.680960, 0:00:00, 0.0 
1936-03-18 10:00:00, 1936-03-18 20:00:00, 1.278890, 10:00:00, 0.0 
1936-03-21 00:00:00, 1936-03-21 02:00:00, 1.479667, 2:00:00, 0.0 
1936-04-03 09:00:00, 1936-04-03 09:00:00, 0.661184, 0:00:00, 0.0 
1936-06-24 03:00:00, 1936-06-24 07:00:00, 3.037097, 4:00:00, 0.0 
1936-06-25 03:00:00, 1936-06-25 08:00:00, 4.051165, 5:00:00, 0.0 
1936-09-18 00:00:00, 1936-09-18 21:00:00, 56.018342, 21:00:00, 0.0 
1936-09-30 14:00:00, 1936-09-30 17:00:00, 2.895042, 3:00:00, 0.0 
1936-10-17 03:00:00, 1936-10-17 03:00:00, 0.879088, 0:00:00, 0.0 
1936-10-27 09:00:00, 1936-10-27 14:00:00, 2.208548, 5:00:00, 0.0 
1936-12-13 16:00:00, 1936-12-13 16:00:00, 0.682200, 0:00:00, 0.0 
1936-12-19 15:00:00, 1936-12-19 15:00:00, 0.685440, 0:00:00, 0.0 
1937-01-20 19:00:00, 1937-01-20 21:00:00, 1.398238, 2:00:00, 0.0 
1937-01-24 00:00:00, 1937-01-24 01:00:00, 0.737966, 1:00:00, 0.0 
1937-01-27 16:00:00, 1937-01-27 17:00:00, 0.662880, 1:00:00, 0.0 
1937-01-28 05:00:00, 1937-02-01 06:00:00, 68.674200, 4 days, 1:00:00, 0.0 
1937-02-01 18:00:00, 1937-02-01 18:00:00, 0.678547, 0:00:00, 0.0 
1937-02-02 08:00:00, 1937-02-02 08:00:00, 0.699788, 0:00:00, 0.0 
1937-02-05 07:00:00, 1937-02-08 00:00:00, 33.220845, 2 days, 17:00:00, 0.0 
1937-02-17 06:00:00, 1937-02-17 09:00:00, 2.568345, 3:00:00, 0.0 
1937-02-18 18:00:00, 1937-02-19 11:00:00, 6.647174, 17:00:00, 0.0 
1937-02-22 12:00:00, 1937-02-22 14:00:00, 1.428540, 2:00:00, 0.0 
1937-04-25 04:00:00, 1937-04-27 17:00:00, 28.596014, 2 days, 13:00:00, 0.0 
1937-07-20 21:00:00, 1937-07-22 04:00:00, 17.162985, 1 day, 7:00:00, 0.0 
1937-09-07 15:00:00, 1937-09-07 15:00:00, 0.826546, 0:00:00, 0.0 
1937-09-28 10:00:00, 1937-09-28 10:00:00, 0.719691, 0:00:00, 0.0 
1937-11-12 11:00:00, 1937-11-14 00:00:00, 16.701626, 1 day, 13:00:00, 0.0 
1937-12-02 23:00:00, 1937-12-07 06:00:00, 36.537318, 4 days, 7:00:00, 0.0 
1938-01-02 16:00:00, 1938-01-02 16:00:00, 0.733151, 0:00:00, 0.0 
1938-01-15 13:00:00, 1938-01-15 16:00:00, 2.480435, 3:00:00, 0.0 
1938-01-18 04:00:00, 1938-01-19 18:00:00, 10.997932, 1 day, 14:00:00, 0.0 
1938-02-20 20:00:00, 1938-02-21 10:00:00, 4.652036, 14:00:00, 0.0 
1938-02-22 06:00:00, 1938-02-22 10:00:00, 2.235575, 4:00:00, 0.0 
1938-02-24 12:00:00, 1938-02-24 12:00:00, 0.764142, 0:00:00, 0.0 
1938-02-28 11:00:00, 1938-02-28 11:00:00, 0.679385, 0:00:00, 0.0 
1938-03-04 04:00:00, 1938-03-04 06:00:00, 1.620607, 2:00:00, 0.0 
1938-03-18 06:00:00, 1938-03-18 18:00:00, 4.387623, 12:00:00, 0.0 
1938-04-07 20:00:00, 1938-04-08 11:00:00, 4.874116, 15:00:00, 0.0 
1938-05-30 03:00:00, 1938-05-31 17:00:00, 26.154374, 1 day, 14:00:00, 0.0 
1938-06-29 13:00:00, 1938-06-29 17:00:00, 3.181700, 4:00:00, 0.0 
1938-09-30 21:00:00, 1938-09-30 23:00:00, 1.501953, 2:00:00, 0.0 
1938-10-03 21:00:00, 1938-10-04 01:00:00, 3.174970, 4:00:00, 0.0 
1938-10-07 10:00:00, 1938-10-07 15:00:00, 4.066482, 5:00:00, 0.0 
1938-10-29 09:00:00, 1938-11-01 09:00:00, 27.409364, 3 days, 0:00:00, 0.0 
1938-11-25 02:00:00, 1938-11-25 06:00:00, 3.934670, 4:00:00, 0.0 
1938-12-22 00:00:00, 1938-12-22 00:00:00, 0.669440, 0:00:00, 0.0 
1939-01-19 01:00:00, 1939-01-20 15:00:00, 7.787086, 1 day, 14:00:00, 0.0 
1939-01-31 22:00:00, 1939-02-01 00:00:00, 1.427616, 2:00:00, 0.0 
1939-03-13 05:00:00, 1939-03-13 22:00:00, 10.040085, 17:00:00, 0.0 
1939-03-16 10:00:00, 1939-03-16 10:00:00, 0.741290, 0:00:00, 0.0 
1939-04-28 19:00:00, 1939-04-30 02:00:00, 25.908400, 1 day, 7:00:00, 0.0 
1939-05-01 02:00:00, 1939-05-01 02:00:00, 0.951121, 0:00:00, 0.0 
1939-05-03 11:00:00, 1939-05-04 05:00:00, 7.134818, 18:00:00, 0.0 
1939-07-22 21:00:00, 1939-07-22 21:00:00, 0.703544, 0:00:00, 0.0 
1939-08-28 02:00:00, 1939-08-30 05:00:00, 30.885603, 2 days, 3:00:00, 0.0 
1939-08-31 04:00:00, 1939-08-31 05:00:00, 0.745154, 1:00:00, 0.0 
1939-10-31 16:00:00, 1939-10-31 16:00:00, 0.810675, 0:00:00, 0.0 
1939-11-20 08:00:00, 1939-11-23 09:00:00, 66.561086, 3 days, 1:00:00, 0.0 
1939-11-24 00:00:00, 1939-11-24 00:00:00, 0.722456, 0:00:00, 0.0 
1939-11-25 02:00:00, 1939-11-27 01:00:00, 16.335987, 1 day, 23:00:00, 0.0 
1939-12-27 15:00:00, 1939-12-27 17:00:00, 1.937876, 2:00:00, 0.0 
1940-01-08 15:00:00, 1940-01-08 15:00:00, 0.703194, 0:00:00, 0.0 
1940-01-09 16:00:00, 1940-01-09 16:00:00, 0.755144, 0:00:00, 0.0 
1940-01-14 16:00:00, 1940-01-14 19:00:00, 2.217990, 3:00:00, 0.0 
1940-01-15 19:00:00, 1940-01-15 19:00:00, 0.678697, 0:00:00, 0.0 
1940-01-24 03:00:00, 1940-01-24 17:00:00, 28.681208, 14:00:00, 0.0 
1940-02-19 08:00:00, 1940-02-21 15:00:00, 24.357118, 2 days, 7:00:00, 0.0 
1940-03-04 23:00:00, 1940-03-06 02:00:00, 8.666821, 1 day, 3:00:00, 0.0 
1940-05-23 02:00:00, 1940-05-25 05:00:00, 21.286874, 2 days, 3:00:00, 0.0 
1940-05-30 08:00:00, 1940-05-31 00:00:00, 7.289399, 16:00:00, 0.0 
1940-09-30 22:00:00, 1940-10-02 05:00:00, 20.308942, 1 day, 7:00:00, 0.0 
1940-10-16 23:00:00, 1940-10-17 05:00:00, 3.146199, 6:00:00, 0.0 
1940-12-28 00:00:00, 1940-12-29 16:00:00, 14.685394, 1 day, 16:00:00, 0.0 
1941-01-03 16:00:00, 1941-01-04 20:00:00, 12.134619, 1 day, 4:00:00, 0.0 
1941-01-10 23:00:00, 1941-01-10 23:00:00, 0.672607, 0:00:00, 0.0 
1941-01-11 13:00:00, 1941-01-14 04:00:00, 32.845075, 2 days, 15:00:00, 0.0 
1941-01-14 16:00:00, 1941-01-14 16:00:00, 0.710288, 0:00:00, 0.0 
1941-01-16 16:00:00, 1941-01-17 18:00:00, 6.328447, 1 day, 2:00:00, 0.0 
1941-01-25 12:00:00, 1941-01-25 15:00:00, 2.702870, 3:00:00, 0.0 
1941-01-27 12:00:00, 1941-01-29 17:00:00, 19.308102, 2 days, 5:00:00, 0.0 
1941-02-14 14:00:00, 1941-02-15 19:00:00, 14.529160, 1 day, 5:00:00, 0.0 
1941-03-01 06:00:00, 1941-03-01 06:00:00, 0.653097, 0:00:00, 0.0 
1941-04-06 06:00:00, 1941-04-06 06:00:00, 0.666754, 0:00:00, 0.0 
1941-05-03 05:00:00, 1941-05-03 16:00:00, 5.759783, 11:00:00, 0.0 
1941-09-20 04:00:00, 1941-09-20 04:00:00, 0.681120, 0:00:00, 0.0 
1941-12-13 10:00:00, 1941-12-13 11:00:00, 0.747961, 1:00:00, 0.0 
1942-01-28 09:00:00, 1942-01-29 15:00:00, 19.614237, 1 day, 6:00:00, 0.0 
1942-02-07 08:00:00, 1942-02-07 08:00:00, 0.669743, 0:00:00, 0.0 
1942-02-24 19:00:00, 1942-02-25 12:00:00, 7.986226, 17:00:00, 0.0 
1942-03-03 00:00:00, 1942-03-03 05:00:00, 6.190706, 5:00:00, 0.0 
1942-03-28 20:00:00, 1942-03-29 15:00:00, 28.333357, 19:00:00, 0.0 
1942-04-11 11:00:00, 1942-04-11 11:00:00, 0.773996, 0:00:00, 0.0 
1942-04-11 23:00:00, 1942-04-11 23:00:00, 1.115011, 0:00:00, 0.0 
1942-08-06 07:00:00, 1942-08-06 12:00:00, 3.038090, 5:00:00, 0.0 
1943-09-30 04:00:00, 1943-10-01 05:00:00, 28.984759, 1 day, 1:00:00, 0.0 
1943-10-11 00:00:00, 1943-10-11 03:00:00, 2.429598, 3:00:00, 0.0 
1943-10-25 14:00:00, 1943-10-28 04:00:00, 41.157629, 2 days, 14:00:00, 0.0 
1943-12-29 13:00:00, 1943-12-29 18:00:00, 5.107791, 5:00:00, 0.0 
1944-01-04 09:00:00, 1944-01-07 00:00:00, 25.221512, 2 days, 15:00:00, 0.0 
1944-01-09 13:00:00, 1944-01-09 16:00:00, 2.412143, 3:00:00, 0.0 
1944-02-10 01:00:00, 1944-02-10 01:00:00, 0.695661, 0:00:00, 0.0 
1944-02-29 17:00:00, 1944-02-29 20:00:00, 2.459548, 3:00:00, 0.0 
1944-03-05 08:00:00, 1944-03-05 14:00:00, 5.255138, 6:00:00, 0.0 
1944-03-19 22:00:00, 1944-03-20 00:00:00, 1.865428, 2:00:00, 0.0 
1944-04-13 04:00:00, 1944-04-13 04:00:00, 0.805053, 0:00:00, 0.0 
1944-04-28 03:00:00, 1944-04-28 09:00:00, 5.423825, 6:00:00, 0.0 
1944-06-04 10:00:00, 1944-06-05 03:00:00, 7.920106, 17:00:00, 0.0 
1944-08-08 18:00:00, 1944-08-09 08:00:00, 5.553140, 14:00:00, 0.0 
1944-09-14 14:00:00, 1944-09-15 02:00:00, 12.072227, 12:00:00, 0.0 
1944-09-30 14:00:00, 1944-10-01 04:00:00, 9.181865, 14:00:00, 0.0 
1944-10-20 14:00:00, 1944-10-20 19:00:00, 5.996474, 5:00:00, 0.0 
1944-10-29 13:00:00, 1944-10-29 15:00:00, 1.783530, 2:00:00, 0.0 
1944-11-17 18:00:00, 1944-11-19 19:00:00, 19.155604, 2 days, 1:00:00, 0.0 
1944-11-20 18:00:00, 1944-11-20 20:00:00, 1.450836, 2:00:00, 0.0 
1944-11-23 22:00:00, 1944-11-23 22:00:00, 0.734187, 0:00:00, 0.0 
1944-11-24 10:00:00, 1944-11-24 10:00:00, 0.734298, 0:00:00, 0.0 
1944-11-30 04:00:00, 1944-11-30 04:00:00, 0.687077, 0:00:00, 0.0 
1944-12-08 06:00:00, 1944-12-08 11:00:00, 4.394438, 5:00:00, 0.0 
1945-01-08 21:00:00, 1945-01-08 22:00:00, 0.681959, 1:00:00, 0.0 
1945-01-16 03:00:00, 1945-01-16 05:00:00, 1.674795, 2:00:00, 0.0 
1945-06-26 04:00:00, 1945-06-26 15:00:00, 13.629305, 11:00:00, 0.0 
1945-09-17 10:00:00, 1945-09-19 01:00:00, 41.040796, 1 day, 15:00:00, 0.0 
1945-11-04 14:00:00, 1945-11-04 17:00:00, 1.478651, 3:00:00, 0.0 
1945-11-14 22:00:00, 1945-11-15 07:00:00, 4.171051, 9:00:00, 0.0 
1945-11-29 23:00:00, 1945-12-03 16:00:00, 43.924323, 3 days, 17:00:00, 0.0 
1945-12-05 00:00:00, 1945-12-08 03:00:00, 85.086299, 3 days, 3:00:00, 0.0 
1945-12-19 13:00:00, 1945-12-19 14:00:00, 0.834406, 1:00:00, 0.0 
1945-12-31 00:00:00, 1945-12-31 00:00:00, 0.672511, 0:00:00, 0.0 
1945-12-31 14:00:00, 1945-12-31 14:00:00, 0.759236, 0:00:00, 0.0 
1946-01-16 14:00:00, 1946-01-18 17:00:00, 22.833718, 2 days, 3:00:00, 0.0 
1946-01-21 06:00:00, 1946-01-21 15:00:00, 0.698704, 9:00:00, 0.0 
1946-01-22 16:00:00, 1946-01-22 18:00:00, 0.749390, 2:00:00, 0.0 
1946-02-10 22:00:00, 1946-02-11 12:00:00, 8.648527, 14:00:00, 0.0 
1946-02-24 19:00:00, 1946-02-25 11:00:00, 6.369464, 16:00:00, 0.0 
1946-03-19 13:00:00, 1946-03-21 19:00:00, 58.499933, 2 days, 6:00:00, 0.0 
1946-03-30 22:00:00, 1946-03-31 15:00:00, 10.808586, 17:00:00, 0.0 
1946-05-04 02:00:00, 1946-05-04 19:00:00, 10.407394, 17:00:00, 0.0 
1946-05-29 01:00:00, 1946-05-30 04:00:00, 15.229302, 1 day, 3:00:00, 0.0 
1946-06-03 05:00:00, 1946-06-03 06:00:00, 0.773930, 1:00:00, 0.0 
1946-07-16 14:00:00, 1946-07-17 17:00:00, 11.150827, 1 day, 3:00:00, 0.0 
1946-09-13 12:00:00, 1946-09-14 19:00:00, 21.388268, 1 day, 7:00:00, 0.0 
1946-10-09 02:00:00, 1946-10-11 05:00:00, 34.626947, 2 days, 3:00:00, 0.0 
1946-10-22 03:00:00, 1946-10-22 03:00:00, 0.681794, 0:00:00, 0.0 
1946-11-19 01:00:00, 1946-11-19 01:00:00, 0.682403, 0:00:00, 0.0 
1946-12-30 18:00:00, 1946-12-30 19:00:00, 0.728050, 1:00:00, 0.0 
1947-01-14 10:00:00, 1947-01-14 21:00:00, 2.172441, 11:00:00, 0.0 
1947-01-27 19:00:00, 1947-01-27 19:00:00, 0.665221, 0:00:00, 0.0 
1947-02-08 14:00:00, 1947-02-08 14:00:00, 0.661277, 0:00:00, 0.0 
1947-02-19 11:00:00, 1947-02-19 16:00:00, 5.006372, 5:00:00, 0.0 
1947-02-20 12:00:00, 1947-02-21 17:00:00, 18.757680, 1 day, 5:00:00, 0.0 
1947-03-08 14:00:00, 1947-03-08 18:00:00, 4.834794, 4:00:00, 0.0 
1947-04-22 00:00:00, 1947-04-23 04:00:00, 13.399938, 1 day, 4:00:00, 0.0 
1947-06-09 04:00:00, 1947-06-09 04:00:00, 0.742038, 0:00:00, 0.0 
1947-09-24 21:00:00, 1947-09-26 02:00:00, 19.799875, 1 day, 5:00:00, 0.0 
1947-09-27 03:00:00, 1947-09-27 03:00:00, 0.679025, 0:00:00, 0.0 
1947-11-01 00:00:00, 1947-11-04 08:00:00, 91.221271, 3 days, 8:00:00, 0.0 
1947-11-05 05:00:00, 1947-11-05 09:00:00, 2.249854, 4:00:00, 0.0 
1947-11-05 22:00:00, 1947-11-06 10:00:00, 2.101093, 12:00:00, 0.0 
1947-11-09 00:00:00, 1947-11-09 02:00:00, 1.771493, 2:00:00, 0.0 
1947-11-12 14:00:00, 1947-11-12 15:00:00, 0.809727, 1:00:00, 0.0 
1947-11-16 02:00:00, 1947-11-16 06:00:00, 3.112162, 4:00:00, 0.0 
1948-01-05 07:00:00, 1948-01-06 00:00:00, 12.666809, 17:00:00, 0.0 
1948-01-07 00:00:00, 1948-01-07 00:00:00, 0.660928, 0:00:00, 0.0 
1948-01-24 13:00:00, 1948-01-24 15:00:00, 1.991354, 2:00:00, 0.0 
1948-02-01 08:00:00, 1948-02-01 21:00:00, 5.415433, 13:00:00, 0.0 
1948-02-10 11:00:00, 1948-02-10 17:00:00, 7.172883, 6:00:00, 0.0 
1948-02-22 09:00:00, 1948-02-24 04:00:00, 26.628424, 1 day, 19:00:00, 0.0 
1948-03-04 23:00:00, 1948-03-05 14:00:00, 6.666585, 15:00:00, 0.0 
1948-03-12 05:00:00, 1948-03-12 05:00:00, 0.722373, 0:00:00, 0.0 
1948-04-28 18:00:00, 1948-04-29 09:00:00, 9.061710, 15:00:00, 0.0 
1948-06-03 13:00:00, 1948-06-04 02:00:00, 3.300054, 13:00:00, 0.0 
1948-07-08 04:00:00, 1948-07-08 06:00:00, 1.474591, 2:00:00, 0.0 
1948-09-01 00:00:00, 1948-09-01 01:00:00, 0.812772, 1:00:00, 0.0 
1948-09-24 03:00:00, 1948-09-24 09:00:00, 5.591148, 6:00:00, 0.0 
1948-10-05 04:00:00, 1948-10-06 01:00:00, 24.961994, 21:00:00, 0.0 
1948-10-07 07:00:00, 1948-10-07 08:00:00, 0.716975, 1:00:00, 0.0 
1948-10-07 21:00:00, 1948-10-07 21:00:00, 0.718253, 0:00:00, 0.0 
1948-10-24 19:00:00, 1948-10-26 11:00:00, 20.816562, 1 day, 16:00:00, 0.0 
1948-11-29 01:00:00, 1948-11-29 03:00:00, 1.790688, 2:00:00, 0.0 
1948-11-29 23:00:00, 1948-11-30 04:00:00, 5.258290, 5:00:00, 0.0 
1948-11-30 16:00:00, 1948-11-30 16:00:00, 0.720203, 0:00:00, 0.0 
1948-12-04 16:00:00, 1948-12-04 19:00:00, 2.883568, 3:00:00, 0.0 
1948-12-05 18:00:00, 1948-12-06 08:00:00, 3.673678, 14:00:00, 0.0 
1948-12-20 18:00:00, 1948-12-20 20:00:00, 1.591692, 2:00:00, 0.0 
1949-01-29 13:00:00, 1949-01-29 16:00:00, 2.420148, 3:00:00, 0.0 
1949-02-10 23:00:00, 1949-02-11 00:00:00, 0.725761, 1:00:00, 0.0 
1949-02-26 00:00:00, 1949-02-26 03:00:00, 1.458524, 3:00:00, 0.0 
1949-03-01 01:00:00, 1949-03-01 01:00:00, 0.705341, 0:00:00, 0.0 
1949-03-10 23:00:00, 1949-03-11 10:00:00, 3.676040, 11:00:00, 0.0 
1949-05-11 10:00:00, 1949-05-12 16:00:00, 22.775463, 1 day, 6:00:00, 0.0 
1949-06-29 05:00:00, 1949-06-29 16:00:00, 3.684857, 11:00:00, 0.0 
1949-09-12 17:00:00, 1949-09-13 07:00:00, 11.328445, 14:00:00, 0.0 
1949-10-16 05:00:00, 1949-10-21 02:00:00, 77.231314, 4 days, 21:00:00, 0.0 
1949-11-01 20:00:00, 1949-11-02 03:00:00, 8.546470, 7:00:00, 0.0 
1950-02-08 08:00:00, 1950-02-08 08:00:00, 0.686251, 0:00:00, 0.0 
1950-02-14 23:00:00, 1950-02-16 16:00:00, 17.554585, 1 day, 17:00:00, 0.0 
1950-02-17 12:00:00, 1950-02-17 16:00:00, 3.018215, 4:00:00, 0.0 
1950-03-23 02:00:00, 1950-03-23 02:00:00, 0.721909, 0:00:00, 0.0 
1950-04-09 07:00:00, 1950-04-09 11:00:00, 3.936713, 4:00:00, 0.0 
1950-09-07 00:00:00, 1950-09-07 01:00:00, 0.743266, 1:00:00, 0.0 
1950-09-12 16:00:00, 1950-09-14 06:00:00, 21.290059, 1 day, 14:00:00, 0.0 
1950-09-24 12:00:00, 1950-09-24 12:00:00, 0.796611, 0:00:00, 0.0 
1950-10-24 01:00:00, 1950-10-25 01:00:00, 6.269220, 1 day, 0:00:00, 0.0 
1950-11-25 11:00:00, 1950-11-25 17:00:00, 2.498424, 6:00:00, 0.0 
1950-12-08 01:00:00, 1950-12-08 02:00:00, 0.680308, 1:00:00, 0.0 
1950-12-08 15:00:00, 1950-12-09 03:00:00, 3.052109, 12:00:00, 0.0 
1950-12-10 16:00:00, 1950-12-11 05:00:00, 6.304821, 13:00:00, 0.0 
1950-12-18 07:00:00, 1950-12-18 12:00:00, 4.822245, 5:00:00, 0.0 
1951-01-25 15:00:00, 1951-01-25 18:00:00, 2.641120, 3:00:00, 0.0 
1951-02-22 00:00:00, 1951-02-22 17:00:00, 7.809939, 17:00:00, 0.0 
1951-03-04 09:00:00, 1951-03-05 11:00:00, 8.439686, 1 day, 2:00:00, 0.0 
1951-03-10 02:00:00, 1951-03-10 03:00:00, 0.814653, 1:00:00, 0.0 
1951-03-13 03:00:00, 1951-03-14 10:00:00, 33.078318, 1 day, 7:00:00, 0.0 
1951-05-18 13:00:00, 1951-05-19 15:00:00, 20.754371, 1 day, 2:00:00, 0.0 
1951-06-10 16:00:00, 1951-06-12 09:00:00, 25.025494, 1 day, 17:00:00, 0.0 
1951-10-04 01:00:00, 1951-10-05 08:00:00, 31.975017, 1 day, 7:00:00, 0.0 
1951-10-08 10:00:00, 1951-10-08 10:00:00, 0.683559, 0:00:00, 0.0 
1951-10-10 21:00:00, 1951-10-11 14:00:00, 14.956475, 17:00:00, 0.0 
1951-10-18 04:00:00, 1951-10-19 19:00:00, 33.565306, 1 day, 15:00:00, 0.0 
1952-01-07 09:00:00, 1952-01-07 13:00:00, 3.824309, 4:00:00, 0.0 
1952-01-08 09:00:00, 1952-01-10 16:00:00, 22.387411, 2 days, 7:00:00, 0.0 
1952-02-04 22:00:00, 1952-02-04 22:00:00, 0.658300, 0:00:00, 0.0 
1952-02-17 20:00:00, 1952-02-17 20:00:00, 0.703173, 0:00:00, 0.0 
1952-02-24 15:00:00, 1952-02-25 16:00:00, 8.152109, 1 day, 1:00:00, 0.0 
1952-02-27 02:00:00, 1952-02-28 18:00:00, 21.539219, 1 day, 16:00:00, 0.0 
1952-07-01 05:00:00, 1952-07-01 11:00:00, 6.077098, 6:00:00, 0.0 
1952-09-09 05:00:00, 1952-09-09 08:00:00, 1.571261, 3:00:00, 0.0 
1952-10-10 21:00:00, 1952-10-11 00:00:00, 2.234624, 3:00:00, 0.0 
1952-11-21 13:00:00, 1952-11-22 21:00:00, 20.297400, 1 day, 8:00:00, 0.0 
1952-12-03 14:00:00, 1952-12-05 18:00:00, 30.652651, 2 days, 4:00:00, 0.0 
1952-12-22 05:00:00, 1952-12-24 10:00:00, 36.937023, 2 days, 5:00:00, 0.0 
1953-01-01 04:00:00, 1953-01-01 17:00:00, 6.014950, 13:00:00, 0.0 
1953-01-03 16:00:00, 1953-01-03 16:00:00, 0.753434, 0:00:00, 0.0 
1953-01-10 07:00:00, 1953-01-12 00:00:00, 17.965382, 1 day, 17:00:00, 0.0 
1953-01-21 17:00:00, 1953-01-22 21:00:00, 10.516586, 1 day, 4:00:00, 0.0 
1953-02-04 17:00:00, 1953-02-04 18:00:00, 0.744725, 1:00:00, 0.0 
1953-02-05 06:00:00, 1953-02-05 08:00:00, 1.631489, 2:00:00, 0.0 
1953-02-08 10:00:00, 1953-02-08 10:00:00, 0.709084, 0:00:00, 0.0 
1953-03-02 16:00:00, 1953-03-02 17:00:00, 0.786185, 1:00:00, 0.0 
1953-06-02 02:00:00, 1953-06-02 03:00:00, 0.828256, 1:00:00, 0.0 
1953-06-15 02:00:00, 1953-06-15 07:00:00, 4.856034, 5:00:00, 0.0 
1953-08-14 02:00:00, 1953-08-14 18:00:00, 27.097992, 16:00:00, 0.0 
1953-10-06 23:00:00, 1953-10-07 00:00:00, 0.783387, 1:00:00, 0.0 
1953-10-22 13:00:00, 1953-10-25 03:00:00, 35.923033, 2 days, 14:00:00, 0.0 
1953-11-06 11:00:00, 1953-11-07 05:00:00, 30.801777, 18:00:00, 0.0 
1954-01-11 08:00:00, 1954-01-11 21:00:00, 4.423083, 13:00:00, 0.0 
1954-01-12 10:00:00, 1954-01-12 10:00:00, 0.688540, 0:00:00, 0.0 
1954-01-22 14:00:00, 1954-01-24 19:00:00, 56.968321, 2 days, 5:00:00, 0.0 
1954-02-04 13:00:00, 1954-02-04 17:00:00, 3.226481, 4:00:00, 0.0 
1954-02-12 07:00:00, 1954-02-12 08:00:00, 0.748493, 1:00:00, 0.0 
1954-03-31 13:00:00, 1954-03-31 13:00:00, 0.716948, 0:00:00, 0.0 
1954-04-01 11:00:00, 1954-04-01 14:00:00, 2.520599, 3:00:00, 0.0 
1954-04-29 00:00:00, 1954-04-29 13:00:00, 6.782485, 13:00:00, 0.0 
1954-05-04 13:00:00, 1954-05-04 15:00:00, 1.897111, 2:00:00, 0.0 
1954-05-14 09:00:00, 1954-05-15 15:00:00, 22.628949, 1 day, 6:00:00, 0.0 
1954-05-21 01:00:00, 1954-05-21 08:00:00, 9.078339, 7:00:00, 0.0 
1954-06-17 04:00:00, 1954-06-18 16:00:00, 15.877235, 1 day, 12:00:00, 0.0 
1954-08-31 02:00:00, 1954-08-31 08:00:00, 9.617753, 6:00:00, 0.0 
1954-09-11 00:00:00, 1954-09-12 04:00:00, 21.783551, 1 day, 4:00:00, 0.0 
1954-10-07 08:00:00, 1954-10-07 13:00:00, 4.866480, 5:00:00, 0.0 
1954-10-15 18:00:00, 1954-10-15 20:00:00, 1.825470, 2:00:00, 0.0 
1954-12-06 07:00:00, 1954-12-07 01:00:00, 24.054131, 18:00:00, 0.0 
1955-01-05 09:00:00, 1955-01-06 00:00:00, 4.997643, 15:00:00, 0.0 
1955-01-06 23:00:00, 1955-01-07 02:00:00, 2.648063, 3:00:00, 0.0 
1955-01-11 14:00:00, 1955-01-12 06:00:00, 7.041057, 16:00:00, 0.0 
1955-01-19 22:00:00, 1955-01-19 23:00:00, 0.740248, 1:00:00, 0.0 
1955-03-07 01:00:00, 1955-03-07 01:00:00, 0.773620, 0:00:00, 0.0 
1955-04-26 03:00:00, 1955-04-26 04:00:00, 0.868882, 1:00:00, 0.0 
1955-06-09 01:00:00, 1955-06-10 08:00:00, 28.524024, 1 day, 7:00:00, 0.0 
1955-08-10 06:00:00, 1955-08-10 09:00:00, 2.408873, 3:00:00, 0.0 
1955-08-12 10:00:00, 1955-08-13 06:00:00, 33.863025, 20:00:00, 0.0 
1955-08-17 16:00:00, 1955-08-17 16:00:00, 0.700501, 0:00:00, 0.0 
1955-08-25 09:00:00, 1955-08-26 11:00:00, 9.348547, 1 day, 2:00:00, 0.0 
1955-09-19 12:00:00, 1955-09-20 09:00:00, 28.733382, 21:00:00, 0.0 
1955-10-14 16:00:00, 1955-10-15 10:00:00, 6.659852, 18:00:00, 0.0 
1955-11-11 01:00:00, 1955-11-11 02:00:00, 0.832966, 1:00:00, 0.0 
1956-01-05 07:00:00, 1956-01-05 11:00:00, 4.363208, 4:00:00, 0.0 
1956-01-06 10:00:00, 1956-01-06 22:00:00, 1.386325, 12:00:00, 0.0 
1956-01-07 21:00:00, 1956-01-14 02:00:00, 111.297317, 6 days, 5:00:00, 0.0 
1956-01-14 15:00:00, 1956-01-14 17:00:00, 1.583986, 2:00:00, 0.0 
1956-02-11 14:00:00, 1956-02-11 16:00:00, 1.823646, 2:00:00, 0.0 
1956-04-07 23:00:00, 1956-04-07 23:00:00, 0.814769, 0:00:00, 0.0 
1956-04-11 13:00:00, 1956-04-13 04:00:00, 63.785356, 1 day, 15:00:00, 0.0 
1956-05-08 13:00:00, 1956-05-08 14:00:00, 0.762727, 1:00:00, 0.0 
1956-08-08 05:00:00, 1956-08-08 05:00:00, 0.799564, 0:00:00, 0.0 
1956-08-22 00:00:00, 1956-08-22 05:00:00, 3.621277, 5:00:00, 0.0 
1956-09-26 14:00:00, 1956-09-28 11:00:00, 94.797630, 1 day, 21:00:00, 0.0 
1956-10-17 22:00:00, 1956-10-18 11:00:00, 6.873068, 13:00:00, 0.0 
1956-10-25 08:00:00, 1956-10-30 13:00:00, 103.039123, 5 days, 5:00:00, 0.0 
1956-11-03 15:00:00, 1956-11-04 05:00:00, 9.003141, 14:00:00, 0.0 
1956-11-27 10:00:00, 1956-11-27 10:00:00, 0.796611, 0:00:00, 0.0 
1957-01-14 13:00:00, 1957-01-14 14:00:00, 0.726805, 1:00:00, 0.0 
1957-02-12 10:00:00, 1957-02-15 17:00:00, 23.740513, 3 days, 7:00:00, 0.0 
1957-02-28 11:00:00, 1957-03-02 04:00:00, 25.030691, 1 day, 17:00:00, 0.0 
1957-03-08 08:00:00, 1957-03-09 06:00:00, 7.780808, 22:00:00, 0.0 
1957-03-21 03:00:00, 1957-03-21 06:00:00, 2.526340, 3:00:00, 0.0 
1957-05-03 14:00:00, 1957-05-03 15:00:00, 0.749775, 1:00:00, 0.0 
1957-05-21 05:00:00, 1957-05-21 10:00:00, 2.310603, 5:00:00, 0.0 
1957-06-09 00:00:00, 1957-06-10 12:00:00, 15.954385, 1 day, 12:00:00, 0.0 
1957-08-19 17:00:00, 1957-08-20 10:00:00, 17.560740, 17:00:00, 0.0 
1957-10-05 02:00:00, 1957-10-06 17:00:00, 46.228820, 1 day, 15:00:00, 0.0 
1957-11-01 07:00:00, 1957-11-02 13:00:00, 24.509794, 1 day, 6:00:00, 0.0 
1957-12-05 14:00:00, 1957-12-05 14:00:00, 0.762248, 0:00:00, 0.0 
1957-12-10 03:00:00, 1957-12-10 19:00:00, 5.666323, 16:00:00, 0.0 
1958-01-08 03:00:00, 1958-01-08 03:00:00, 0.879729, 0:00:00, 0.0 
1958-01-25 04:00:00, 1958-01-25 09:00:00, 6.129894, 5:00:00, 0.0 
1958-01-26 05:00:00, 1958-01-27 08:00:00, 7.723489, 1 day, 3:00:00, 0.0 
1958-02-01 21:00:00, 1958-02-02 15:00:00, 11.815340, 18:00:00, 0.0 
1958-02-28 06:00:00, 1958-02-28 20:00:00, 3.868067, 14:00:00, 0.0 
1958-03-10 03:00:00, 1958-03-10 08:00:00, 4.247252, 5:00:00, 0.0 
1958-03-19 13:00:00, 1958-03-20 05:00:00, 10.935773, 16:00:00, 0.0 
1958-03-26 05:00:00, 1958-03-29 11:00:00, 50.400761, 3 days, 6:00:00, 0.0 
1958-03-31 23:00:00, 1958-04-01 14:00:00, 4.747931, 15:00:00, 0.0 
1958-04-03 14:00:00, 1958-04-04 16:00:00, 10.136855, 1 day, 2:00:00, 0.0 
1958-04-05 04:00:00, 1958-04-05 05:00:00, 0.765695, 1:00:00, 0.0 
1958-09-28 02:00:00, 1958-09-28 17:00:00, 12.687043, 15:00:00, 0.0 
1958-10-20 05:00:00, 1958-10-23 02:00:00, 105.854651, 2 days, 21:00:00, 0.0 
1958-10-26 14:00:00, 1958-10-27 04:00:00, 6.375140, 14:00:00, 0.0 
1958-12-12 02:00:00, 1958-12-12 05:00:00, 3.265884, 3:00:00, 0.0 
1958-12-29 05:00:00, 1958-12-31 16:00:00, 20.954610, 2 days, 11:00:00, 0.0 
1959-01-01 07:00:00, 1959-01-03 22:00:00, 24.717674, 2 days, 15:00:00, 0.0 
1959-02-19 08:00:00, 1959-02-19 12:00:00, 2.175075, 4:00:00, 0.0 
1959-03-02 17:00:00, 1959-03-02 22:00:00, 5.124854, 5:00:00, 0.0 
1959-03-13 02:00:00, 1959-03-13 02:00:00, 0.689278, 0:00:00, 0.0 
1959-03-28 04:00:00, 1959-03-28 06:00:00, 1.655601, 2:00:00, 0.0 
1959-04-13 01:00:00, 1959-04-13 16:00:00, 13.061167, 15:00:00, 0.0 
1959-04-22 12:00:00, 1959-04-22 16:00:00, 3.400863, 4:00:00, 0.0 
1959-08-06 16:00:00, 1959-08-06 17:00:00, 0.750006, 1:00:00, 0.0 
1959-09-17 05:00:00, 1959-09-17 05:00:00, 0.672282, 0:00:00, 0.0 
1959-10-03 04:00:00, 1959-10-03 05:00:00, 0.777806, 1:00:00, 0.0 
1959-10-15 16:00:00, 1959-10-15 16:00:00, 0.718467, 0:00:00, 0.0 
1959-10-22 03:00:00, 1959-10-23 08:00:00, 15.027424, 1 day, 5:00:00, 0.0 
1959-10-24 07:00:00, 1959-10-24 07:00:00, 0.826773, 0:00:00, 0.0 
1959-11-07 23:00:00, 1959-11-07 23:00:00, 0.699596, 0:00:00, 0.0 
1959-11-15 11:00:00, 1959-11-16 17:00:00, 12.263651, 1 day, 6:00:00, 0.0 
1959-11-18 02:00:00, 1959-11-18 02:00:00, 0.743877, 0:00:00, 0.0 
1959-12-03 19:00:00, 1959-12-04 07:00:00, 1.447503, 12:00:00, 0.0 
1959-12-19 06:00:00, 1959-12-20 07:00:00, 6.349316, 1 day, 1:00:00, 0.0 
1959-12-29 15:00:00, 1959-12-31 18:00:00, 17.508426, 2 days, 3:00:00, 0.0 
1960-01-12 00:00:00, 1960-01-12 02:00:00, 1.473588, 2:00:00, 0.0 
1960-01-14 15:00:00, 1960-01-14 15:00:00, 0.776064, 0:00:00, 0.0 
1960-01-16 14:00:00, 1960-01-16 17:00:00, 2.446998, 3:00:00, 0.0 
1960-01-31 02:00:00, 1960-02-03 05:00:00, 45.942936, 3 days, 3:00:00, 0.0 
1960-02-14 01:00:00, 1960-02-14 06:00:00, 6.798802, 5:00:00, 0.0 
1960-03-03 13:00:00, 1960-03-03 16:00:00, 1.823506, 3:00:00, 0.0 
1960-03-17 03:00:00, 1960-03-17 07:00:00, 3.885567, 4:00:00, 0.0 
1960-04-28 13:00:00, 1960-04-28 15:00:00, 1.790784, 2:00:00, 0.0 
1960-05-29 07:00:00, 1960-05-29 07:00:00, 0.735915, 0:00:00, 0.0 
1960-06-10 15:00:00, 1960-06-11 05:00:00, 3.387038, 14:00:00, 0.0 
1960-07-30 03:00:00, 1960-07-30 08:00:00, 4.932528, 5:00:00, 0.0 
1960-08-25 05:00:00, 1960-08-25 05:00:00, 0.810600, 0:00:00, 0.0 
1960-08-25 18:00:00, 1960-08-26 07:00:00, 4.766609, 13:00:00, 0.0 
1960-09-12 07:00:00, 1960-09-12 14:00:00, 20.708560, 7:00:00, 0.0 
1960-10-28 22:00:00, 1960-10-31 02:00:00, 13.825181, 2 days, 4:00:00, 0.0 
1960-10-31 14:00:00, 1960-11-01 11:00:00, 6.244759, 21:00:00, 0.0 
1960-12-12 08:00:00, 1960-12-12 09:00:00, 0.814345, 1:00:00, 0.0 
1960-12-12 21:00:00, 1960-12-12 23:00:00, 1.581865, 2:00:00, 0.0 
1961-01-15 15:00:00, 1961-01-17 03:00:00, 11.282895, 1 day, 12:00:00, 0.0 
1961-02-08 08:00:00, 1961-02-09 07:00:00, 9.466337, 23:00:00, 0.0 
1961-03-09 04:00:00, 1961-03-09 09:00:00, 4.901125, 5:00:00, 0.0 
1961-03-14 23:00:00, 1961-03-14 23:00:00, 0.851847, 0:00:00, 0.0 
1961-03-22 06:00:00, 1961-03-23 09:00:00, 14.922387, 1 day, 3:00:00, 0.0 
1961-09-18 05:00:00, 1961-09-19 00:00:00, 15.756104, 19:00:00, 0.0 
1961-09-20 09:00:00, 1961-09-21 02:00:00, 11.016160, 17:00:00, 0.0 
1961-10-20 23:00:00, 1961-10-25 05:00:00, 88.128600, 4 days, 6:00:00, 0.0 
1961-11-28 04:00:00, 1961-11-28 08:00:00, 3.680910, 4:00:00, 0.0 
1962-01-28 17:00:00, 1962-01-28 22:00:00, 6.025836, 5:00:00, 0.0 
1962-02-10 17:00:00, 1962-02-10 17:00:00, 0.751168, 0:00:00, 0.0 
1962-02-16 23:00:00, 1962-02-17 02:00:00, 1.576722, 3:00:00, 0.0 
1962-03-01 11:00:00, 1962-03-01 11:00:00, 0.755436, 0:00:00, 0.0 
1962-03-05 23:00:00, 1962-03-10 17:00:00, 196.543755, 4 days, 18:00:00, 0.0 
1962-03-12 04:00:00, 1962-03-13 07:00:00, 7.347390, 1 day, 3:00:00, 0.0 
1962-03-22 02:00:00, 1962-03-24 01:00:00, 19.197944, 1 day, 23:00:00, 0.0 
1962-06-30 10:00:00, 1962-06-30 22:00:00, 5.826395, 12:00:00, 0.0 
1962-09-23 22:00:00, 1962-09-24 02:00:00, 3.264370, 4:00:00, 0.0 
1962-10-11 02:00:00, 1962-10-11 02:00:00, 0.741910, 0:00:00, 0.0 
1962-11-03 14:00:00, 1962-11-03 18:00:00, 4.634278, 4:00:00, 0.0 
1962-11-26 11:00:00, 1962-11-29 18:00:00, 102.310553, 3 days, 7:00:00, 0.0 
1962-12-04 21:00:00, 1962-12-04 22:00:00, 0.752499, 1:00:00, 0.0 
1962-12-05 21:00:00, 1962-12-06 12:00:00, 6.904997, 15:00:00, 0.0 
1963-01-08 10:00:00, 1963-01-09 13:00:00, 6.125436, 1 day, 3:00:00, 0.0 
1963-01-14 03:00:00, 1963-01-14 06:00:00, 2.610951, 3:00:00, 0.0 
1963-01-21 12:00:00, 1963-01-21 12:00:00, 0.725204, 0:00:00, 0.0 
1963-02-08 11:00:00, 1963-02-08 17:00:00, 8.781863, 6:00:00, 0.0 
1963-02-27 05:00:00, 1963-02-27 06:00:00, 0.752946, 1:00:00, 0.0 
1963-03-20 19:00:00, 1963-03-21 00:00:00, 4.371444, 5:00:00, 0.0 
1963-03-21 21:00:00, 1963-03-21 21:00:00, 0.722528, 0:00:00, 0.0 
1963-04-24 03:00:00, 1963-04-24 03:00:00, 0.918720, 0:00:00, 0.0 
1963-05-11 15:00:00, 1963-05-12 02:00:00, 3.360997, 11:00:00, 0.0 
1963-06-03 09:00:00, 1963-06-03 14:00:00, 6.597026, 5:00:00, 0.0 
1963-07-09 14:00:00, 1963-07-09 18:00:00, 3.243881, 4:00:00, 0.0 
1963-09-06 00:00:00, 1963-09-07 05:00:00, 19.888581, 1 day, 5:00:00, 0.0 
1963-09-14 13:00:00, 1963-09-16 15:00:00, 33.452596, 2 days, 2:00:00, 0.0 
1963-09-30 10:00:00, 1963-09-30 11:00:00, 0.835141, 1:00:00, 0.0 
1963-10-22 13:00:00, 1963-10-23 08:00:00, 14.181602, 19:00:00, 0.0 
1963-11-06 21:00:00, 1963-11-08 07:00:00, 15.083341, 1 day, 10:00:00, 0.0 
1963-11-11 22:00:00, 1963-11-12 11:00:00, 2.386442, 13:00:00, 0.0 
1963-11-12 23:00:00, 1963-11-12 23:00:00, 0.745004, 0:00:00, 0.0 
1963-11-30 03:00:00, 1963-11-30 03:00:00, 0.893117, 0:00:00, 0.0 
1964-01-01 13:00:00, 1964-01-01 17:00:00, 3.871838, 4:00:00, 0.0 
1964-01-12 23:00:00, 1964-01-13 15:00:00, 11.901691, 16:00:00, 0.0 
1964-02-11 23:00:00, 1964-02-12 16:00:00, 6.245548, 17:00:00, 0.0 
1964-02-19 04:00:00, 1964-02-19 05:00:00, 0.746849, 1:00:00, 0.0 
1964-02-29 01:00:00, 1964-02-29 05:00:00, 3.672313, 4:00:00, 0.0 
1964-03-13 01:00:00, 1964-03-13 03:00:00, 1.450480, 2:00:00, 0.0 
1964-03-22 09:00:00, 1964-03-23 00:00:00, 5.338064, 15:00:00, 0.0 
1964-03-23 13:00:00, 1964-03-23 13:00:00, 0.711126, 0:00:00, 0.0 
1964-04-30 04:00:00, 1964-05-01 07:00:00, 5.210515, 1 day, 3:00:00, 0.0 
1964-05-02 20:00:00, 1964-05-03 17:00:00, 9.663550, 21:00:00, 0.0 
1964-07-25 05:00:00, 1964-07-26 06:00:00, 8.096985, 1 day, 1:00:00, 0.0 
1964-08-04 07:00:00, 1964-08-04 13:00:00, 6.033295, 6:00:00, 0.0 
1964-09-01 09:00:00, 1964-09-01 09:00:00, 0.767604, 0:00:00, 0.0 
1964-09-13 09:00:00, 1964-09-14 23:00:00, 66.806097, 1 day, 14:00:00, 0.0 
1964-09-20 11:00:00, 1964-09-23 18:00:00, 61.821202, 3 days, 7:00:00, 0.0 
1964-10-16 13:00:00, 1964-10-17 02:00:00, 14.141805, 13:00:00, 0.0 
1964-11-30 21:00:00, 1964-12-01 02:00:00, 4.310034, 5:00:00, 0.0 
1965-01-03 15:00:00, 1965-01-03 17:00:00, 1.986046, 2:00:00, 0.0 
1965-01-11 09:00:00, 1965-01-11 10:00:00, 0.742545, 1:00:00, 0.0 
1965-01-16 10:00:00, 1965-01-18 04:00:00, 55.269331, 1 day, 18:00:00, 0.0 
1965-01-24 21:00:00, 1965-01-25 20:00:00, 3.688799, 23:00:00, 0.0 
1965-01-30 14:00:00, 1965-01-31 16:00:00, 9.850724, 1 day, 2:00:00, 0.0 
1965-02-13 14:00:00, 1965-02-13 14:00:00, 0.743861, 0:00:00, 0.0 
1965-02-14 23:00:00, 1965-02-15 16:00:00, 5.556262, 17:00:00, 0.0 
1965-02-19 16:00:00, 1965-02-19 19:00:00, 1.521971, 3:00:00, 0.0 
1965-06-15 14:00:00, 1965-06-18 03:00:00, 47.560544, 2 days, 13:00:00, 0.0 
1965-12-14 07:00:00, 1965-12-14 16:00:00, 1.437249, 9:00:00, 0.0 
1966-01-08 14:00:00, 1966-01-08 17:00:00, 2.702775, 3:00:00, 0.0 
1966-01-16 07:00:00, 1966-01-16 14:00:00, 8.084314, 7:00:00, 0.0 
1966-01-22 15:00:00, 1966-01-23 18:00:00, 17.311154, 1 day, 3:00:00, 0.0 
1966-01-25 18:00:00, 1966-01-27 20:00:00, 47.865979, 2 days, 2:00:00, 0.0 
1966-01-28 16:00:00, 1966-01-28 19:00:00, 2.433277, 3:00:00, 0.0 
1966-03-14 11:00:00, 1966-03-14 11:00:00, 0.696772, 0:00:00, 0.0 
1966-04-14 07:00:00, 1966-04-14 11:00:00, 3.011359, 4:00:00, 0.0 
1966-05-10 03:00:00, 1966-05-10 10:00:00, 6.649017, 7:00:00, 0.0 
1966-06-11 21:00:00, 1966-06-13 10:00:00, 20.043317, 1 day, 13:00:00, 0.0 
1966-07-30 22:00:00, 1966-07-31 04:00:00, 5.147529, 6:00:00, 0.0 
1966-09-16 04:00:00, 1966-09-16 04:00:00, 0.806023, 0:00:00, 0.0 
1966-09-20 15:00:00, 1966-09-21 10:00:00, 5.563172, 19:00:00, 0.0 
1966-12-13 14:00:00, 1966-12-14 05:00:00, 8.032986, 15:00:00, 0.0 
1966-12-21 08:00:00, 1966-12-21 08:00:00, 0.716549, 0:00:00, 0.0 
1966-12-21 22:00:00, 1966-12-21 23:00:00, 0.782119, 1:00:00, 0.0 
1966-12-22 11:00:00, 1966-12-23 00:00:00, 2.235597, 13:00:00, 0.0 
1966-12-24 10:00:00, 1966-12-24 15:00:00, 5.438776, 5:00:00, 0.0 
1967-01-04 21:00:00, 1967-01-04 22:00:00, 0.692748, 1:00:00, 0.0 
1967-02-06 23:00:00, 1967-02-08 03:00:00, 18.685830, 1 day, 4:00:00, 0.0 
1967-02-08 15:00:00, 1967-02-08 16:00:00, 0.702958, 1:00:00, 0.0 
1967-02-10 05:00:00, 1967-02-10 05:00:00, 0.925536, 0:00:00, 0.0 
1967-03-16 03:00:00, 1967-03-16 06:00:00, 1.598376, 3:00:00, 0.0 
1967-04-07 23:00:00, 1967-04-07 23:00:00, 0.762214, 0:00:00, 0.0 
1967-04-29 08:00:00, 1967-04-29 20:00:00, 2.959541, 12:00:00, 0.0 
1967-04-30 08:00:00, 1967-04-30 20:00:00, 1.467816, 12:00:00, 0.0 
1967-05-23 23:00:00, 1967-05-27 05:00:00, 46.686499, 3 days, 6:00:00, 0.0 
1967-05-30 06:00:00, 1967-05-30 07:00:00, 0.773239, 1:00:00, 0.0 
1967-06-20 00:00:00, 1967-06-20 14:00:00, 7.128341, 14:00:00, 0.0 
1967-09-01 14:00:00, 1967-09-01 14:00:00, 0.757163, 0:00:00, 0.0 
1967-09-02 02:00:00, 1967-09-02 02:00:00, 0.763092, 0:00:00, 0.0 
1967-09-11 06:00:00, 1967-09-11 11:00:00, 4.746557, 5:00:00, 0.0 
1967-09-16 01:00:00, 1967-09-17 11:00:00, 30.946282, 1 day, 10:00:00, 0.0 
1967-12-10 19:00:00, 1967-12-12 12:00:00, 20.193322, 1 day, 17:00:00, 0.0 
1967-12-28 14:00:00, 1967-12-29 15:00:00, 7.130855, 1 day, 1:00:00, 0.0 
1968-01-01 16:00:00, 1968-01-01 16:00:00, 0.782036, 0:00:00, 0.0 
1968-01-11 09:00:00, 1968-01-11 23:00:00, 5.285341, 14:00:00, 0.0 
1968-01-13 15:00:00, 1968-01-15 03:00:00, 17.655882, 1 day, 12:00:00, 0.0 
1968-01-24 07:00:00, 1968-01-26 23:00:00, 32.098998, 2 days, 16:00:00, 0.0 
1968-01-31 15:00:00, 1968-02-01 18:00:00, 8.505433, 1 day, 3:00:00, 0.0 
1968-02-08 07:00:00, 1968-02-10 13:00:00, 32.636317, 2 days, 6:00:00, 0.0 
1968-03-01 01:00:00, 1968-03-01 02:00:00, 0.786908, 1:00:00, 0.0 
1968-05-27 11:00:00, 1968-05-29 13:00:00, 64.778610, 2 days, 2:00:00, 0.0 
1968-10-20 12:00:00, 1968-10-20 16:00:00, 3.727840, 4:00:00, 0.0 
1968-11-10 12:00:00, 1968-11-10 20:00:00, 7.653952, 8:00:00, 0.0 
1968-11-12 04:00:00, 1968-11-12 12:00:00, 17.302755, 8:00:00, 0.0 
1969-01-21 02:00:00, 1969-01-23 20:00:00, 45.425044, 2 days, 18:00:00, 0.0 
1969-02-09 08:00:00, 1969-02-09 09:00:00, 0.808297, 1:00:00, 0.0 
1969-02-17 04:00:00, 1969-02-17 17:00:00, 5.260734, 13:00:00, 0.0 
1969-02-18 05:00:00, 1969-02-22 08:00:00, 33.508940, 4 days, 3:00:00, 0.0 
1969-02-23 05:00:00, 1969-02-23 05:00:00, 0.733918, 0:00:00, 0.0 
1969-02-23 18:00:00, 1969-02-24 08:00:00, 3.212443, 14:00:00, 0.0 
1969-02-28 09:00:00, 1969-03-04 16:00:00, 89.001154, 4 days, 7:00:00, 0.0 
1969-04-20 15:00:00, 1969-04-20 15:00:00, 0.765872, 0:00:00, 0.0 
1969-07-08 19:00:00, 1969-07-08 20:00:00, 0.772477, 1:00:00, 0.0 
1969-07-25 09:00:00, 1969-07-25 10:00:00, 0.762990, 1:00:00, 0.0 
1969-08-21 05:00:00, 1969-08-21 08:00:00, 2.601916, 3:00:00, 0.0 
1969-09-20 09:00:00, 1969-09-21 01:00:00, 5.350498, 16:00:00, 0.0 
1969-09-22 09:00:00, 1969-09-22 13:00:00, 2.409590, 4:00:00, 0.0 
1969-10-05 22:00:00, 1969-10-06 02:00:00, 3.326854, 4:00:00, 0.0 
1969-11-02 07:00:00, 1969-11-03 09:00:00, 18.149828, 1 day, 2:00:00, 0.0 
1969-11-10 15:00:00, 1969-11-11 04:00:00, 2.654280, 13:00:00, 0.0 
1969-12-26 04:00:00, 1969-12-26 04:00:00, 0.712578, 0:00:00, 0.0 
1970-01-07 13:00:00, 1970-01-07 16:00:00, 3.427000, 3:00:00, 0.0 
1970-02-10 17:00:00, 1970-02-10 17:00:00, 0.756324, 0:00:00, 0.0 
1970-04-15 20:00:00, 1970-04-16 11:00:00, 3.219095, 15:00:00, 0.0 
1970-08-11 05:00:00, 1970-08-12 00:00:00, 12.430546, 19:00:00, 0.0 
1970-10-26 11:00:00, 1970-10-29 04:00:00, 68.544916, 2 days, 17:00:00, 0.0 
1970-11-02 05:00:00, 1970-11-02 16:00:00, 1.616102, 11:00:00, 0.0 
1970-11-16 03:00:00, 1970-11-16 05:00:00, 1.665444, 2:00:00, 0.0 
1970-12-13 12:00:00, 1970-12-13 17:00:00, 4.115622, 5:00:00, 0.0 
1970-12-17 02:00:00, 1970-12-18 05:00:00, 7.251823, 1 day, 3:00:00, 0.0 
1970-12-23 22:00:00, 1970-12-24 22:00:00, 4.983363, 1 day, 0:00:00, 0.0 
1971-01-01 02:00:00, 1971-01-01 06:00:00, 4.737991, 4:00:00, 0.0 
1971-02-09 01:00:00, 1971-02-09 01:00:00, 0.775750, 0:00:00, 0.0 
1971-03-04 05:00:00, 1971-03-04 08:00:00, 2.956005, 3:00:00, 0.0 
1971-03-26 22:00:00, 1971-03-27 17:00:00, 20.193842, 19:00:00, 0.0 
1971-04-06 10:00:00, 1971-04-07 09:00:00, 31.053608, 23:00:00, 0.0 
1971-05-29 15:00:00, 1971-05-30 09:00:00, 9.705921, 18:00:00, 0.0 
1971-06-15 09:00:00, 1971-06-16 19:00:00, 12.648050, 1 day, 10:00:00, 0.0 
1971-08-28 01:00:00, 1971-08-28 03:00:00, 3.436420, 2:00:00, 0.0 
1971-09-30 09:00:00, 1971-10-01 10:00:00, 24.797825, 1 day, 1:00:00, 0.0 
1971-10-04 16:00:00, 1971-10-04 17:00:00, 0.757509, 1:00:00, 0.0 
1971-10-18 02:00:00, 1971-10-21 03:00:00, 58.562290, 3 days, 1:00:00, 0.0 
1971-10-23 18:00:00, 1971-10-24 05:00:00, 12.533967, 11:00:00, 0.0 
1971-10-26 03:00:00, 1971-10-26 05:00:00, 1.528814, 2:00:00, 0.0 
1971-12-22 19:00:00, 1971-12-22 19:00:00, 0.723678, 0:00:00, 0.0 
1972-02-02 13:00:00, 1972-02-03 19:00:00, 18.920905, 1 day, 6:00:00, 0.0 
1972-02-18 04:00:00, 1972-02-18 06:00:00, 1.804496, 2:00:00, 0.0 
1972-02-19 03:00:00, 1972-02-19 08:00:00, 5.111656, 5:00:00, 0.0 
1972-02-26 23:00:00, 1972-02-26 23:00:00, 0.742192, 0:00:00, 0.0 
1972-03-31 13:00:00, 1972-04-01 06:00:00, 10.821963, 17:00:00, 0.0 
1972-04-08 05:00:00, 1972-04-08 13:00:00, 9.366956, 8:00:00, 0.0 
1972-05-10 11:00:00, 1972-05-10 11:00:00, 0.812717, 0:00:00, 0.0 
1972-05-19 20:00:00, 1972-05-19 22:00:00, 1.758543, 2:00:00, 0.0 
1972-05-25 21:00:00, 1972-05-27 15:00:00, 43.920334, 1 day, 18:00:00, 0.0 
1972-06-22 02:00:00, 1972-06-22 02:00:00, 0.861990, 0:00:00, 0.0 
1972-09-02 21:00:00, 1972-09-03 11:00:00, 4.938689, 14:00:00, 0.0 
1972-09-20 23:00:00, 1972-09-21 15:00:00, 24.384444, 16:00:00, 0.0 
1972-10-06 11:00:00, 1972-10-07 17:00:00, 24.057674, 1 day, 6:00:00, 0.0 
1972-10-20 02:00:00, 1972-10-20 02:00:00, 0.734767, 0:00:00, 0.0 
1972-11-12 04:00:00, 1972-11-12 06:00:00, 1.545216, 2:00:00, 0.0 
1972-11-15 11:00:00, 1972-11-15 12:00:00, 0.959707, 1:00:00, 0.0 
1972-11-17 13:00:00, 1972-11-17 22:00:00, 1.547341, 9:00:00, 0.0 
1972-12-15 21:00:00, 1972-12-15 23:00:00, 1.452961, 2:00:00, 0.0 
1972-12-22 01:00:00, 1972-12-26 08:00:00, 62.636746, 4 days, 7:00:00, 0.0 
1972-12-27 05:00:00, 1972-12-27 19:00:00, 4.525402, 14:00:00, 0.0 
1973-01-09 03:00:00, 1973-01-09 06:00:00, 2.394394, 3:00:00, 0.0 
1973-01-29 08:00:00, 1973-01-30 00:00:00, 8.721034, 16:00:00, 0.0 
1973-02-07 05:00:00, 1973-02-08 16:00:00, 11.325196, 1 day, 11:00:00, 0.0 
1973-02-09 04:00:00, 1973-02-09 17:00:00, 4.974240, 13:00:00, 0.0 
1973-02-10 09:00:00, 1973-02-13 13:00:00, 78.856779, 3 days, 4:00:00, 0.0 
1973-02-27 19:00:00, 1973-02-28 13:00:00, 11.886896, 18:00:00, 0.0 
1973-03-21 16:00:00, 1973-03-25 07:00:00, 47.987919, 3 days, 15:00:00, 0.0 
1973-03-27 07:00:00, 1973-03-29 13:00:00, 33.547881, 2 days, 6:00:00, 0.0 
1973-04-09 03:00:00, 1973-04-09 05:00:00, 1.655283, 2:00:00, 0.0 
1973-04-27 09:00:00, 1973-04-27 23:00:00, 6.999306, 14:00:00, 0.0 
1973-05-25 09:00:00, 1973-05-26 11:00:00, 12.739102, 1 day, 2:00:00, 0.0 
1973-09-26 04:00:00, 1973-09-26 04:00:00, 0.773146, 0:00:00, 0.0 
1973-10-26 01:00:00, 1973-10-26 17:00:00, 10.882142, 16:00:00, 0.0 
1973-10-27 05:00:00, 1973-10-27 05:00:00, 0.715440, 0:00:00, 0.0 
1973-12-08 23:00:00, 1973-12-09 11:00:00, 7.383817, 12:00:00, 0.0 
1973-12-16 19:00:00, 1973-12-17 12:00:00, 14.229442, 17:00:00, 0.0 
1974-01-12 03:00:00, 1974-01-12 15:00:00, 2.300203, 12:00:00, 0.0 
1974-01-17 23:00:00, 1974-01-18 23:00:00, 6.590120, 1 day, 0:00:00, 0.0 
1974-02-03 21:00:00, 1974-02-05 02:00:00, 16.654170, 1 day, 5:00:00, 0.0 
1974-02-08 05:00:00, 1974-02-09 18:00:00, 18.071254, 1 day, 13:00:00, 0.0 
1974-02-15 10:00:00, 1974-02-15 22:00:00, 3.414594, 12:00:00, 0.0 
1974-02-16 11:00:00, 1974-02-17 10:00:00, 8.955136, 23:00:00, 0.0 
1974-02-18 10:00:00, 1974-02-18 14:00:00, 3.530468, 4:00:00, 0.0 
1974-03-30 04:00:00, 1974-03-30 17:00:00, 5.783218, 13:00:00, 0.0 
1974-03-31 05:00:00, 1974-03-31 09:00:00, 3.485687, 4:00:00, 0.0 
1974-05-27 15:00:00, 1974-05-27 21:00:00, 6.827215, 6:00:00, 0.0 
1974-06-24 03:00:00, 1974-06-26 09:00:00, 20.731209, 2 days, 6:00:00, 0.0 
1974-06-27 21:00:00, 1974-06-28 12:00:00, 13.936109, 15:00:00, 0.0 
1974-08-10 21:00:00, 1974-08-11 10:00:00, 5.787904, 13:00:00, 0.0 
1974-09-07 02:00:00, 1974-09-07 05:00:00, 2.598407, 3:00:00, 0.0 
1974-11-10 01:00:00, 1974-11-10 01:00:00, 0.694937, 0:00:00, 0.0 
1974-12-01 12:00:00, 1974-12-02 06:00:00, 17.068434, 18:00:00, 0.0 
1974-12-16 15:00:00, 1974-12-16 18:00:00, 2.635071, 3:00:00, 0.0 
1974-12-17 06:00:00, 1974-12-17 19:00:00, 3.426075, 13:00:00, 0.0 
1975-01-20 18:00:00, 1975-01-20 21:00:00, 2.677906, 3:00:00, 0.0 
1975-03-14 13:00:00, 1975-03-14 18:00:00, 4.481013, 5:00:00, 0.0 
1975-03-17 15:00:00, 1975-03-17 19:00:00, 3.319869, 4:00:00, 0.0 
1975-03-20 08:00:00, 1975-03-20 08:00:00, 0.787463, 0:00:00, 0.0 
1975-04-15 15:00:00, 1975-04-15 17:00:00, 1.852523, 2:00:00, 0.0 
1975-05-26 04:00:00, 1975-05-26 17:00:00, 3.364911, 13:00:00, 0.0 
1975-05-29 08:00:00, 1975-05-29 08:00:00, 0.838699, 0:00:00, 0.0 
1975-06-30 16:00:00, 1975-07-01 04:00:00, 8.000592, 12:00:00, 0.0 
1975-09-01 12:00:00, 1975-09-02 07:00:00, 9.607582, 19:00:00, 0.0 
1975-11-24 03:00:00, 1975-11-26 10:00:00, 39.853897, 2 days, 7:00:00, 0.0 
1975-12-08 16:00:00, 1975-12-10 22:00:00, 29.834581, 2 days, 6:00:00, 0.0 
1975-12-18 12:00:00, 1975-12-18 12:00:00, 0.775054, 0:00:00, 0.0 
1975-12-22 02:00:00, 1975-12-22 19:00:00, 5.856823, 17:00:00, 0.0 
1976-01-01 01:00:00, 1976-01-02 04:00:00, 12.157868, 1 day, 3:00:00, 0.0 
1976-01-09 06:00:00, 1976-01-09 06:00:00, 0.730041, 0:00:00, 0.0 
1976-01-17 12:00:00, 1976-01-18 05:00:00, 15.096068, 17:00:00, 0.0 
1976-02-02 03:00:00, 1976-02-02 06:00:00, 2.803596, 3:00:00, 0.0 
1976-03-09 17:00:00, 1976-03-10 23:00:00, 30.792146, 1 day, 6:00:00, 0.0 
1976-03-17 03:00:00, 1976-03-17 04:00:00, 0.776092, 1:00:00, 0.0 
1976-04-09 10:00:00, 1976-04-10 00:00:00, 3.186442, 14:00:00, 0.0 
1976-06-03 02:00:00, 1976-06-05 22:00:00, 32.893627, 2 days, 20:00:00, 0.0 
1976-08-09 16:00:00, 1976-08-09 16:00:00, 0.808283, 0:00:00, 0.0 
1976-10-02 07:00:00, 1976-10-03 11:00:00, 15.718635, 1 day, 4:00:00, 0.0 
1976-10-04 20:00:00, 1976-10-06 03:00:00, 12.524819, 1 day, 7:00:00, 0.0 
1976-10-17 22:00:00, 1976-10-18 00:00:00, 1.834152, 2:00:00, 0.0 
1976-10-27 07:00:00, 1976-10-27 07:00:00, 0.755777, 0:00:00, 0.0 
1976-12-08 13:00:00, 1976-12-08 18:00:00, 4.555642, 5:00:00, 0.0 
1976-12-29 19:00:00, 1976-12-29 22:00:00, 2.514348, 3:00:00, 0.0 
1977-01-10 07:00:00, 1977-01-10 07:00:00, 0.708392, 0:00:00, 0.0 
1977-05-09 09:00:00, 1977-05-09 10:00:00, 0.753520, 1:00:00, 0.0 
1977-06-07 04:00:00, 1977-06-07 05:00:00, 0.862942, 1:00:00, 0.0 
1977-09-09 08:00:00, 1977-09-09 13:00:00, 4.061816, 5:00:00, 0.0 
1977-09-25 22:00:00, 1977-09-26 12:00:00, 7.377020, 14:00:00, 0.0 
1977-10-13 13:00:00, 1977-10-15 01:00:00, 30.016807, 1 day, 12:00:00, 0.0 
1977-10-29 13:00:00, 1977-11-02 07:00:00, 74.296105, 3 days, 18:00:00, 0.0 
1977-11-06 21:00:00, 1977-11-09 15:00:00, 36.281962, 2 days, 18:00:00, 0.0 
1977-11-26 12:00:00, 1977-11-26 16:00:00, 0.765868, 4:00:00, 0.0 
1977-12-06 11:00:00, 1977-12-06 22:00:00, 1.536343, 11:00:00, 0.0 
1977-12-18 19:00:00, 1977-12-22 23:00:00, 116.871441, 4 days, 4:00:00, 0.0 
1977-12-26 03:00:00, 1977-12-26 17:00:00, 5.823391, 14:00:00, 0.0 
1978-01-01 20:00:00, 1978-01-01 20:00:00, 0.746169, 0:00:00, 0.0 
1978-01-09 13:00:00, 1978-01-09 16:00:00, 3.600602, 3:00:00, 0.0 
1978-01-20 08:00:00, 1978-01-20 14:00:00, 7.037675, 6:00:00, 0.0 
1978-02-10 02:00:00, 1978-02-10 18:00:00, 6.348691, 16:00:00, 0.0 
1978-02-19 10:00:00, 1978-02-19 14:00:00, 2.347931, 4:00:00, 0.0 
1978-02-22 11:00:00, 1978-02-22 16:00:00, 4.258043, 5:00:00, 0.0 
1978-03-10 13:00:00, 1978-03-11 04:00:00, 10.484052, 15:00:00, 0.0 
1978-03-26 00:00:00, 1978-03-26 02:00:00, 1.668474, 2:00:00, 0.0 
1978-04-26 06:00:00, 1978-04-28 21:00:00, 114.938134, 2 days, 15:00:00, 0.0 
1978-09-14 00:00:00, 1978-09-14 03:00:00, 2.992093, 3:00:00, 0.0 
1978-11-24 23:00:00, 1978-11-25 09:00:00, 2.818573, 10:00:00, 0.0 
1978-12-10 01:00:00, 1978-12-10 01:00:00, 0.936361, 0:00:00, 0.0 
1979-01-13 16:00:00, 1979-01-13 16:00:00, 0.728317, 0:00:00, 0.0 
1979-01-20 17:00:00, 1979-01-21 09:00:00, 5.889106, 16:00:00, 0.0 
1979-01-25 00:00:00, 1979-01-25 00:00:00, 0.783783, 0:00:00, 0.0 
1979-02-17 06:00:00, 1979-02-17 07:00:00, 0.835506, 1:00:00, 0.0 
1979-02-25 23:00:00, 1979-02-28 03:00:00, 30.774234, 2 days, 4:00:00, 0.0 
1979-04-14 00:00:00, 1979-04-14 06:00:00, 4.792820, 6:00:00, 0.0 
1979-05-18 20:00:00, 1979-05-18 23:00:00, 3.702491, 3:00:00, 0.0 
1979-06-11 17:00:00, 1979-06-11 17:00:00, 0.913364, 0:00:00, 0.0 
1979-09-23 15:00:00, 1979-09-25 07:00:00, 33.528694, 1 day, 16:00:00, 0.0 
1979-11-13 10:00:00, 1979-11-14 13:00:00, 15.520900, 1 day, 3:00:00, 0.0 
1979-12-17 11:00:00, 1979-12-17 11:00:00, 0.813437, 0:00:00, 0.0 
1979-12-21 01:00:00, 1979-12-21 18:00:00, 7.809975, 17:00:00, 0.0 
1980-01-01 15:00:00, 1980-01-03 02:00:00, 9.573717, 1 day, 11:00:00, 0.0 
1980-01-05 02:00:00, 1980-01-07 05:00:00, 32.595931, 2 days, 3:00:00, 0.0 
1980-01-14 23:00:00, 1980-01-19 18:00:00, 55.243156, 4 days, 19:00:00, 0.0 
1980-02-07 04:00:00, 1980-02-07 07:00:00, 2.437782, 3:00:00, 0.0 
1980-02-10 07:00:00, 1980-02-10 20:00:00, 4.583280, 13:00:00, 0.0 
1980-02-25 21:00:00, 1980-02-26 23:00:00, 9.611772, 1 day, 2:00:00, 0.0 
1980-03-02 12:00:00, 1980-03-03 17:00:00, 22.410366, 1 day, 5:00:00, 0.0 
1980-04-01 12:00:00, 1980-04-01 14:00:00, 1.551594, 2:00:00, 0.0 
1980-05-08 11:00:00, 1980-05-08 11:00:00, 0.875424, 0:00:00, 0.0 
1980-08-22 08:00:00, 1980-08-23 12:00:00, 18.032320, 1 day, 4:00:00, 0.0 
1980-10-25 05:00:00, 1980-10-25 13:00:00, 2.752327, 8:00:00, 0.0 
1980-12-28 09:00:00, 1980-12-28 09:00:00, 0.720598, 0:00:00, 0.0 
1980-12-29 07:00:00, 1980-12-29 22:00:00, 8.209956, 15:00:00, 0.0 
1980-12-30 19:00:00, 1980-12-31 12:00:00, 6.497443, 17:00:00, 0.0 
1981-03-06 00:00:00, 1981-03-06 04:00:00, 3.631371, 4:00:00, 0.0 
1981-03-23 13:00:00, 1981-03-24 07:00:00, 12.714139, 18:00:00, 0.0 
1981-07-01 00:00:00, 1981-07-01 04:00:00, 3.556991, 4:00:00, 0.0 
1981-08-20 05:00:00, 1981-08-21 22:00:00, 37.332527, 1 day, 17:00:00, 0.0 
1981-08-22 19:00:00, 1981-08-23 06:00:00, 4.908579, 11:00:00, 0.0 
1981-10-13 13:00:00, 1981-10-13 17:00:00, 3.436222, 4:00:00, 0.0 
1981-11-12 14:00:00, 1981-11-16 20:00:00, 66.759988, 4 days, 6:00:00, 0.0 
1981-11-25 02:00:00, 1981-11-25 03:00:00, 0.836635, 1:00:00, 0.0 
1982-01-01 05:00:00, 1982-01-01 08:00:00, 3.088386, 3:00:00, 0.0 
1982-01-14 20:00:00, 1982-01-14 20:00:00, 0.759816, 0:00:00, 0.0 
1982-02-17 20:00:00, 1982-02-19 13:00:00, 29.576523, 1 day, 17:00:00, 0.0 
1982-02-21 23:00:00, 1982-02-23 03:00:00, 11.092955, 1 day, 4:00:00, 0.0 
1982-02-25 02:00:00, 1982-02-25 18:00:00, 7.977672, 16:00:00, 0.0 
1982-06-07 14:00:00, 1982-06-07 14:00:00, 0.772404, 0:00:00, 0.0 
1982-06-08 15:00:00, 1982-06-08 15:00:00, 0.765528, 0:00:00, 0.0 
1982-06-11 07:00:00, 1982-06-11 07:00:00, 0.729790, 0:00:00, 0.0 
1982-06-12 03:00:00, 1982-06-12 08:00:00, 4.311911, 5:00:00, 0.0 
1982-06-14 05:00:00, 1982-06-14 09:00:00, 3.365419, 4:00:00, 0.0 
1982-09-26 19:00:00, 1982-09-26 21:00:00, 1.830533, 2:00:00, 0.0 
1982-10-10 05:00:00, 1982-10-11 21:00:00, 27.925997, 1 day, 16:00:00, 0.0 
1982-10-24 16:00:00, 1982-10-26 10:00:00, 80.777132, 1 day, 18:00:00, 0.0 
1982-12-12 09:00:00, 1982-12-13 16:00:00, 33.232074, 1 day, 7:00:00, 0.0 
1982-12-17 18:00:00, 1982-12-17 18:00:00, 0.722454, 0:00:00, 0.0 
1982-12-18 14:00:00, 1982-12-21 06:00:00, 29.037226, 2 days, 16:00:00, 0.0 
1983-01-10 23:00:00, 1983-01-11 00:00:00, 0.772091, 1:00:00, 0.0 
1983-01-12 14:00:00, 1983-01-12 14:00:00, 0.797310, 0:00:00, 0.0 
1983-01-28 10:00:00, 1983-01-29 17:00:00, 24.979292, 1 day, 7:00:00, 0.0 
1983-02-11 10:00:00, 1983-02-12 16:00:00, 37.754954, 1 day, 6:00:00, 0.0 
1983-02-14 15:00:00, 1983-02-15 05:00:00, 11.220645, 14:00:00, 0.0 
1983-02-24 09:00:00, 1983-02-24 10:00:00, 0.840033, 1:00:00, 0.0 
1983-02-25 15:00:00, 1983-02-26 16:00:00, 12.271577, 1 day, 1:00:00, 0.0 
1983-03-01 13:00:00, 1983-03-02 07:00:00, 12.283361, 18:00:00, 0.0 
1983-03-09 08:00:00, 1983-03-10 12:00:00, 11.233397, 1 day, 4:00:00, 0.0 
1983-03-11 10:00:00, 1983-03-11 14:00:00, 1.564955, 4:00:00, 0.0 
1983-03-12 13:00:00, 1983-03-12 15:00:00, 1.603437, 2:00:00, 0.0 
1983-03-17 14:00:00, 1983-03-19 19:00:00, 42.550551, 2 days, 5:00:00, 0.0 
1983-03-25 07:00:00, 1983-03-25 15:00:00, 12.363001, 8:00:00, 0.0 
1983-09-15 00:00:00, 1983-09-15 12:00:00, 5.755084, 12:00:00, 0.0 
1983-09-29 09:00:00, 1983-09-30 11:00:00, 25.267702, 1 day, 2:00:00, 0.0 
1983-10-11 08:00:00, 1983-10-11 15:00:00, 1.567364, 7:00:00, 0.0 
1983-10-12 04:00:00, 1983-10-12 04:00:00, 0.778420, 0:00:00, 0.0 
1983-10-20 22:00:00, 1983-10-22 05:00:00, 14.762911, 1 day, 7:00:00, 0.0 
1983-10-25 12:00:00, 1983-10-26 07:00:00, 13.971693, 19:00:00, 0.0 
1983-12-12 17:00:00, 1983-12-13 11:00:00, 11.933106, 18:00:00, 0.0 
1984-01-11 10:00:00, 1984-01-11 21:00:00, 5.823852, 11:00:00, 0.0 
1984-01-12 09:00:00, 1984-01-12 11:00:00, 1.730389, 2:00:00, 0.0 
1984-01-13 07:00:00, 1984-01-13 11:00:00, 1.566694, 4:00:00, 0.0 
1984-02-23 19:00:00, 1984-02-23 21:00:00, 2.049385, 2:00:00, 0.0 
1984-03-29 00:00:00, 1984-03-30 03:00:00, 20.154378, 1 day, 3:00:00, 0.0 
1984-03-30 15:00:00, 1984-03-30 15:00:00, 0.820827, 0:00:00, 0.0 
1984-04-16 00:00:00, 1984-04-16 16:00:00, 9.025777, 16:00:00, 0.0 
1984-09-30 03:00:00, 1984-09-30 09:00:00, 5.281970, 6:00:00, 0.0 
1984-10-01 07:00:00, 1984-10-01 23:00:00, 9.461266, 16:00:00, 0.0 
1984-10-13 17:00:00, 1984-10-16 03:00:00, 42.687543, 2 days, 10:00:00, 0.0 
1985-01-02 22:00:00, 1985-01-05 02:00:00, 28.031899, 2 days, 4:00:00, 0.0 
1985-01-05 15:00:00, 1985-01-05 15:00:00, 0.757039, 0:00:00, 0.0 
1985-01-20 14:00:00, 1985-01-20 16:00:00, 2.001877, 2:00:00, 0.0 
1985-02-12 10:00:00, 1985-02-12 18:00:00, 0.726250, 8:00:00, 0.0 
1985-05-03 23:00:00, 1985-05-04 04:00:00, 4.681868, 5:00:00, 0.0 
1985-05-24 18:00:00, 1985-05-25 08:00:00, 4.868344, 14:00:00, 0.0 
1985-09-27 03:00:00, 1985-09-27 11:00:00, 15.558302, 8:00:00, 0.0 
1985-10-21 20:00:00, 1985-10-22 12:00:00, 7.500924, 16:00:00, 0.0 
1985-10-31 15:00:00, 1985-11-05 23:00:00, 135.304699, 5 days, 8:00:00, 0.0 
1985-11-22 12:00:00, 1985-11-23 15:00:00, 9.221095, 1 day, 3:00:00, 0.0 
1985-11-29 12:00:00, 1985-12-02 05:00:00, 39.853500, 2 days, 17:00:00, 0.0 
1985-12-06 18:00:00, 1985-12-06 19:00:00, 0.783627, 1:00:00, 0.0 
1985-12-07 07:00:00, 1985-12-07 12:00:00, 4.921770, 5:00:00, 0.0 
1985-12-13 03:00:00, 1985-12-14 19:00:00, 18.997842, 1 day, 16:00:00, 0.0 
1985-12-25 14:00:00, 1985-12-25 15:00:00, 0.737438, 1:00:00, 0.0 
1986-01-26 12:00:00, 1986-01-26 12:00:00, 0.738690, 0:00:00, 0.0 
1986-01-27 01:00:00, 1986-01-27 04:00:00, 1.520694, 3:00:00, 0.0 
1986-02-07 10:00:00, 1986-02-07 15:00:00, 3.288899, 5:00:00, 0.0 
1986-02-11 15:00:00, 1986-02-11 18:00:00, 2.478757, 3:00:00, 0.0 
1986-02-20 08:00:00, 1986-02-20 23:00:00, 5.585746, 15:00:00, 0.0 
1986-02-22 12:00:00, 1986-02-22 12:00:00, 0.795742, 0:00:00, 0.0 
1986-02-25 01:00:00, 1986-02-25 17:00:00, 6.687199, 16:00:00, 0.0 
1986-04-09 17:00:00, 1986-04-09 17:00:00, 0.723842, 0:00:00, 0.0 
1986-04-18 05:00:00, 1986-04-20 09:00:00, 31.023803, 2 days, 4:00:00, 0.0 
1986-05-09 12:00:00, 1986-05-11 02:00:00, 20.757824, 1 day, 14:00:00, 0.0 
1986-05-13 15:00:00, 1986-05-14 08:00:00, 7.846447, 17:00:00, 0.0 
1986-08-17 22:00:00, 1986-08-18 04:00:00, 10.736343, 6:00:00, 0.0 
1986-10-10 21:00:00, 1986-10-11 19:00:00, 8.635393, 22:00:00, 0.0 
1986-12-01 14:00:00, 1986-12-03 05:00:00, 24.908295, 1 day, 15:00:00, 0.0 
1987-01-01 14:00:00, 1987-01-02 19:00:00, 30.466849, 1 day, 5:00:00, 0.0 
1987-01-17 15:00:00, 1987-01-17 16:00:00, 0.779016, 1:00:00, 0.0 
1987-01-18 15:00:00, 1987-01-18 16:00:00, 0.797350, 1:00:00, 0.0 
1987-01-22 15:00:00, 1987-01-22 22:00:00, 12.826661, 7:00:00, 0.0 
1987-01-26 07:00:00, 1987-01-28 02:00:00, 25.569153, 1 day, 19:00:00, 0.0 
1987-02-17 03:00:00, 1987-02-17 19:00:00, 9.843130, 16:00:00, 0.0 
1987-03-10 05:00:00, 1987-03-12 15:00:00, 67.447273, 2 days, 10:00:00, 0.0 
1987-03-13 10:00:00, 1987-03-14 16:00:00, 11.641914, 1 day, 6:00:00, 0.0 
1987-03-16 00:00:00, 1987-03-16 17:00:00, 10.948346, 17:00:00, 0.0 
1987-04-16 15:00:00, 1987-04-17 15:00:00, 9.420076, 1 day, 0:00:00, 0.0 
1987-04-25 09:00:00, 1987-04-27 04:00:00, 42.122819, 1 day, 19:00:00, 0.0 
1987-05-05 03:00:00, 1987-05-05 06:00:00, 2.554880, 3:00:00, 0.0 
1987-09-20 02:00:00, 1987-09-21 01:00:00, 9.997005, 23:00:00, 0.0 
1987-11-11 08:00:00, 1987-11-11 21:00:00, 5.306197, 13:00:00, 0.0 
1987-11-27 22:00:00, 1987-11-29 10:00:00, 12.718395, 1 day, 12:00:00, 0.0 
1987-11-30 21:00:00, 1987-11-30 22:00:00, 0.784704, 1:00:00, 0.0 
1987-12-29 09:00:00, 1987-12-30 00:00:00, 6.226263, 15:00:00, 0.0 
1988-01-09 16:00:00, 1988-01-09 19:00:00, 2.228650, 3:00:00, 0.0 
1988-02-04 15:00:00, 1988-02-05 04:00:00, 4.036554, 13:00:00, 0.0 
1988-02-12 11:00:00, 1988-02-12 22:00:00, 1.442143, 11:00:00, 0.0 
1988-02-28 00:00:00, 1988-02-28 22:00:00, 8.357999, 22:00:00, 0.0 
1988-04-07 16:00:00, 1988-04-09 11:00:00, 48.568045, 1 day, 19:00:00, 0.0 
1988-04-10 10:00:00, 1988-04-10 11:00:00, 0.797957, 1:00:00, 0.0 
1988-04-12 07:00:00, 1988-04-15 01:00:00, 108.235523, 2 days, 18:00:00, 0.0 
1988-04-16 05:00:00, 1988-04-16 05:00:00, 0.945706, 0:00:00, 0.0 
1988-04-19 18:00:00, 1988-04-19 18:00:00, 0.770759, 0:00:00, 0.0 
1988-05-07 03:00:00, 1988-05-07 17:00:00, 8.409979, 14:00:00, 0.0 
1988-06-03 06:00:00, 1988-06-04 16:00:00, 20.329564, 1 day, 10:00:00, 0.0 
1988-06-09 19:00:00, 1988-06-10 13:00:00, 7.697937, 18:00:00, 0.0 
1989-02-03 23:00:00, 1989-02-04 13:00:00, 4.973582, 14:00:00, 0.0 
1989-02-24 02:00:00, 1989-02-25 07:00:00, 28.611956, 1 day, 5:00:00, 0.0 
1989-03-07 02:00:00, 1989-03-10 18:00:00, 66.594383, 3 days, 16:00:00, 0.0 
1989-04-08 00:00:00, 1989-04-08 00:00:00, 0.798309, 0:00:00, 0.0 
1989-09-19 04:00:00, 1989-09-19 17:00:00, 11.052649, 13:00:00, 0.0 
1989-10-19 02:00:00, 1989-10-20 09:00:00, 15.487027, 1 day, 7:00:00, 0.0 
1989-11-23 10:00:00, 1989-11-23 12:00:00, 1.696749, 2:00:00, 0.0 
1989-12-08 22:00:00, 1989-12-10 10:00:00, 17.337748, 1 day, 12:00:00, 0.0 
1989-12-13 11:00:00, 1989-12-13 18:00:00, 8.624127, 7:00:00, 0.0 
1989-12-24 09:00:00, 1989-12-24 15:00:00, 6.684265, 6:00:00, 0.0 
1990-02-05 07:00:00, 1990-02-05 13:00:00, 7.539743, 6:00:00, 0.0 
1990-05-22 02:00:00, 1990-05-23 04:00:00, 14.451355, 1 day, 2:00:00, 0.0 
1990-05-28 08:00:00, 1990-05-28 08:00:00, 0.710015, 0:00:00, 0.0 
1990-06-12 07:00:00, 1990-06-12 07:00:00, 0.801430, 0:00:00, 0.0 
1990-08-21 00:00:00, 1990-08-23 06:00:00, 23.170314, 2 days, 6:00:00, 0.0 
1990-08-24 02:00:00, 1990-08-24 04:00:00, 1.659080, 2:00:00, 0.0 
1990-10-25 22:00:00, 1990-10-27 00:00:00, 41.600754, 1 day, 2:00:00, 0.0 
1990-12-08 17:00:00, 1990-12-09 10:00:00, 7.077036, 17:00:00, 0.0 
1991-01-07 19:00:00, 1991-01-09 12:00:00, 24.847382, 1 day, 17:00:00, 0.0 
1991-01-12 11:00:00, 1991-01-12 11:00:00, 0.780109, 0:00:00, 0.0 
1991-01-12 23:00:00, 1991-01-13 15:00:00, 6.971238, 16:00:00, 0.0 
1991-01-22 04:00:00, 1991-01-22 17:00:00, 4.432902, 13:00:00, 0.0 
1991-02-08 07:00:00, 1991-02-08 09:00:00, 1.540340, 2:00:00, 0.0 
1991-02-08 21:00:00, 1991-02-08 21:00:00, 0.724240, 0:00:00, 0.0 
1991-03-14 10:00:00, 1991-03-14 11:00:00, 0.783098, 1:00:00, 0.0 
1991-03-15 11:00:00, 1991-03-15 16:00:00, 4.138939, 5:00:00, 0.0 
1991-03-30 14:00:00, 1991-03-30 17:00:00, 3.216439, 3:00:00, 0.0 
1991-04-19 15:00:00, 1991-04-19 15:00:00, 0.764872, 0:00:00, 0.0 
1991-04-20 03:00:00, 1991-04-21 11:00:00, 26.105850, 1 day, 8:00:00, 0.0 
1991-05-19 03:00:00, 1991-05-20 05:00:00, 5.083043, 1 day, 2:00:00, 0.0 
1991-06-04 22:00:00, 1991-06-04 22:00:00, 0.794917, 0:00:00, 0.0 
1991-06-23 20:00:00, 1991-06-24 14:00:00, 10.718732, 18:00:00, 0.0 
1991-10-29 03:00:00, 1991-11-02 08:00:00, 105.780666, 4 days, 5:00:00, 0.0 
1991-11-09 12:00:00, 1991-11-11 19:00:00, 71.792408, 2 days, 7:00:00, 0.0 
1992-01-03 23:00:00, 1992-01-06 16:00:00, 50.112158, 2 days, 17:00:00, 0.0 
1992-02-07 03:00:00, 1992-02-09 06:00:00, 27.525113, 2 days, 3:00:00, 0.0 
1992-05-06 14:00:00, 1992-05-08 10:00:00, 52.827614, 1 day, 20:00:00, 0.0 
1992-08-15 06:00:00, 1992-08-15 06:00:00, 0.803995, 0:00:00, 0.0 
1992-09-24 11:00:00, 1992-09-25 22:00:00, 37.465537, 1 day, 11:00:00, 0.0 
1992-10-05 07:00:00, 1992-10-06 12:00:00, 26.855948, 1 day, 5:00:00, 0.0 
1992-12-11 00:00:00, 1992-12-11 13:00:00, 4.613187, 13:00:00, 0.0 
1992-12-12 04:00:00, 1992-12-16 05:00:00, 89.231702, 4 days, 1:00:00, 0.0 
1993-01-08 15:00:00, 1993-01-12 04:00:00, 61.843804, 3 days, 13:00:00, 0.0 
1993-01-16 19:00:00, 1993-01-16 23:00:00, 3.826216, 4:00:00, 0.0 
1993-02-07 00:00:00, 1993-02-07 00:00:00, 0.799617, 0:00:00, 0.0 
1993-02-08 17:00:00, 1993-02-09 03:00:00, 2.577745, 10:00:00, 0.0 
1993-02-12 07:00:00, 1993-02-13 21:00:00, 18.445092, 1 day, 14:00:00, 0.0 
1993-02-27 03:00:00, 1993-02-28 08:00:00, 14.292441, 1 day, 5:00:00, 0.0 
1993-02-28 20:00:00, 1993-02-28 20:00:00, 0.717970, 0:00:00, 0.0 
1993-03-01 09:00:00, 1993-03-01 09:00:00, 0.762518, 0:00:00, 0.0 
1993-03-04 11:00:00, 1993-03-04 13:00:00, 2.115717, 2:00:00, 0.0 
1993-03-05 08:00:00, 1993-03-06 14:00:00, 17.364336, 1 day, 6:00:00, 0.0 
1993-03-13 15:00:00, 1993-03-13 21:00:00, 6.713668, 6:00:00, 0.0 
1993-04-02 20:00:00, 1993-04-03 10:00:00, 6.707308, 14:00:00, 0.0 
1993-04-06 03:00:00, 1993-04-07 17:00:00, 24.416793, 1 day, 14:00:00, 0.0 
1993-04-29 04:00:00, 1993-04-29 05:00:00, 0.777018, 1:00:00, 0.0 
1993-10-27 08:00:00, 1993-10-27 15:00:00, 8.214186, 7:00:00, 0.0 
1993-11-25 22:00:00, 1993-11-26 02:00:00, 3.658027, 4:00:00, 0.0 
1993-12-14 15:00:00, 1993-12-18 07:00:00, 67.416102, 3 days, 16:00:00, 0.0 
1994-01-04 04:00:00, 1994-01-04 11:00:00, 10.927507, 7:00:00, 0.0 
1994-01-15 04:00:00, 1994-01-15 06:00:00, 1.993830, 2:00:00, 0.0 
1994-01-27 00:00:00, 1994-01-28 04:00:00, 12.294502, 1 day, 4:00:00, 0.0 
1994-02-10 01:00:00, 1994-02-10 16:00:00, 9.781556, 15:00:00, 0.0 
1994-02-11 13:00:00, 1994-02-11 14:00:00, 0.855241, 1:00:00, 0.0 
1994-02-12 04:00:00, 1994-02-12 15:00:00, 1.585685, 11:00:00, 0.0 
1994-02-24 10:00:00, 1994-02-25 02:00:00, 9.355135, 16:00:00, 0.0 
1994-03-02 15:00:00, 1994-03-04 10:00:00, 29.863846, 1 day, 19:00:00, 0.0 
1994-05-04 12:00:00, 1994-05-05 13:00:00, 20.523106, 1 day, 1:00:00, 0.0 
1994-05-20 06:00:00, 1994-05-21 13:00:00, 17.613902, 1 day, 7:00:00, 0.0 
1994-09-04 10:00:00, 1994-09-05 04:00:00, 10.269631, 18:00:00, 0.0 
1994-09-22 12:00:00, 1994-09-22 19:00:00, 8.855449, 7:00:00, 0.0 
1994-10-14 23:00:00, 1994-10-16 14:00:00, 27.259944, 1 day, 15:00:00, 0.0 
1994-11-16 22:00:00, 1994-11-19 05:00:00, 74.746298, 2 days, 7:00:00, 0.0 
1994-12-14 22:00:00, 1994-12-16 15:00:00, 26.041631, 1 day, 17:00:00, 0.0 
1994-12-23 15:00:00, 1994-12-26 10:00:00, 50.303343, 2 days, 19:00:00, 0.0 
1995-01-19 14:00:00, 1995-01-20 06:00:00, 7.608133, 16:00:00, 0.0 
1995-05-02 13:00:00, 1995-05-03 02:00:00, 2.400226, 13:00:00, 0.0 
1995-06-28 05:00:00, 1995-06-29 05:00:00, 10.254566, 1 day, 0:00:00, 0.0 
1995-08-07 08:00:00, 1995-08-09 03:00:00, 29.439593, 1 day, 19:00:00, 0.0 
1995-08-16 08:00:00, 1995-08-21 01:00:00, 86.330299, 4 days, 17:00:00, 0.0 
1995-08-28 18:00:00, 1995-08-29 06:00:00, 5.463812, 12:00:00, 0.0 
1995-11-14 16:00:00, 1995-11-14 16:00:00, 0.756591, 0:00:00, 0.0 
1995-12-16 18:00:00, 1995-12-16 18:00:00, 0.857070, 0:00:00, 0.0 
1995-12-17 11:00:00, 1995-12-17 12:00:00, 0.771441, 1:00:00, 0.0 
1995-12-19 22:00:00, 1995-12-21 00:00:00, 12.905312, 1 day, 2:00:00, 0.0 
1996-01-03 10:00:00, 1996-01-04 12:00:00, 8.236276, 1 day, 2:00:00, 0.0 
1996-01-07 13:00:00, 1996-01-08 03:00:00, 9.331839, 14:00:00, 0.0 
1996-01-08 15:00:00, 1996-01-08 18:00:00, 2.687624, 3:00:00, 0.0 
1996-01-12 16:00:00, 1996-01-12 16:00:00, 0.863131, 0:00:00, 0.0 
1996-02-03 03:00:00, 1996-02-04 16:00:00, 16.364476, 1 day, 13:00:00, 0.0 
1996-02-16 13:00:00, 1996-02-17 03:00:00, 13.131561, 14:00:00, 0.0 
1996-03-08 06:00:00, 1996-03-08 06:00:00, 0.797065, 0:00:00, 0.0 
1996-07-13 03:00:00, 1996-07-13 03:00:00, 0.815797, 0:00:00, 0.0 
1996-09-06 05:00:00, 1996-09-06 12:00:00, 8.032300, 7:00:00, 0.0 
1996-10-08 08:00:00, 1996-10-09 03:00:00, 33.358916, 19:00:00, 0.0 
1996-11-22 11:00:00, 1996-11-22 11:00:00, 0.957297, 0:00:00, 0.0 
1996-12-07 21:00:00, 1996-12-08 15:00:00, 7.421184, 18:00:00, 0.0 
1996-12-13 18:00:00, 1996-12-17 09:00:00, 41.579027, 3 days, 15:00:00, 0.0 
1997-01-01 05:00:00, 1997-01-01 09:00:00, 4.064199, 4:00:00, 0.0 
1997-02-08 16:00:00, 1997-02-09 18:00:00, 13.045232, 1 day, 2:00:00, 0.0 
1997-04-23 23:00:00, 1997-04-24 18:00:00, 23.682341, 19:00:00, 0.0 
1997-06-03 10:00:00, 1997-06-05 13:00:00, 38.078705, 2 days, 3:00:00, 0.0 
1997-06-07 00:00:00, 1997-06-08 07:00:00, 17.724065, 1 day, 7:00:00, 0.0 
1997-07-24 19:00:00, 1997-07-24 20:00:00, 1.044437, 1:00:00, 0.0 
1997-10-18 12:00:00, 1997-10-20 08:00:00, 31.040868, 1 day, 20:00:00, 0.0 
1997-11-07 16:00:00, 1997-11-09 12:00:00, 26.065287, 1 day, 20:00:00, 0.0 
1997-11-14 02:00:00, 1997-11-14 04:00:00, 1.810764, 2:00:00, 0.0 
1997-12-01 15:00:00, 1997-12-01 17:00:00, 1.786404, 2:00:00, 0.0 
1997-12-27 23:00:00, 1997-12-28 02:00:00, 3.043137, 3:00:00, 0.0 
1997-12-28 15:00:00, 1997-12-28 15:00:00, 0.773616, 0:00:00, 0.0 
1997-12-29 16:00:00, 1997-12-30 03:00:00, 5.657233, 11:00:00, 0.0 
1998-01-17 02:00:00, 1998-01-17 07:00:00, 5.432126, 5:00:00, 0.0 
1998-01-18 05:00:00, 1998-01-18 19:00:00, 5.574875, 14:00:00, 0.0 
1998-01-19 20:00:00, 1998-01-20 09:00:00, 3.432269, 13:00:00, 0.0 
1998-01-22 22:00:00, 1998-01-23 10:00:00, 2.501711, 12:00:00, 0.0 
1998-01-24 09:00:00, 1998-01-25 01:00:00, 7.357737, 16:00:00, 0.0 
1998-01-28 02:00:00, 1998-01-31 06:00:00, 88.647445, 3 days, 4:00:00, 0.0 
1998-02-04 05:00:00, 1998-02-10 03:00:00, 279.716431, 5 days, 22:00:00, 0.0 
1998-02-17 16:00:00, 1998-02-19 05:00:00, 12.982817, 1 day, 13:00:00, 0.0 
1998-02-23 13:00:00, 1998-02-25 02:00:00, 20.386948, 1 day, 13:00:00, 0.0 
1998-03-21 05:00:00, 1998-03-22 11:00:00, 19.466058, 1 day, 6:00:00, 0.0 
1998-04-04 16:00:00, 1998-04-05 11:00:00, 20.368031, 19:00:00, 0.0 
1998-04-23 13:00:00, 1998-04-23 13:00:00, 0.820512, 0:00:00, 0.0 
1998-05-10 04:00:00, 1998-05-10 04:00:00, 0.839865, 0:00:00, 0.0 
1998-05-11 11:00:00, 1998-05-14 18:00:00, 57.307076, 3 days, 7:00:00, 0.0 
1998-08-27 20:00:00, 1998-08-28 12:00:00, 32.435400, 16:00:00, 0.0 
1999-01-31 13:00:00, 1999-01-31 16:00:00, 2.776959, 3:00:00, 0.0 
1999-02-18 17:00:00, 1999-02-18 18:00:00, 0.757846, 1:00:00, 0.0 
1999-02-19 06:00:00, 1999-02-19 06:00:00, 0.751312, 0:00:00, 0.0 
1999-02-20 02:00:00, 1999-02-21 08:00:00, 10.505969, 1 day, 6:00:00, 0.0 
1999-02-22 09:00:00, 1999-02-22 09:00:00, 0.835325, 0:00:00, 0.0 
1999-02-24 23:00:00, 1999-02-24 23:00:00, 0.736500, 0:00:00, 0.0 
1999-03-15 02:00:00, 1999-03-16 03:00:00, 16.343737, 1 day, 1:00:00, 0.0 
1999-04-10 09:00:00, 1999-04-10 12:00:00, 1.574548, 3:00:00, 0.0 
1999-04-30 16:00:00, 1999-05-03 07:00:00, 40.107248, 2 days, 15:00:00, 0.0 
1999-05-14 14:00:00, 1999-05-16 05:00:00, 22.168233, 1 day, 15:00:00, 0.0 
1999-08-30 13:00:00, 1999-09-02 22:00:00, 128.100654, 3 days, 9:00:00, 0.0 
1999-09-03 10:00:00, 1999-09-03 10:00:00, 0.763453, 0:00:00, 0.0 
1999-09-04 18:00:00, 1999-09-05 10:00:00, 14.389385, 16:00:00, 0.0 
1999-09-16 03:00:00, 1999-09-16 19:00:00, 24.208562, 16:00:00, 0.0 
1999-10-18 08:00:00, 1999-10-18 11:00:00, 2.605402, 3:00:00, 0.0 
2000-01-25 03:00:00, 2000-01-25 21:00:00, 45.788732, 18:00:00, 0.0 
2000-03-21 00:00:00, 2000-03-23 07:00:00, 32.795028, 2 days, 7:00:00, 0.0 
2000-04-18 11:00:00, 2000-04-19 18:00:00, 28.126537, 1 day, 7:00:00, 0.0 
2000-04-25 17:00:00, 2000-04-26 10:00:00, 20.149172, 17:00:00, 0.0 
2000-04-27 09:00:00, 2000-04-27 11:00:00, 0.725142, 2:00:00, 0.0 
2000-05-29 08:00:00, 2000-05-31 03:00:00, 52.852383, 1 day, 19:00:00, 0.0 
2000-06-07 03:00:00, 2000-06-07 03:00:00, 0.767284, 0:00:00, 0.0 
2000-07-24 17:00:00, 2000-07-24 23:00:00, 4.637544, 6:00:00, 0.0 
2000-08-13 22:00:00, 2000-08-14 13:00:00, 8.962337, 15:00:00, 0.0 
2000-09-05 09:00:00, 2000-09-07 07:00:00, 45.827813, 1 day, 22:00:00, 0.0 
2000-09-27 02:00:00, 2000-09-27 04:00:00, 1.740524, 2:00:00, 0.0 
2000-12-03 21:00:00, 2000-12-03 21:00:00, 0.779042, 0:00:00, 0.0 
2001-01-20 23:00:00, 2001-01-20 23:00:00, 0.799092, 0:00:00, 0.0 
2001-03-04 20:00:00, 2001-03-06 00:00:00, 12.669177, 1 day, 4:00:00, 0.0 
2001-03-08 10:00:00, 2001-03-08 11:00:00, 0.797653, 1:00:00, 0.0 
2001-03-21 09:00:00, 2001-03-22 15:00:00, 16.862602, 1 day, 6:00:00, 0.0 
2001-04-17 10:00:00, 2001-04-17 11:00:00, 0.841532, 1:00:00, 0.0 
2001-07-20 03:00:00, 2001-07-20 13:00:00, 3.174810, 10:00:00, 0.0 
2001-07-30 10:00:00, 2001-07-30 13:00:00, 2.459718, 3:00:00, 0.0 
2001-09-15 09:00:00, 2001-09-15 15:00:00, 5.846817, 6:00:00, 0.0 
2001-09-16 03:00:00, 2001-09-16 10:00:00, 1.604593, 7:00:00, 0.0 
2001-09-30 02:00:00, 2001-10-02 05:00:00, 52.943338, 2 days, 3:00:00, 0.0 
2002-01-03 19:00:00, 2002-01-04 08:00:00, 4.493221, 13:00:00, 0.0 
2002-03-22 07:00:00, 2002-03-22 08:00:00, 1.044517, 1:00:00, 0.0 
2002-06-08 00:00:00, 2002-06-08 12:00:00, 5.394206, 12:00:00, 0.0 
2002-06-15 16:00:00, 2002-06-15 16:00:00, 0.787797, 0:00:00, 0.0 
2002-10-11 22:00:00, 2002-10-12 16:00:00, 7.025014, 18:00:00, 0.0 
2002-10-14 06:00:00, 2002-10-14 13:00:00, 6.585706, 7:00:00, 0.0 
2002-10-15 21:00:00, 2002-10-17 02:00:00, 32.982411, 1 day, 5:00:00, 0.0 
2002-10-30 05:00:00, 2002-10-30 06:00:00, 0.863650, 1:00:00, 0.0 
2002-11-17 15:00:00, 2002-11-18 03:00:00, 4.346168, 12:00:00, 0.0 
2002-12-25 06:00:00, 2002-12-25 07:00:00, 0.807941, 1:00:00, 0.0 
2003-01-03 12:00:00, 2003-01-04 18:00:00, 15.432241, 1 day, 6:00:00, 0.0 
2003-02-16 16:00:00, 2003-02-18 02:00:00, 22.915241, 1 day, 10:00:00, 0.0 
2003-02-28 01:00:00, 2003-02-28 13:00:00, 3.496893, 12:00:00, 0.0 
2003-03-19 12:00:00, 2003-03-20 14:00:00, 14.124794, 1 day, 2:00:00, 0.0 
2003-04-09 09:00:00, 2003-04-12 01:00:00, 77.273686, 2 days, 16:00:00, 0.0 
2003-04-18 02:00:00, 2003-04-18 06:00:00, 3.954569, 4:00:00, 0.0 
2003-05-17 13:00:00, 2003-05-17 17:00:00, 3.564220, 4:00:00, 0.0 
2003-09-09 22:00:00, 2003-09-10 17:00:00, 15.252149, 19:00:00, 0.0 
2003-09-12 15:00:00, 2003-09-13 06:00:00, 8.278436, 15:00:00, 0.0 
2003-09-18 03:00:00, 2003-09-19 05:00:00, 70.853599, 1 day, 2:00:00, 0.0 
2003-09-19 22:00:00, 2003-09-20 01:00:00, 2.504233, 3:00:00, 0.0 
2003-10-11 11:00:00, 2003-10-12 06:00:00, 12.925888, 19:00:00, 0.0 
2003-12-05 10:00:00, 2003-12-05 11:00:00, 0.856566, 1:00:00, 0.0 
2003-12-06 09:00:00, 2003-12-06 12:00:00, 2.746159, 3:00:00, 0.0 
2003-12-14 14:00:00, 2003-12-14 20:00:00, 5.834281, 6:00:00, 0.0 
2004-01-27 05:00:00, 2004-01-27 05:00:00, 0.805166, 0:00:00, 0.0 
2004-01-27 17:00:00, 2004-01-27 20:00:00, 0.733221, 3:00:00, 0.0 
2004-02-16 07:00:00, 2004-02-16 13:00:00, 4.406989, 6:00:00, 0.0 
2004-02-27 17:00:00, 2004-02-27 18:00:00, 0.791767, 1:00:00, 0.0 
2004-03-10 14:00:00, 2004-03-11 08:00:00, 16.449255, 18:00:00, 0.0 
2004-06-12 08:00:00, 2004-06-12 09:00:00, 0.808103, 1:00:00, 0.0 
2004-07-15 02:00:00, 2004-07-15 02:00:00, 1.029735, 0:00:00, 0.0 
2004-08-06 15:00:00, 2004-08-06 18:00:00, 2.664715, 3:00:00, 0.0 
2004-08-15 00:00:00, 2004-08-15 01:00:00, 0.979456, 1:00:00, 0.0 
2004-09-06 04:00:00, 2004-09-06 10:00:00, 5.009580, 6:00:00, 0.0 
2004-09-19 02:00:00, 2004-09-19 14:00:00, 11.984223, 12:00:00, 0.0 
2004-09-20 06:00:00, 2004-09-20 15:00:00, 4.819435, 9:00:00, 0.0 
2004-10-20 20:00:00, 2004-10-26 09:00:00, 83.310114, 5 days, 13:00:00, 0.0 
2004-11-13 11:00:00, 2004-11-14 04:00:00, 9.737985, 17:00:00, 0.0 
2004-12-11 11:00:00, 2004-12-11 11:00:00, 0.821947, 0:00:00, 0.0 
2004-12-20 06:00:00, 2004-12-20 11:00:00, 3.526335, 5:00:00, 0.0 
2004-12-26 14:00:00, 2004-12-26 17:00:00, 2.596578, 3:00:00, 0.0 
2005-01-16 17:00:00, 2005-01-17 10:00:00, 6.659784, 17:00:00, 0.0 
2005-01-27 13:00:00, 2005-01-27 18:00:00, 4.916366, 5:00:00, 0.0 
2005-01-31 04:00:00, 2005-01-31 20:00:00, 8.318479, 16:00:00, 0.0 
2005-02-01 08:00:00, 2005-02-01 19:00:00, 3.293013, 11:00:00, 0.0 
2005-02-04 11:00:00, 2005-02-06 00:00:00, 14.715919, 1 day, 13:00:00, 0.0 
2005-02-24 16:00:00, 2005-02-25 15:00:00, 10.409418, 23:00:00, 0.0 
2005-02-28 16:00:00, 2005-02-28 19:00:00, 1.841001, 3:00:00, 0.0 
2005-04-15 09:00:00, 2005-04-16 22:00:00, 35.445361, 1 day, 13:00:00, 0.0 
2005-05-06 13:00:00, 2005-05-07 05:00:00, 12.836145, 16:00:00, 0.0 
2005-05-21 03:00:00, 2005-05-21 11:00:00, 2.865552, 8:00:00, 0.0 
2005-05-25 00:00:00, 2005-05-26 16:00:00, 22.337264, 1 day, 16:00:00, 0.0 
2005-10-12 22:00:00, 2005-10-13 01:00:00, 2.983354, 3:00:00, 0.0 
2005-10-14 00:00:00, 2005-10-14 14:00:00, 8.554487, 14:00:00, 0.0 
2005-10-24 22:00:00, 2005-10-25 17:00:00, 28.403719, 19:00:00, 0.0 
2006-01-04 03:00:00, 2006-01-04 20:00:00, 11.287500, 17:00:00, 0.0 
2006-01-05 16:00:00, 2006-01-06 21:00:00, 12.329438, 1 day, 5:00:00, 0.0 
2006-01-31 13:00:00, 2006-02-01 18:00:00, 12.854024, 1 day, 5:00:00, 0.0 
2006-02-02 15:00:00, 2006-02-03 08:00:00, 8.562611, 17:00:00, 0.0 
2006-02-04 17:00:00, 2006-02-04 18:00:00, 0.774895, 1:00:00, 0.0 
2006-02-12 15:00:00, 2006-02-12 16:00:00, 0.930260, 1:00:00, 0.0 
2006-05-01 07:00:00, 2006-05-01 07:00:00, 0.784576, 0:00:00, 0.0 
2006-05-02 02:00:00, 2006-05-02 04:00:00, 1.875995, 2:00:00, 0.0 
2006-05-08 08:00:00, 2006-05-08 14:00:00, 6.439489, 6:00:00, 0.0 
2006-08-31 18:00:00, 2006-09-02 10:00:00, 66.970497, 1 day, 16:00:00, 0.0 
2006-09-12 02:00:00, 2006-09-12 14:00:00, 6.442400, 12:00:00, 0.0 
2006-10-06 16:00:00, 2006-10-08 18:00:00, 90.976243, 2 days, 2:00:00, 0.0 
2006-11-12 17:00:00, 2006-11-13 00:00:00, 7.246863, 7:00:00, 0.0 
2006-11-21 17:00:00, 2006-11-24 19:00:00, 97.661133, 3 days, 2:00:00, 0.0 
2007-01-28 22:00:00, 2007-01-28 23:00:00, 0.733124, 1:00:00, 0.0 
2007-02-14 10:00:00, 2007-02-14 11:00:00, 0.839600, 1:00:00, 0.0 
2007-03-17 00:00:00, 2007-03-17 01:00:00, 0.796933, 1:00:00, 0.0 
2007-04-05 00:00:00, 2007-04-05 01:00:00, 0.820893, 1:00:00, 0.0 
2007-04-15 23:00:00, 2007-04-16 03:00:00, 3.924335, 4:00:00, 0.0 
2007-04-20 01:00:00, 2007-04-20 02:00:00, 0.932514, 1:00:00, 0.0 
2007-05-06 14:00:00, 2007-05-08 09:00:00, 27.539037, 1 day, 19:00:00, 0.0 
2007-06-14 03:00:00, 2007-06-16 00:00:00, 21.241994, 1 day, 21:00:00, 0.0 
2007-08-11 11:00:00, 2007-08-11 15:00:00, 1.636827, 4:00:00, 0.0 
2007-10-11 11:00:00, 2007-10-11 14:00:00, 2.777260, 3:00:00, 0.0 
2007-10-26 03:00:00, 2007-10-26 04:00:00, 0.748977, 1:00:00, 0.0 
2007-11-02 10:00:00, 2007-11-04 13:00:00, 43.155111, 2 days, 3:00:00, 0.0 
2007-12-16 04:00:00, 2007-12-16 16:00:00, 4.447635, 12:00:00, 0.0 
2007-12-22 00:00:00, 2007-12-23 02:00:00, 11.895178, 1 day, 2:00:00, 0.0 
2007-12-26 16:00:00, 2007-12-27 06:00:00, 6.420281, 14:00:00, 0.0 
2008-01-28 19:00:00, 2008-01-28 19:00:00, 0.757760, 0:00:00, 0.0 
2008-03-16 07:00:00, 2008-03-17 00:00:00, 9.035864, 17:00:00, 0.0 
2008-04-06 23:00:00, 2008-04-09 03:00:00, 29.281655, 2 days, 4:00:00, 0.0 
2008-04-29 10:00:00, 2008-04-29 10:00:00, 0.902194, 0:00:00, 0.0 
2008-05-10 19:00:00, 2008-05-10 19:00:00, 0.814553, 0:00:00, 0.0 
2008-05-12 07:00:00, 2008-05-14 10:00:00, 57.078815, 2 days, 3:00:00, 0.0 
2008-05-17 02:00:00, 2008-05-17 03:00:00, 0.859183, 1:00:00, 0.0 
2008-09-20 07:00:00, 2008-09-20 08:00:00, 0.788527, 1:00:00, 0.0 
2008-09-24 00:00:00, 2008-09-26 23:00:00, 89.211672, 2 days, 23:00:00, 0.0 
2008-10-18 20:00:00, 2008-10-20 09:00:00, 29.808498, 1 day, 13:00:00, 0.0 
2008-11-05 20:00:00, 2008-11-06 08:00:00, 7.565798, 12:00:00, 0.0 
2008-12-21 07:00:00, 2008-12-22 00:00:00, 6.319062, 17:00:00, 0.0 
2009-01-20 09:00:00, 2009-01-20 12:00:00, 2.856917, 3:00:00, 0.0 
2009-03-02 02:00:00, 2009-03-02 20:00:00, 21.939565, 18:00:00, 0.0 
2009-04-16 04:00:00, 2009-04-16 10:00:00, 5.642725, 6:00:00, 0.0 
2009-06-05 23:00:00, 2009-06-05 23:00:00, 0.888800, 0:00:00, 0.0 
2009-09-10 08:00:00, 2009-09-11 09:00:00, 25.306692, 1 day, 1:00:00, 0.0 
2009-10-16 01:00:00, 2009-10-19 05:00:00, 45.879045, 3 days, 4:00:00, 0.0 
2009-10-29 22:00:00, 2009-10-30 02:00:00, 3.728232, 4:00:00, 0.0 
2009-11-11 18:00:00, 2009-11-15 11:00:00, 233.581833, 3 days, 17:00:00, 0.0 
2009-11-23 18:00:00, 2009-11-25 06:00:00, 19.044419, 1 day, 12:00:00, 0.0 
2009-11-27 07:00:00, 2009-11-27 10:00:00, 3.782838, 3:00:00, 0.0 
2009-12-05 17:00:00, 2009-12-05 19:00:00, 2.036238, 2:00:00, 0.0 
2009-12-19 05:00:00, 2009-12-20 19:00:00, 61.794039, 1 day, 14:00:00, 0.0 
2009-12-25 21:00:00, 2009-12-27 12:00:00, 20.354818, 1 day, 15:00:00, 0.0 
2010-01-20 15:00:00, 2010-01-20 17:00:00, 1.729536, 2:00:00, 0.0 
2010-01-22 04:00:00, 2010-01-24 06:00:00, 19.158471, 2 days, 2:00:00, 0.0 
2010-01-31 02:00:00, 2010-01-31 04:00:00, 1.765236, 2:00:00, 0.0 
2010-02-06 05:00:00, 2010-02-07 12:00:00, 54.693291, 1 day, 7:00:00, 0.0 
2010-02-13 11:00:00, 2010-02-13 16:00:00, 5.025455, 5:00:00, 0.0 
2010-02-25 08:00:00, 2010-02-25 13:00:00, 4.409226, 5:00:00, 0.0 
2010-03-03 04:00:00, 2010-03-04 19:00:00, 21.537558, 1 day, 15:00:00, 0.0 
2010-03-13 02:00:00, 2010-03-16 17:00:00, 52.030638, 3 days, 15:00:00, 0.0 
2010-03-26 20:00:00, 2010-03-27 09:00:00, 7.610379, 13:00:00, 0.0 
2010-03-30 12:00:00, 2010-03-30 13:00:00, 1.029040, 1:00:00, 0.0 
2010-04-18 02:00:00, 2010-04-18 02:00:00, 0.828527, 0:00:00, 0.0 
2010-04-28 04:00:00, 2010-04-28 04:00:00, 0.825763, 0:00:00, 0.0 
2010-08-24 11:00:00, 2010-08-25 11:00:00, 15.221710, 1 day, 0:00:00, 0.0 
2010-10-03 23:00:00, 2010-10-04 14:00:00, 11.939226, 15:00:00, 0.0 
2010-11-11 16:00:00, 2010-11-13 22:00:00, 41.712024, 2 days, 6:00:00, 0.0 
2010-12-23 17:00:00, 2010-12-23 17:00:00, 0.888418, 0:00:00, 0.0 
2010-12-26 15:00:00, 2010-12-26 21:00:00, 8.016540, 6:00:00, 0.0 
2011-01-08 03:00:00, 2011-01-08 04:00:00, 0.805917, 1:00:00, 0.0 
2011-02-22 06:00:00, 2011-02-22 19:00:00, 4.722068, 13:00:00, 0.0 
2011-03-01 13:00:00, 2011-03-01 14:00:00, 0.929029, 1:00:00, 0.0 
2011-03-11 08:00:00, 2011-03-11 08:00:00, 0.809442, 0:00:00, 0.0 
2011-03-24 15:00:00, 2011-03-25 07:00:00, 8.105706, 16:00:00, 0.0 
2011-05-11 22:00:00, 2011-05-12 07:00:00, 2.425126, 9:00:00, 0.0 
2011-06-20 17:00:00, 2011-06-20 19:00:00, 1.949454, 2:00:00, 0.0 
2011-08-27 10:00:00, 2011-08-28 05:00:00, 52.483528, 19:00:00, 0.0 
2011-09-16 07:00:00, 2011-09-16 07:00:00, 0.833505, 0:00:00, 0.0 
2011-10-13 11:00:00, 2011-10-13 11:00:00, 0.765946, 0:00:00, 0.0 
2011-10-29 12:00:00, 2011-10-29 19:00:00, 7.507046, 7:00:00, 0.0 
2011-11-04 23:00:00, 2011-11-06 01:00:00, 20.126206, 1 day, 2:00:00, 0.0 
2012-01-22 15:00:00, 2012-01-22 16:00:00, 0.929754, 1:00:00, 0.0 
2012-02-20 01:00:00, 2012-02-20 15:00:00, 3.440948, 14:00:00, 0.0 
2012-03-27 04:00:00, 2012-03-27 07:00:00, 1.732404, 3:00:00, 0.0 
2012-04-01 06:00:00, 2012-04-01 11:00:00, 4.143865, 5:00:00, 0.0 
2012-04-02 12:00:00, 2012-04-02 14:00:00, 2.228343, 2:00:00, 0.0 
2012-04-05 10:00:00, 2012-04-05 15:00:00, 5.130277, 5:00:00, 0.0 
2012-04-06 13:00:00, 2012-04-06 14:00:00, 0.883357, 1:00:00, 0.0 
2012-04-23 00:00:00, 2012-04-23 00:00:00, 0.900974, 0:00:00, 0.0 
2012-06-05 03:00:00, 2012-06-06 06:00:00, 14.189424, 1 day, 3:00:00, 0.0 
2012-06-15 09:00:00, 2012-06-15 11:00:00, 1.652377, 2:00:00, 0.0 
2012-10-27 22:00:00, 2012-10-29 19:00:00, 107.334760, 1 day, 21:00:00, 0.0 
2012-11-07 05:00:00, 2012-11-09 00:00:00, 36.091800, 1 day, 19:00:00, 0.0 
2012-11-19 08:00:00, 2012-11-19 22:00:00, 6.394078, 14:00:00, 0.0 
2012-11-20 10:00:00, 2012-11-20 10:00:00, 0.775091, 0:00:00, 0.0 
2012-11-22 11:00:00, 2012-11-23 00:00:00, 5.202545, 13:00:00, 0.0 
2012-12-21 09:00:00, 2012-12-21 11:00:00, 1.888628, 2:00:00, 0.0 
2012-12-26 15:00:00, 2012-12-27 03:00:00, 3.359150, 12:00:00, 0.0 
2013-01-17 17:00:00, 2013-01-17 17:00:00, 0.792770, 0:00:00, 0.0 
2013-01-18 05:00:00, 2013-01-18 06:00:00, 0.912594, 1:00:00, 0.0 
2013-02-08 10:00:00, 2013-02-08 15:00:00, 6.998671, 5:00:00, 0.0 
2013-02-09 14:00:00, 2013-02-09 16:00:00, 1.800004, 2:00:00, 0.0 
2013-02-17 05:00:00, 2013-02-17 07:00:00, 1.724440, 2:00:00, 0.0 
2013-02-27 00:00:00, 2013-02-27 13:00:00, 5.535343, 13:00:00, 0.0 
2013-02-28 17:00:00, 2013-02-28 18:00:00, 0.794905, 1:00:00, 0.0 
2013-03-06 08:00:00, 2013-03-11 14:00:00, 90.411673, 5 days, 6:00:00, 0.0 
2013-04-23 00:00:00, 2013-04-23 15:00:00, 10.218373, 15:00:00, 0.0 
2013-05-05 13:00:00, 2013-05-06 02:00:00, 1.542873, 13:00:00, 0.0 
2013-10-09 07:00:00, 2013-10-11 09:00:00, 63.617184, 2 days, 2:00:00, 0.0 
2013-10-12 22:00:00, 2013-10-15 01:00:00, 30.350626, 2 days, 3:00:00, 0.0 
2014-01-03 17:00:00, 2014-01-03 18:00:00, 0.928253, 1:00:00, 0.0 
2014-01-22 03:00:00, 2014-01-22 08:00:00, 9.431656, 5:00:00, 0.0 
2014-02-13 10:00:00, 2014-02-14 01:00:00, 8.938901, 15:00:00, 0.0 
2014-03-03 18:00:00, 2014-03-03 18:00:00, 0.797370, 0:00:00, 0.0 
2014-03-07 05:00:00, 2014-03-08 09:00:00, 20.929428, 1 day, 4:00:00, 0.0 
2014-03-17 04:00:00, 2014-03-19 05:00:00, 25.018151, 2 days, 1:00:00, 0.0 
2014-08-25 04:00:00, 2014-08-25 04:00:00, 0.841757, 0:00:00, 0.0 
2014-09-09 04:00:00, 2014-09-09 04:00:00, 0.902004, 0:00:00, 0.0 
2014-09-10 05:00:00, 2014-09-10 05:00:00, 0.814555, 0:00:00, 0.0 
2014-11-01 18:00:00, 2014-11-02 13:00:00, 21.839765, 19:00:00, 0.0 
2014-11-26 16:00:00, 2014-11-26 20:00:00, 4.625974, 4:00:00, 0.0 
2014-12-07 12:00:00, 2014-12-10 15:00:00, 50.211949, 3 days, 3:00:00, 0.0 
2015-01-27 05:00:00, 2015-01-28 11:00:00, 14.595160, 1 day, 6:00:00, 0.0 
2015-02-10 04:00:00, 2015-02-11 20:00:00, 33.150397, 1 day, 16:00:00, 0.0 
2015-02-12 18:00:00, 2015-02-12 22:00:00, 3.847618, 4:00:00, 0.0 
2015-05-01 14:00:00, 2015-05-02 03:00:00, 4.317354, 13:00:00, 0.0 
2015-08-08 18:00:00, 2015-08-08 20:00:00, 1.781832, 2:00:00, 0.0 
2015-09-05 16:00:00, 2015-09-05 19:00:00, 2.684209, 3:00:00, 0.0 
2015-09-21 23:00:00, 2015-09-23 12:00:00, 16.198418, 1 day, 13:00:00, 0.0 
2015-09-24 00:00:00, 2015-09-24 01:00:00, 0.811951, 1:00:00, 0.0 
2015-09-25 23:00:00, 2015-09-27 16:00:00, 31.572162, 1 day, 17:00:00, 0.0 
2015-10-01 17:00:00, 2015-10-06 23:00:00, 241.493980, 5 days, 6:00:00, 0.0 
2015-12-18 17:00:00, 2015-12-18 19:00:00, 1.763459, 2:00:00, 0.0 
2015-12-28 18:00:00, 2015-12-30 05:00:00, 7.529661, 1 day, 11:00:00, 0.0 
2016-01-09 16:00:00, 2016-01-10 17:00:00, 10.443067, 1 day, 1:00:00, 0.0 
2016-01-16 04:00:00, 2016-01-16 05:00:00, 0.889593, 1:00:00, 0.0 
2016-01-23 01:00:00, 2016-01-24 17:00:00, 58.488780, 1 day, 16:00:00, 0.0 
2016-01-25 13:00:00, 2016-01-25 15:00:00, 1.764478, 2:00:00, 0.0 
2016-02-08 00:00:00, 2016-02-10 14:00:00, 38.006059, 2 days, 14:00:00, 0.0 
2016-03-20 23:00:00, 2016-03-21 03:00:00, 4.244917, 4:00:00, 0.0 
2016-05-05 10:00:00, 2016-05-06 23:00:00, 19.780169, 1 day, 13:00:00, 0.0 
2016-06-17 21:00:00, 2016-06-17 21:00:00, 0.852451, 0:00:00, 0.0 
2016-09-03 05:00:00, 2016-09-05 20:00:00, 68.109939, 2 days, 15:00:00, 0.0 
2016-09-29 16:00:00, 2016-10-01 11:00:00, 24.173151, 1 day, 19:00:00, 0.0 
2016-10-05 06:00:00, 2016-10-06 08:00:00, 17.534035, 1 day, 2:00:00, 0.0 
2016-10-08 21:00:00, 2016-10-10 11:00:00, 50.601742, 1 day, 14:00:00, 0.0 
2016-12-06 19:00:00, 2016-12-06 22:00:00, 2.987326, 3:00:00, 0.0 
2016-12-07 22:00:00, 2016-12-07 22:00:00, 0.783193, 0:00:00, 0.0 
2017-01-23 09:00:00, 2017-01-25 10:00:00, 50.664138, 2 days, 1:00:00, 0.0 
2017-04-25 11:00:00, 2017-04-25 15:00:00, 4.303131, 4:00:00, 0.0 
2017-05-13 00:00:00, 2017-05-13 06:00:00, 5.734350, 6:00:00, 0.0 
2017-06-07 14:00:00, 2017-06-08 16:00:00, 12.599772, 1 day, 2:00:00, 0.0 
2017-07-29 19:00:00, 2017-07-30 23:00:00, 26.453950, 1 day, 4:00:00, 0.0 
2017-08-28 21:00:00, 2017-08-30 12:00:00, 45.933998, 1 day, 15:00:00, 0.0 
2017-09-19 03:00:00, 2017-09-20 11:00:00, 21.507573, 1 day, 8:00:00, 0.0 
2017-09-21 01:00:00, 2017-09-21 01:00:00, 0.910784, 0:00:00, 0.0 
2017-09-26 20:00:00, 2017-09-27 23:00:00, 14.868497, 1 day, 3:00:00, 0.0 
2017-10-12 19:00:00, 2017-10-14 01:00:00, 29.192683, 1 day, 6:00:00, 0.0 
2017-11-08 07:00:00, 2017-11-09 20:00:00, 15.201271, 1 day, 13:00:00, 0.0 
2017-11-10 17:00:00, 2017-11-10 18:00:00, 0.896480, 1:00:00, 0.0 
2017-12-09 17:00:00, 2017-12-09 21:00:00, 3.735826, 4:00:00, 0.0 
2018-01-30 00:00:00, 2018-01-30 00:00:00, 0.830177, 0:00:00, 0.0 
2018-03-04 04:00:00, 2018-03-09 07:00:00, 82.511705, 5 days, 3:00:00, 0.0 
2018-03-12 21:00:00, 2018-03-13 01:00:00, 4.477422, 4:00:00, 0.0 
2018-03-20 14:00:00, 2018-03-22 08:00:00, 24.484481, 1 day, 18:00:00, 0.0 
2018-06-11 21:00:00, 2018-06-12 03:00:00, 5.623821, 6:00:00, 0.0 
2018-06-23 01:00:00, 2018-06-23 01:00:00, 0.783657, 0:00:00, 0.0 
2018-09-09 04:00:00, 2018-09-11 06:00:00, 26.556632, 2 days, 2:00:00, 0.0 
2018-09-13 19:00:00, 2018-09-15 09:00:00, 13.161228, 1 day, 14:00:00, 0.0 
2018-10-12 04:00:00, 2018-10-12 04:00:00, 1.030290, 0:00:00, 0.0 
2018-10-12 19:00:00, 2018-10-12 20:00:00, 0.831789, 1:00:00, 0.0 
2018-10-27 05:00:00, 2018-10-27 06:00:00, 0.865840, 1:00:00, 0.0 
2018-11-15 17:00:00, 2018-11-15 23:00:00, 3.712510, 6:00:00, 0.0 
2018-12-10 01:00:00, 2018-12-10 19:00:00, 17.442724, 18:00:00, 0.0 
2019-01-13 17:00:00, 2019-01-14 18:00:00, 11.726995, 1 day, 1:00:00, 0.0 
2019-01-30 09:00:00, 2019-01-30 10:00:00, 0.852774, 1:00:00, 0.0 
2019-03-02 00:00:00, 2019-03-02 00:00:00, 0.798336, 0:00:00, 0.0 
2019-03-04 11:00:00, 2019-03-04 15:00:00, 3.711373, 4:00:00, 0.0 
2019-05-06 13:00:00, 2019-05-06 13:00:00, 0.847320, 0:00:00, 0.0 
2019-05-13 06:00:00, 2019-05-14 13:00:00, 14.315103, 1 day, 7:00:00, 0.0 
2019-08-26 10:00:00, 2019-08-27 09:00:00, 13.389156, 23:00:00, 0.0 
2019-09-06 07:00:00, 2019-09-07 06:00:00, 30.426241, 23:00:00, 0.0 
2019-09-19 02:00:00, 2019-09-19 08:00:00, 5.889422, 6:00:00, 0.0 
2019-10-09 00:00:00, 2019-10-09 02:00:00, 1.888059, 2:00:00, 0.0 
2019-10-09 14:00:00, 2019-10-13 12:00:00, 88.686888, 3 days, 22:00:00, 0.0 
2019-11-16 16:00:00, 2019-11-19 09:00:00, 55.568314, 2 days, 17:00:00, 0.0 
2019-12-02 20:00:00, 2019-12-02 21:00:00, 0.794616, 1:00:00, 0.0 
2019-12-31 07:00:00, 2019-12-31 20:00:00, 5.571945, 13:00:00, 0.0 
2020-03-23 11:00:00, 2020-03-23 11:00:00, 0.817091, 0:00:00, 0.0 
2020-03-25 14:00:00, 2020-03-26 06:00:00, 9.952401, 16:00:00, 0.0 
2020-04-01 03:00:00, 2020-04-01 23:00:00, 35.452479, 20:00:00, 0.0 
2020-04-02 11:00:00, 2020-04-02 11:00:00, 0.832665, 0:00:00, 0.0 
2020-04-04 21:00:00, 2020-04-05 14:00:00, 8.128913, 17:00:00, 0.0 
2020-05-19 21:00:00, 2020-05-21 04:00:00, 33.557537, 1 day, 7:00:00, 0.0 
2020-06-16 00:00:00, 2020-06-17 13:00:00, 25.117828, 1 day, 13:00:00, 0.0 
2020-08-16 21:00:00, 2020-08-17 03:00:00, 3.541020, 6:00:00, 0.0 
2020-09-19 06:00:00, 2020-09-19 18:00:00, 1.828037, 12:00:00, 0.0 
2020-09-21 04:00:00, 2020-09-22 08:00:00, 9.433427, 1 day, 4:00:00, 0.0 
2020-10-31 04:00:00, 2020-10-31 04:00:00, 0.837549, 0:00:00, 0.0 
2021-01-04 20:00:00, 2021-01-04 20:00:00, 0.795947, 0:00:00, 0.0 
2021-01-05 17:00:00, 2021-01-06 21:00:00, 11.633811, 1 day, 4:00:00, 0.0 
2021-01-08 20:00:00, 2021-01-10 00:00:00, 13.862068, 1 day, 4:00:00, 0.0 
2021-01-16 14:00:00, 2021-01-16 14:00:00, 0.792503, 0:00:00, 0.0 
2021-01-28 11:00:00, 2021-01-28 16:00:00, 5.321412, 5:00:00, 0.0 
2021-02-01 02:00:00, 2021-02-03 20:00:00, 34.343773, 2 days, 18:00:00, 0.0 
2021-02-14 06:00:00, 2021-02-14 06:00:00, 0.799651, 0:00:00, 0.0 
2021-02-18 18:00:00, 2021-02-18 18:00:00, 0.797990, 0:00:00, 0.0 
2021-02-19 18:00:00, 2021-02-19 19:00:00, 0.783198, 1:00:00, 0.0 
2021-03-19 08:00:00, 2021-03-20 09:00:00, 23.091660, 1 day, 1:00:00, 0.0 
2021-04-13 00:00:00, 2021-04-13 00:00:00, 0.812564, 0:00:00, 0.0 
2021-04-16 04:00:00, 2021-04-16 04:00:00, 0.879516, 0:00:00, 0.0 
2021-05-29 19:00:00, 2021-05-30 20:00:00, 20.985475, 1 day, 1:00:00, 0.0 
2021-06-12 13:00:00, 2021-06-12 18:00:00, 4.302088, 5:00:00, 0.0 
2021-10-10 07:00:00, 2021-10-12 09:00:00, 33.606060, 2 days, 2:00:00, 0.0 
2021-10-28 06:00:00, 2021-10-31 01:00:00, 60.553752, 2 days, 19:00:00, 0.0 
2021-11-06 17:00:00, 2021-11-06 18:00:00, 1.043006, 1:00:00, 0.0 
2021-11-07 06:00:00, 2021-11-08 07:00:00, 7.757517, 1 day, 1:00:00, 0.0 
2022-01-03 11:00:00, 2022-01-04 18:00:00, 37.474947, 1 day, 7:00:00, 0.0 
2022-01-15 10:00:00, 2022-01-15 15:00:00, 4.319125, 5:00:00, 0.0 
2022-01-16 14:00:00, 2022-01-17 04:00:00, 10.990710, 14:00:00, 0.0 
2022-01-29 09:00:00, 2022-01-29 15:00:00, 7.597122, 6:00:00, 0.0 
2022-05-08 02:00:00, 2022-05-13 02:00:00, 191.512381, 5 days, 0:00:00, 0.0 
2022-05-25 00:00:00, 2022-05-25 01:00:00, 0.817514, 1:00:00, 0.0 
2022-09-08 02:00:00, 2022-09-09 04:00:00, 14.699289, 1 day, 2:00:00, 0.0 
2022-09-30 13:00:00, 2022-10-01 08:00:00, 35.547150, 19:00:00, 0.0 
2022-10-02 23:00:00, 2022-10-04 12:00:00, 47.624129, 1 day, 13:00:00, 0.0 
2022-12-11 13:00:00, 2022-12-13 07:00:00, 16.678747, 1 day, 18:00:00, 0.0 
2022-12-15 16:00:00, 2022-12-17 07:00:00, 17.828521, 1 day, 15:00:00, 0.0 
2022-12-23 00:00:00, 2022-12-23 03:00:00, 3.157268, 3:00:00, 0.0 
