1936-01-19 19:00:00, 1936-01-19 20:00:00, 2.321705, 1:00:00, 0.0 
1936-03-18 00:00:00, 1936-03-18 00:00:00, 0.894600, 0:00:00, 0.0 
1936-10-16 17:00:00, 1936-10-16 18:00:00, 0.868845, 1:00:00, 0.0 
1937-02-07 01:00:00, 1937-02-07 01:00:00, 0.807030, 0:00:00, 0.0 
1937-02-07 14:00:00, 1937-02-08 02:00:00, 1.576992, 12:00:00, 0.0 
1937-02-08 15:00:00, 1937-02-08 15:00:00, 0.766080, 0:00:00, 0.0 
1937-11-12 11:00:00, 1937-11-12 11:00:00, 0.763560, 0:00:00, 0.0 
1938-09-29 20:00:00, 1938-09-29 21:00:00, 0.860703, 1:00:00, 0.0 
1939-01-22 18:00:00, 1939-01-22 18:00:00, 0.679598, 0:00:00, 0.0 
1939-03-05 17:00:00, 1939-03-05 17:00:00, 0.743535, 0:00:00, 0.0 
1939-03-06 18:00:00, 1939-03-06 19:00:00, 1.265040, 1:00:00, 0.0 
1942-03-03 00:00:00, 1942-03-03 06:00:00, 4.466741, 6:00:00, 0.0 
1942-10-26 18:00:00, 1942-10-26 19:00:00, 0.839040, 1:00:00, 0.0 
1943-07-21 08:00:00, 1943-07-21 08:00:00, 0.731362, 0:00:00, 0.0 
1943-07-22 09:00:00, 1943-07-22 09:00:00, 0.649215, 0:00:00, 0.0 
1944-03-12 19:00:00, 1944-03-12 19:00:00, 0.852640, 0:00:00, 0.0 
1944-08-02 00:00:00, 1944-08-02 04:00:00, 6.050516, 4:00:00, 0.0 
1944-10-20 06:00:00, 1944-10-20 20:00:00, 6.439363, 14:00:00, 0.0 
1944-12-08 11:00:00, 1944-12-08 11:00:00, 0.846880, 0:00:00, 0.0 
1945-06-25 16:00:00, 1945-06-25 16:00:00, 0.748653, 0:00:00, 0.0 
1945-09-17 20:00:00, 1945-09-18 04:00:00, 9.298598, 8:00:00, 0.0 
1945-09-21 05:00:00, 1945-09-21 05:00:00, 0.950240, 0:00:00, 0.0 
1945-09-21 17:00:00, 1945-09-21 17:00:00, 0.892640, 0:00:00, 0.0 
1945-09-22 05:00:00, 1945-09-22 06:00:00, 1.172388, 1:00:00, 0.0 
1945-09-22 18:00:00, 1945-09-22 18:00:00, 0.957778, 0:00:00, 0.0 
1945-09-23 06:00:00, 1945-09-29 11:00:00, 107.075487, 6 days, 5:00:00, 0.0 
1945-12-04 17:00:00, 1945-12-04 17:00:00, 0.635360, 0:00:00, 0.0 
1945-12-25 22:00:00, 1945-12-25 22:00:00, 0.967738, 0:00:00, 0.0 
1945-12-31 14:00:00, 1945-12-31 15:00:00, 0.762678, 1:00:00, 0.0 
1946-10-09 03:00:00, 1946-10-09 03:00:00, 0.754369, 0:00:00, 0.0 
1947-01-20 16:00:00, 1947-01-20 16:00:00, 0.691304, 0:00:00, 0.0 
1947-09-24 19:00:00, 1947-09-25 02:00:00, 3.735386, 7:00:00, 0.0 
1947-10-15 18:00:00, 1947-10-15 18:00:00, 0.814562, 0:00:00, 0.0 
1947-11-02 18:00:00, 1947-11-03 21:00:00, 13.543141, 1 day, 3:00:00, 0.0 
1947-11-08 01:00:00, 1947-11-08 14:00:00, 3.778283, 13:00:00, 0.0 
1947-11-11 16:00:00, 1947-11-12 04:00:00, 1.710129, 12:00:00, 0.0 
1947-11-15 19:00:00, 1947-11-15 19:00:00, 0.829733, 0:00:00, 0.0 
1947-11-22 11:00:00, 1947-11-22 11:00:00, 0.672219, 0:00:00, 0.0 
1947-11-23 00:00:00, 1947-11-23 00:00:00, 0.875891, 0:00:00, 0.0 
1947-11-25 01:00:00, 1947-11-25 02:00:00, 1.083127, 1:00:00, 0.0 
1947-11-25 14:00:00, 1947-11-25 14:00:00, 0.682709, 0:00:00, 0.0 
1948-03-07 14:00:00, 1948-03-07 15:00:00, 0.982351, 1:00:00, 0.0 
1949-08-28 21:00:00, 1949-08-28 21:00:00, 0.836489, 0:00:00, 0.0 
1949-09-13 20:00:00, 1949-09-13 21:00:00, 0.785962, 1:00:00, 0.0 
1949-10-31 12:00:00, 1949-10-31 12:00:00, 0.718813, 0:00:00, 0.0 
1950-03-28 12:00:00, 1950-03-28 12:00:00, 0.693280, 0:00:00, 0.0 
1951-03-13 16:00:00, 1951-03-13 21:00:00, 3.000551, 5:00:00, 0.0 
1951-11-01 18:00:00, 1951-11-01 19:00:00, 0.922823, 1:00:00, 0.0 
1951-12-04 22:00:00, 1951-12-04 22:00:00, 0.689850, 0:00:00, 0.0 
1952-01-10 15:00:00, 1952-01-10 16:00:00, 0.813696, 1:00:00, 0.0 
1952-02-03 19:00:00, 1952-02-03 19:00:00, 0.801995, 0:00:00, 0.0 
1952-03-01 08:00:00, 1952-03-01 09:00:00, 0.926557, 1:00:00, 0.0 
1952-03-11 03:00:00, 1952-03-11 18:00:00, 11.544699, 15:00:00, 0.0 
1952-03-19 11:00:00, 1952-03-19 11:00:00, 0.887759, 0:00:00, 0.0 
1953-01-24 11:00:00, 1953-01-24 13:00:00, 1.771390, 2:00:00, 0.0 
1953-02-15 18:00:00, 1953-02-15 18:00:00, 0.896102, 0:00:00, 0.0 
1953-12-14 10:00:00, 1953-12-14 11:00:00, 0.901190, 1:00:00, 0.0 
1954-10-15 14:00:00, 1954-10-15 22:00:00, 20.569713, 8:00:00, 0.0 
1954-10-21 12:00:00, 1954-10-21 12:00:00, 0.762173, 0:00:00, 0.0 
1955-08-17 12:00:00, 1955-08-18 00:00:00, 9.998354, 12:00:00, 0.0 
1955-08-27 20:00:00, 1955-08-28 00:00:00, 2.337033, 4:00:00, 0.0 
1955-09-19 19:00:00, 1955-09-19 19:00:00, 0.854311, 0:00:00, 0.0 
1955-11-11 02:00:00, 1955-11-11 02:00:00, 0.841687, 0:00:00, 0.0 
1956-04-11 16:00:00, 1956-04-11 17:00:00, 0.784146, 1:00:00, 0.0 
1956-04-16 08:00:00, 1956-04-16 09:00:00, 0.934336, 1:00:00, 0.0 
1957-06-10 02:00:00, 1957-06-10 15:00:00, 4.402976, 13:00:00, 0.0 
1957-09-29 20:00:00, 1957-09-29 22:00:00, 1.845582, 2:00:00, 0.0 
1957-10-04 13:00:00, 1957-10-04 13:00:00, 0.714700, 0:00:00, 0.0 
1957-10-05 14:00:00, 1957-10-05 14:00:00, 0.669996, 0:00:00, 0.0 
1957-10-06 15:00:00, 1957-10-06 15:00:00, 0.883098, 0:00:00, 0.0 
1957-10-07 03:00:00, 1957-10-07 03:00:00, 0.804518, 0:00:00, 0.0 
1958-01-21 18:00:00, 1958-01-21 18:00:00, 0.686912, 0:00:00, 0.0 
1958-04-06 14:00:00, 1958-04-06 19:00:00, 3.641030, 5:00:00, 0.0 
1958-11-28 18:00:00, 1958-11-28 18:00:00, 0.673517, 0:00:00, 0.0 
1958-12-28 17:00:00, 1958-12-28 19:00:00, 2.152356, 2:00:00, 0.0 
1959-03-06 09:00:00, 1959-03-06 10:00:00, 0.695217, 1:00:00, 0.0 
1959-09-29 14:00:00, 1959-09-30 03:00:00, 3.500396, 13:00:00, 0.0 
1959-10-23 20:00:00, 1959-10-23 21:00:00, 0.728832, 1:00:00, 0.0 
1959-10-24 22:00:00, 1959-10-24 22:00:00, 0.756731, 0:00:00, 0.0 
1959-12-05 21:00:00, 1959-12-05 21:00:00, 0.714144, 0:00:00, 0.0 
1959-12-06 21:00:00, 1959-12-06 22:00:00, 1.131705, 1:00:00, 0.0 
1959-12-29 03:00:00, 1959-12-29 03:00:00, 0.784423, 0:00:00, 0.0 
1960-01-15 18:00:00, 1960-01-15 18:00:00, 0.813226, 0:00:00, 0.0 
1960-02-05 22:00:00, 1960-02-06 00:00:00, 2.600494, 2:00:00, 0.0 
1960-02-18 21:00:00, 1960-02-18 21:00:00, 0.844229, 0:00:00, 0.0 
1960-03-03 08:00:00, 1960-03-03 08:00:00, 0.763092, 0:00:00, 0.0 
1961-04-01 12:00:00, 1961-04-01 12:00:00, 0.706883, 0:00:00, 0.0 
1961-04-10 05:00:00, 1961-04-10 09:00:00, 6.840477, 4:00:00, 0.0 
1961-04-13 03:00:00, 1961-04-13 03:00:00, 0.815899, 0:00:00, 0.0 
1961-04-16 06:00:00, 1961-04-16 07:00:00, 1.292375, 1:00:00, 0.0 
1962-03-05 16:00:00, 1962-03-05 16:00:00, 0.744146, 0:00:00, 0.0 
1962-03-08 18:00:00, 1962-03-09 20:00:00, 5.268682, 1 day, 2:00:00, 0.0 
1962-03-21 17:00:00, 1962-03-21 17:00:00, 0.882997, 0:00:00, 0.0 
1962-11-18 22:00:00, 1962-11-18 22:00:00, 0.663709, 0:00:00, 0.0 
1962-11-22 12:00:00, 1962-11-22 13:00:00, 1.257461, 1:00:00, 0.0 
1962-12-05 23:00:00, 1962-12-05 23:00:00, 0.998451, 0:00:00, 0.0 
1962-12-06 11:00:00, 1962-12-06 12:00:00, 1.307946, 1:00:00, 0.0 
1963-01-27 01:00:00, 1963-01-27 01:00:00, 0.677172, 0:00:00, 0.0 
1963-06-03 12:00:00, 1963-06-03 13:00:00, 0.938604, 1:00:00, 0.0 
1963-09-29 13:00:00, 1963-09-29 13:00:00, 1.093210, 0:00:00, 0.0 
1963-10-30 02:00:00, 1963-10-30 02:00:00, 0.754227, 0:00:00, 0.0 
1963-11-12 10:00:00, 1963-11-12 10:00:00, 0.712567, 0:00:00, 0.0 
1963-11-12 22:00:00, 1963-11-12 22:00:00, 0.712318, 0:00:00, 0.0 
1963-11-29 15:00:00, 1963-11-29 15:00:00, 0.740142, 0:00:00, 0.0 
1964-02-18 20:00:00, 1964-02-18 21:00:00, 0.965572, 1:00:00, 0.0 
1964-08-31 10:00:00, 1964-08-31 10:00:00, 0.703278, 0:00:00, 0.0 
1964-09-13 05:00:00, 1964-09-13 10:00:00, 2.073935, 5:00:00, 0.0 
1964-09-23 17:00:00, 1964-09-24 06:00:00, 2.440197, 13:00:00, 0.0 
1964-10-08 18:00:00, 1964-10-09 02:00:00, 1.448305, 8:00:00, 0.0 
1964-10-10 20:00:00, 1964-10-10 20:00:00, 0.730560, 0:00:00, 0.0 
1964-10-16 00:00:00, 1964-10-16 00:00:00, 0.740925, 0:00:00, 0.0 
1964-10-16 12:00:00, 1964-10-17 01:00:00, 1.392181, 13:00:00, 0.0 
1964-10-17 13:00:00, 1964-10-17 13:00:00, 0.697173, 0:00:00, 0.0 
1965-02-25 11:00:00, 1965-02-25 12:00:00, 1.105365, 1:00:00, 0.0 
1965-10-07 14:00:00, 1965-10-07 14:00:00, 0.787361, 0:00:00, 0.0 
1966-01-22 17:00:00, 1966-01-22 18:00:00, 1.053161, 1:00:00, 0.0 
1966-02-13 19:00:00, 1966-02-13 19:00:00, 0.837468, 0:00:00, 0.0 
1966-02-28 22:00:00, 1966-02-28 22:00:00, 0.657197, 0:00:00, 0.0 
1966-06-14 00:00:00, 1966-06-14 00:00:00, 0.683572, 0:00:00, 0.0 
1966-11-28 16:00:00, 1966-11-28 16:00:00, 0.836105, 0:00:00, 0.0 
1968-01-13 13:00:00, 1968-01-14 02:00:00, 3.317295, 13:00:00, 0.0 
1968-02-29 17:00:00, 1968-02-29 18:00:00, 0.722951, 1:00:00, 0.0 
1968-11-10 06:00:00, 1968-11-10 07:00:00, 1.008662, 1:00:00, 0.0 
1968-11-12 07:00:00, 1968-11-12 08:00:00, 0.850275, 1:00:00, 0.0 
1969-03-01 15:00:00, 1969-03-01 15:00:00, 0.886809, 0:00:00, 0.0 
1969-11-02 06:00:00, 1969-11-02 10:00:00, 4.700831, 4:00:00, 0.0 
1970-04-02 21:00:00, 1970-04-02 21:00:00, 0.691040, 0:00:00, 0.0 
1970-12-16 18:00:00, 1970-12-16 19:00:00, 1.243052, 1:00:00, 0.0 
1970-12-31 19:00:00, 1970-12-31 19:00:00, 0.816357, 0:00:00, 0.0 
1971-10-22 04:00:00, 1971-10-22 05:00:00, 0.734763, 1:00:00, 0.0 
1971-10-22 17:00:00, 1971-10-22 18:00:00, 0.766358, 1:00:00, 0.0 
1972-02-03 19:00:00, 1972-02-03 19:00:00, 0.837639, 0:00:00, 0.0 
1972-06-21 00:00:00, 1972-06-21 00:00:00, 0.752957, 0:00:00, 0.0 
1972-11-08 05:00:00, 1972-11-08 05:00:00, 0.746573, 0:00:00, 0.0 
1972-11-20 02:00:00, 1972-11-20 03:00:00, 0.757809, 1:00:00, 0.0 
1972-11-26 04:00:00, 1972-11-26 09:00:00, 2.874189, 5:00:00, 0.0 
1972-11-30 12:00:00, 1972-11-30 12:00:00, 0.831791, 0:00:00, 0.0 
1972-12-24 15:00:00, 1972-12-24 16:00:00, 0.770737, 1:00:00, 0.0 
1972-12-25 17:00:00, 1972-12-25 17:00:00, 0.759896, 0:00:00, 0.0 
1972-12-26 05:00:00, 1972-12-26 21:00:00, 7.060761, 16:00:00, 0.0 
1972-12-28 07:00:00, 1972-12-28 07:00:00, 0.753655, 0:00:00, 0.0 
1973-01-22 18:00:00, 1973-01-22 19:00:00, 1.004907, 1:00:00, 0.0 
1973-02-09 04:00:00, 1973-02-09 06:00:00, 0.842434, 2:00:00, 0.0 
1973-02-12 07:00:00, 1973-02-12 20:00:00, 5.168496, 13:00:00, 0.0 
1973-02-13 08:00:00, 1973-02-13 09:00:00, 0.777602, 1:00:00, 0.0 
1973-02-14 09:00:00, 1973-02-14 09:00:00, 0.856090, 0:00:00, 0.0 
1973-03-17 11:00:00, 1973-03-17 16:00:00, 3.147343, 5:00:00, 0.0 
1973-04-08 03:00:00, 1973-04-08 09:00:00, 0.770745, 6:00:00, 0.0 
1973-04-10 05:00:00, 1973-04-10 06:00:00, 0.833354, 1:00:00, 0.0 
1973-10-29 19:00:00, 1973-10-29 19:00:00, 0.714240, 0:00:00, 0.0 
1974-02-22 16:00:00, 1974-02-22 17:00:00, 1.065896, 1:00:00, 0.0 
1976-02-02 04:00:00, 1976-02-02 06:00:00, 3.211565, 2:00:00, 0.0 
1976-12-07 12:00:00, 1976-12-07 12:00:00, 0.903325, 0:00:00, 0.0 
1976-12-28 09:00:00, 1976-12-28 09:00:00, 0.742079, 0:00:00, 0.0 
1977-03-22 14:00:00, 1977-03-22 14:00:00, 0.741957, 0:00:00, 0.0 
1977-11-10 16:00:00, 1977-11-10 16:00:00, 0.763961, 0:00:00, 0.0 
1977-12-06 12:00:00, 1977-12-06 12:00:00, 0.779649, 0:00:00, 0.0 
1977-12-20 21:00:00, 1977-12-21 13:00:00, 7.528000, 16:00:00, 0.0 
1977-12-22 01:00:00, 1977-12-22 01:00:00, 0.761449, 0:00:00, 0.0 
1978-01-20 10:00:00, 1978-01-20 10:00:00, 0.753394, 0:00:00, 0.0 
1978-01-25 16:00:00, 1978-01-26 05:00:00, 2.303972, 13:00:00, 0.0 
1978-04-30 19:00:00, 1978-04-30 19:00:00, 0.710603, 0:00:00, 0.0 
1978-05-04 10:00:00, 1978-05-04 10:00:00, 0.755236, 0:00:00, 0.0 
1978-05-04 22:00:00, 1978-05-05 03:00:00, 1.694386, 5:00:00, 0.0 
1979-01-21 08:00:00, 1979-01-21 18:00:00, 3.117297, 10:00:00, 0.0 
1979-09-05 11:00:00, 1979-09-06 05:00:00, 15.737137, 18:00:00, 0.0 
1979-09-13 18:00:00, 1979-09-13 19:00:00, 0.770923, 1:00:00, 0.0 
1979-09-14 07:00:00, 1979-09-14 07:00:00, 0.717474, 0:00:00, 0.0 
1980-11-18 00:00:00, 1980-11-18 00:00:00, 0.817984, 0:00:00, 0.0 
1981-08-20 03:00:00, 1981-08-20 03:00:00, 0.692883, 0:00:00, 0.0 
1981-08-22 08:00:00, 1981-08-22 09:00:00, 0.828516, 1:00:00, 0.0 
1982-06-10 16:00:00, 1982-06-10 17:00:00, 0.756985, 1:00:00, 0.0 
1982-06-13 08:00:00, 1982-06-13 20:00:00, 1.578962, 12:00:00, 0.0 
1982-06-19 02:00:00, 1982-06-19 02:00:00, 1.104006, 0:00:00, 0.0 
1982-12-19 17:00:00, 1982-12-19 19:00:00, 1.635185, 2:00:00, 0.0 
1982-12-20 19:00:00, 1982-12-20 19:00:00, 0.741908, 0:00:00, 0.0 
1982-12-21 20:00:00, 1982-12-21 20:00:00, 0.711015, 0:00:00, 0.0 
1983-02-02 16:00:00, 1983-02-02 17:00:00, 0.891943, 1:00:00, 0.0 
1983-02-14 14:00:00, 1983-02-14 18:00:00, 4.168108, 4:00:00, 0.0 
1983-02-23 08:00:00, 1983-02-23 08:00:00, 0.922871, 0:00:00, 0.0 
1983-02-25 10:00:00, 1983-02-25 10:00:00, 0.808740, 0:00:00, 0.0 
1983-03-18 05:00:00, 1983-03-18 19:00:00, 6.693129, 14:00:00, 0.0 
1983-03-21 10:00:00, 1983-03-21 10:00:00, 0.962661, 0:00:00, 0.0 
1983-03-24 23:00:00, 1983-03-25 01:00:00, 1.817773, 2:00:00, 0.0 
1983-03-25 14:00:00, 1983-03-25 14:00:00, 0.913389, 0:00:00, 0.0 
1983-03-27 11:00:00, 1983-03-28 04:00:00, 2.653093, 17:00:00, 0.0 
1984-02-27 22:00:00, 1984-02-27 22:00:00, 1.014111, 0:00:00, 0.0 
1984-03-29 02:00:00, 1984-03-29 03:00:00, 1.601275, 1:00:00, 0.0 
1984-09-13 11:00:00, 1984-09-13 20:00:00, 16.129943, 9:00:00, 0.0 
1985-02-12 05:00:00, 1985-02-12 11:00:00, 7.640999, 6:00:00, 0.0 
1985-08-05 16:00:00, 1985-08-05 17:00:00, 0.737839, 1:00:00, 0.0 
1985-11-22 21:00:00, 1985-11-22 21:00:00, 0.959334, 0:00:00, 0.0 
1985-12-02 05:00:00, 1985-12-02 05:00:00, 0.732507, 0:00:00, 0.0 
1986-04-21 14:00:00, 1986-04-21 14:00:00, 0.794416, 0:00:00, 0.0 
1986-11-20 18:00:00, 1986-11-20 19:00:00, 0.997401, 1:00:00, 0.0 
1986-12-02 04:00:00, 1986-12-02 17:00:00, 2.717567, 13:00:00, 0.0 
1986-12-24 18:00:00, 1986-12-24 18:00:00, 0.766450, 0:00:00, 0.0 
1987-01-01 15:00:00, 1987-01-01 19:00:00, 7.134079, 4:00:00, 0.0 
1987-01-22 17:00:00, 1987-01-22 19:00:00, 1.964036, 2:00:00, 0.0 
1987-02-02 03:00:00, 1987-02-02 03:00:00, 0.698255, 0:00:00, 0.0 
1987-03-01 13:00:00, 1987-03-01 13:00:00, 0.928098, 0:00:00, 0.0 
1987-04-28 13:00:00, 1987-04-28 13:00:00, 0.750873, 0:00:00, 0.0 
1989-03-12 03:00:00, 1989-03-12 03:00:00, 0.778496, 0:00:00, 0.0 
1989-09-22 05:00:00, 1989-09-22 11:00:00, 10.435653, 6:00:00, 0.0 
1990-05-28 16:00:00, 1990-05-28 16:00:00, 0.714634, 0:00:00, 0.0 
1990-11-10 06:00:00, 1990-11-10 10:00:00, 4.629480, 4:00:00, 0.0 
1991-01-11 13:00:00, 1991-01-12 01:00:00, 1.754405, 12:00:00, 0.0 
1991-11-01 11:00:00, 1991-11-03 01:00:00, 15.723678, 1 day, 14:00:00, 0.0 
1991-11-10 06:00:00, 1991-11-10 06:00:00, 0.865646, 0:00:00, 0.0 
1992-01-06 17:00:00, 1992-01-06 17:00:00, 0.759225, 0:00:00, 0.0 
1992-11-21 01:00:00, 1992-11-21 14:00:00, 2.367278, 13:00:00, 0.0 
1992-12-15 07:00:00, 1992-12-16 18:00:00, 5.766534, 1 day, 11:00:00, 0.0 
1993-01-11 14:00:00, 1993-01-11 14:00:00, 0.706673, 0:00:00, 0.0 
1993-01-12 15:00:00, 1993-01-13 16:00:00, 6.216465, 1 day, 1:00:00, 0.0 
1993-01-16 11:00:00, 1993-01-16 11:00:00, 0.824532, 0:00:00, 0.0 
1993-01-16 23:00:00, 1993-01-17 12:00:00, 4.572266, 13:00:00, 0.0 
1993-03-04 12:00:00, 1993-03-04 14:00:00, 2.463170, 2:00:00, 0.0 
1993-03-13 18:00:00, 1993-03-14 00:00:00, 19.204002, 6:00:00, 0.0 
1993-10-30 16:00:00, 1993-10-30 17:00:00, 0.940753, 1:00:00, 0.0 
1993-11-28 03:00:00, 1993-11-28 03:00:00, 0.852991, 0:00:00, 0.0 
1994-01-04 08:00:00, 1994-01-04 09:00:00, 1.219814, 1:00:00, 0.0 
1994-05-22 13:00:00, 1994-05-22 13:00:00, 0.808150, 0:00:00, 0.0 
1994-10-14 08:00:00, 1994-10-14 12:00:00, 0.810518, 4:00:00, 0.0 
1994-12-24 20:00:00, 1994-12-24 20:00:00, 0.829521, 0:00:00, 0.0 
1994-12-25 08:00:00, 1994-12-25 09:00:00, 0.830688, 1:00:00, 0.0 
1994-12-26 09:00:00, 1994-12-26 10:00:00, 0.828097, 1:00:00, 0.0 
1994-12-27 10:00:00, 1994-12-27 11:00:00, 0.827131, 1:00:00, 0.0 
1994-12-27 23:00:00, 1994-12-27 23:00:00, 0.739428, 0:00:00, 0.0 
1994-12-31 15:00:00, 1994-12-31 16:00:00, 0.736793, 1:00:00, 0.0 
1995-01-07 08:00:00, 1995-01-07 08:00:00, 0.844218, 0:00:00, 0.0 
1995-01-20 06:00:00, 1995-01-20 06:00:00, 0.746608, 0:00:00, 0.0 
1995-07-10 14:00:00, 1995-07-10 14:00:00, 0.865759, 0:00:00, 0.0 
1995-07-11 03:00:00, 1995-07-11 15:00:00, 1.840110, 12:00:00, 0.0 
1995-07-12 04:00:00, 1995-07-12 04:00:00, 0.932899, 0:00:00, 0.0 
1995-09-07 14:00:00, 1995-09-07 14:00:00, 0.815138, 0:00:00, 0.0 
1996-01-12 08:00:00, 1996-01-12 08:00:00, 0.761500, 0:00:00, 0.0 
1996-07-13 02:00:00, 1996-07-13 02:00:00, 0.853792, 0:00:00, 0.0 
1996-09-06 02:00:00, 1996-09-06 12:00:00, 28.386092, 10:00:00, 0.0 
1996-09-13 12:00:00, 1996-09-15 03:00:00, 11.997339, 1 day, 15:00:00, 0.0 
1996-09-15 16:00:00, 1996-09-15 18:00:00, 1.759129, 2:00:00, 0.0 
1996-09-16 06:00:00, 1996-09-17 19:00:00, 7.115189, 1 day, 13:00:00, 0.0 
1996-09-19 20:00:00, 1996-09-19 21:00:00, 0.800991, 1:00:00, 0.0 
1996-10-08 01:00:00, 1996-10-08 16:00:00, 18.557719, 15:00:00, 0.0 
1996-10-09 22:00:00, 1996-10-10 02:00:00, 0.876062, 4:00:00, 0.0 
1996-11-08 14:00:00, 1996-11-08 14:00:00, 0.771951, 0:00:00, 0.0 
1996-12-17 18:00:00, 1996-12-17 18:00:00, 0.813695, 0:00:00, 0.0 
1997-02-14 09:00:00, 1997-02-14 10:00:00, 0.817600, 1:00:00, 0.0 
1998-01-20 09:00:00, 1998-01-20 09:00:00, 0.780938, 0:00:00, 0.0 
1998-01-28 02:00:00, 1998-01-28 03:00:00, 0.961182, 1:00:00, 0.0 
1998-01-30 16:00:00, 1998-01-31 02:00:00, 2.581312, 10:00:00, 0.0 
1998-02-04 06:00:00, 1998-02-05 09:00:00, 17.857641, 1 day, 3:00:00, 0.0 
1998-02-06 08:00:00, 1998-02-10 12:00:00, 34.634106, 4 days, 4:00:00, 0.0 
1998-02-12 01:00:00, 1998-02-12 01:00:00, 0.779775, 0:00:00, 0.0 
1998-02-17 07:00:00, 1998-02-17 20:00:00, 3.979714, 13:00:00, 0.0 
1998-02-23 12:00:00, 1998-02-23 13:00:00, 0.800294, 1:00:00, 0.0 
1998-02-27 00:00:00, 1998-02-27 18:00:00, 5.540441, 18:00:00, 0.0 
1998-09-04 02:00:00, 1998-09-04 05:00:00, 5.714838, 3:00:00, 0.0 
1999-01-03 04:00:00, 1999-01-03 05:00:00, 0.949905, 1:00:00, 0.0 
1999-02-02 04:00:00, 1999-02-02 05:00:00, 0.837995, 1:00:00, 0.0 
1999-03-15 02:00:00, 1999-03-15 02:00:00, 0.744139, 0:00:00, 0.0 
1999-09-15 20:00:00, 1999-09-16 11:00:00, 22.383531, 15:00:00, 0.0 
1999-09-17 22:00:00, 1999-09-17 22:00:00, 0.783255, 0:00:00, 0.0 
1999-09-21 01:00:00, 1999-09-21 01:00:00, 0.999608, 0:00:00, 0.0 
1999-09-21 21:00:00, 1999-09-25 17:00:00, 53.193239, 3 days, 20:00:00, 0.0 
1999-09-26 05:00:00, 1999-09-26 05:00:00, 0.955240, 0:00:00, 0.0 
1999-09-26 17:00:00, 1999-09-26 17:00:00, 0.822273, 0:00:00, 0.0 
1999-09-27 18:00:00, 1999-09-27 18:00:00, 0.869682, 0:00:00, 0.0 
1999-09-28 17:00:00, 1999-09-28 19:00:00, 1.749874, 2:00:00, 0.0 
1999-09-29 07:00:00, 1999-09-30 08:00:00, 5.484038, 1 day, 1:00:00, 0.0 
1999-09-30 21:00:00, 1999-09-30 21:00:00, 0.742229, 0:00:00, 0.0 
1999-10-17 19:00:00, 1999-10-17 22:00:00, 3.338453, 3:00:00, 0.0 
1999-10-23 02:00:00, 1999-10-23 03:00:00, 0.883103, 1:00:00, 0.0 
2001-03-21 00:00:00, 2001-03-21 03:00:00, 5.871749, 3:00:00, 0.0 
2002-10-11 20:00:00, 2002-10-11 21:00:00, 0.791153, 1:00:00, 0.0 
2002-10-15 00:00:00, 2002-10-16 13:00:00, 15.235325, 1 day, 13:00:00, 0.0 
2002-10-17 01:00:00, 2002-10-17 01:00:00, 0.748146, 0:00:00, 0.0 
2002-10-18 02:00:00, 2002-10-18 02:00:00, 0.746508, 0:00:00, 0.0 
2002-12-11 09:00:00, 2002-12-11 09:00:00, 0.697818, 0:00:00, 0.0 
2002-12-13 21:00:00, 2002-12-13 21:00:00, 0.731614, 0:00:00, 0.0 
2003-03-20 17:00:00, 2003-03-20 17:00:00, 0.927500, 0:00:00, 0.0 
2003-04-10 22:00:00, 2003-04-10 22:00:00, 0.799940, 0:00:00, 0.0 
2003-04-21 03:00:00, 2003-04-21 03:00:00, 0.797983, 0:00:00, 0.0 
2003-04-21 17:00:00, 2003-04-21 18:00:00, 0.800059, 1:00:00, 0.0 
2003-04-22 06:00:00, 2003-04-22 08:00:00, 1.924512, 2:00:00, 0.0 
2003-04-25 21:00:00, 2003-04-25 21:00:00, 0.833164, 0:00:00, 0.0 
2003-06-01 00:00:00, 2003-06-01 01:00:00, 0.845816, 1:00:00, 0.0 
2003-06-21 19:00:00, 2003-06-21 19:00:00, 0.796241, 0:00:00, 0.0 
2003-12-11 02:00:00, 2003-12-11 05:00:00, 2.556219, 3:00:00, 0.0 
2003-12-14 07:00:00, 2003-12-14 07:00:00, 0.772022, 0:00:00, 0.0 
2004-08-14 19:00:00, 2004-08-14 19:00:00, 3.157138, 0:00:00, 0.0 
2004-09-17 17:00:00, 2004-09-17 18:00:00, 0.788586, 1:00:00, 0.0 
2004-09-28 16:00:00, 2004-09-28 16:00:00, 0.913556, 0:00:00, 0.0 
2004-10-15 16:00:00, 2004-10-15 17:00:00, 0.842074, 1:00:00, 0.0 
2004-10-24 00:00:00, 2004-10-24 13:00:00, 2.453385, 13:00:00, 0.0 
2004-10-25 01:00:00, 2004-10-25 10:00:00, 1.536990, 9:00:00, 0.0 
2004-11-25 11:00:00, 2004-11-25 11:00:00, 0.739029, 0:00:00, 0.0 
2005-01-23 02:00:00, 2005-01-23 02:00:00, 0.759240, 0:00:00, 0.0 
2005-03-28 14:00:00, 2005-03-28 17:00:00, 2.585070, 3:00:00, 0.0 
2005-04-02 06:00:00, 2005-04-02 10:00:00, 2.106441, 4:00:00, 0.0 
2005-09-14 01:00:00, 2005-09-14 01:00:00, 0.745388, 0:00:00, 0.0 
2005-10-07 14:00:00, 2005-10-08 07:00:00, 4.412456, 17:00:00, 0.0 
2005-10-14 09:00:00, 2005-10-14 09:00:00, 0.851333, 0:00:00, 0.0 
2005-10-15 10:00:00, 2005-10-15 10:00:00, 0.853590, 0:00:00, 0.0 
2005-10-15 22:00:00, 2005-10-16 03:00:00, 4.692008, 5:00:00, 0.0 
2005-10-16 23:00:00, 2005-10-16 23:00:00, 0.868176, 0:00:00, 0.0 
2006-01-18 05:00:00, 2006-01-18 06:00:00, 0.900905, 1:00:00, 0.0 
2006-06-14 17:00:00, 2006-06-14 18:00:00, 1.105628, 1:00:00, 0.0 
2006-09-01 05:00:00, 2006-09-01 09:00:00, 4.328448, 4:00:00, 0.0 
2006-09-06 01:00:00, 2006-09-06 01:00:00, 0.882219, 0:00:00, 0.0 
2006-09-08 12:00:00, 2006-09-08 12:00:00, 0.825162, 0:00:00, 0.0 
2006-09-09 13:00:00, 2006-09-09 13:00:00, 0.740728, 0:00:00, 0.0 
2006-09-14 06:00:00, 2006-09-14 19:00:00, 2.422647, 13:00:00, 0.0 
2006-10-28 07:00:00, 2006-10-28 07:00:00, 0.826774, 0:00:00, 0.0 
2006-11-16 12:00:00, 2006-11-16 13:00:00, 1.085949, 1:00:00, 0.0 
2006-11-25 06:00:00, 2006-11-26 07:00:00, 4.243693, 1 day, 1:00:00, 0.0 
2006-11-26 19:00:00, 2006-11-26 19:00:00, 0.854545, 0:00:00, 0.0 
2006-12-25 16:00:00, 2006-12-26 08:00:00, 7.576160, 16:00:00, 0.0 
2006-12-31 09:00:00, 2006-12-31 09:00:00, 0.821554, 0:00:00, 0.0 
2007-01-01 00:00:00, 2007-01-01 14:00:00, 5.793637, 14:00:00, 0.0 
2007-03-02 11:00:00, 2007-03-02 16:00:00, 3.247253, 5:00:00, 0.0 
2007-04-15 13:00:00, 2007-04-15 15:00:00, 1.959196, 2:00:00, 0.0 
2007-06-03 06:00:00, 2007-06-03 06:00:00, 0.792046, 0:00:00, 0.0 
2007-11-03 11:00:00, 2007-11-03 11:00:00, 0.726550, 0:00:00, 0.0 
2007-11-05 00:00:00, 2007-11-05 00:00:00, 0.756115, 0:00:00, 0.0 
2008-03-08 17:00:00, 2008-03-08 17:00:00, 0.774753, 0:00:00, 0.0 
2008-04-10 16:00:00, 2008-04-10 16:00:00, 0.730282, 0:00:00, 0.0 
2008-05-11 18:00:00, 2008-05-11 21:00:00, 1.608193, 3:00:00, 0.0 
2008-09-06 05:00:00, 2008-09-06 11:00:00, 16.599982, 6:00:00, 0.0 
2008-09-15 02:00:00, 2008-09-15 16:00:00, 3.560978, 14:00:00, 0.0 
2008-09-16 04:00:00, 2008-09-16 04:00:00, 0.799951, 0:00:00, 0.0 
2008-09-26 00:00:00, 2008-09-26 22:00:00, 12.579767, 22:00:00, 0.0 
2008-09-27 11:00:00, 2008-09-27 11:00:00, 0.809649, 0:00:00, 0.0 
2008-09-27 23:00:00, 2008-09-27 23:00:00, 0.769907, 0:00:00, 0.0 
2008-10-25 00:00:00, 2008-10-25 14:00:00, 7.807397, 14:00:00, 0.0 
2008-11-13 15:00:00, 2008-11-13 15:00:00, 0.912067, 0:00:00, 0.0 
2009-06-22 12:00:00, 2009-06-22 13:00:00, 0.763617, 1:00:00, 0.0 
2009-06-23 13:00:00, 2009-06-23 15:00:00, 0.794304, 2:00:00, 0.0 
2009-06-24 14:00:00, 2009-06-24 16:00:00, 0.807820, 2:00:00, 0.0 
2009-09-26 22:00:00, 2009-09-26 22:00:00, 0.902400, 0:00:00, 0.0 
2009-09-29 00:00:00, 2009-09-29 00:00:00, 0.945608, 0:00:00, 0.0 
2009-11-14 13:00:00, 2009-11-16 12:00:00, 20.542963, 1 day, 23:00:00, 0.0 
2009-11-19 14:00:00, 2009-11-20 03:00:00, 4.492308, 13:00:00, 0.0 
2009-11-21 17:00:00, 2009-11-21 19:00:00, 1.751436, 2:00:00, 0.0 
2009-11-22 07:00:00, 2009-11-22 07:00:00, 0.764829, 0:00:00, 0.0 
2009-11-25 08:00:00, 2009-11-25 08:00:00, 0.757344, 0:00:00, 0.0 
2009-11-26 08:00:00, 2009-11-26 23:00:00, 4.842642, 15:00:00, 0.0 
2009-12-03 03:00:00, 2009-12-03 04:00:00, 0.961800, 1:00:00, 0.0 
2009-12-09 06:00:00, 2009-12-09 22:00:00, 7.498883, 16:00:00, 0.0 
2009-12-19 02:00:00, 2009-12-19 06:00:00, 6.532136, 4:00:00, 0.0 
2009-12-19 18:00:00, 2009-12-19 18:00:00, 0.753579, 0:00:00, 0.0 
2009-12-25 09:00:00, 2009-12-25 23:00:00, 7.098791, 14:00:00, 0.0 
2010-01-25 07:00:00, 2010-01-25 12:00:00, 5.971435, 5:00:00, 0.0 
2010-02-05 18:00:00, 2010-02-05 18:00:00, 0.760668, 0:00:00, 0.0 
2010-02-06 06:00:00, 2010-02-06 06:00:00, 1.031487, 0:00:00, 0.0 
2010-02-09 22:00:00, 2010-02-09 22:00:00, 0.834892, 0:00:00, 0.0 
2010-02-13 12:00:00, 2010-02-14 02:00:00, 2.595191, 14:00:00, 0.0 
2010-09-30 05:00:00, 2010-09-30 10:00:00, 7.874863, 5:00:00, 0.0 
2010-10-03 11:00:00, 2010-10-03 20:00:00, 0.756451, 9:00:00, 0.0 
2010-10-04 21:00:00, 2010-10-04 21:00:00, 0.787941, 0:00:00, 0.0 
2010-10-05 10:00:00, 2010-10-06 23:00:00, 8.840051, 1 day, 13:00:00, 0.0 
2010-10-07 11:00:00, 2010-10-07 11:00:00, 0.749451, 0:00:00, 0.0 
2010-11-14 07:00:00, 2010-11-14 19:00:00, 2.298471, 12:00:00, 0.0 
2011-12-27 17:00:00, 2011-12-27 19:00:00, 2.511480, 2:00:00, 0.0 
2012-10-29 16:00:00, 2012-10-29 16:00:00, 0.819210, 0:00:00, 0.0 
2012-10-30 04:00:00, 2012-10-30 17:00:00, 2.403178, 13:00:00, 0.0 
2012-12-18 08:00:00, 2012-12-18 08:00:00, 0.760311, 0:00:00, 0.0 
2013-01-31 06:00:00, 2013-01-31 07:00:00, 0.862680, 1:00:00, 0.0 
2013-06-07 14:00:00, 2013-06-07 15:00:00, 1.161000, 1:00:00, 0.0 
2015-01-24 06:00:00, 2015-01-24 07:00:00, 0.879951, 1:00:00, 0.0 
2015-02-02 15:00:00, 2015-02-02 15:00:00, 0.845420, 0:00:00, 0.0 
2015-05-10 08:00:00, 2015-05-10 21:00:00, 3.069594, 13:00:00, 0.0 
2015-10-03 07:00:00, 2015-10-09 10:00:00, 77.722886, 6 days, 3:00:00, 0.0 
2015-10-10 23:00:00, 2015-10-10 23:00:00, 0.780336, 0:00:00, 0.0 
2015-10-12 16:00:00, 2015-10-12 16:00:00, 0.765077, 0:00:00, 0.0 
2015-12-03 07:00:00, 2015-12-03 07:00:00, 0.786626, 0:00:00, 0.0 
2015-12-29 17:00:00, 2015-12-29 17:00:00, 0.851154, 0:00:00, 0.0 
2016-01-08 14:00:00, 2016-01-08 15:00:00, 0.842285, 1:00:00, 0.0 
2016-01-10 03:00:00, 2016-01-10 03:00:00, 0.810084, 0:00:00, 0.0 
2016-01-10 15:00:00, 2016-01-10 16:00:00, 0.967355, 1:00:00, 0.0 
2016-02-08 15:00:00, 2016-02-09 03:00:00, 4.706660, 12:00:00, 0.0 
2016-02-09 16:00:00, 2016-02-09 17:00:00, 0.908380, 1:00:00, 0.0 
2016-09-03 01:00:00, 2016-09-03 01:00:00, 0.981448, 0:00:00, 0.0 
2016-10-08 07:00:00, 2016-10-08 23:00:00, 26.743331, 16:00:00, 0.0 
2016-10-10 20:00:00, 2016-10-12 00:00:00, 10.352647, 1 day, 4:00:00, 0.0 
2016-10-12 12:00:00, 2016-10-13 11:00:00, 6.075361, 23:00:00, 0.0 
2016-10-13 23:00:00, 2016-10-18 19:00:00, 55.418263, 4 days, 20:00:00, 0.0 
2017-01-23 09:00:00, 2017-01-23 09:00:00, 0.867806, 0:00:00, 0.0 
2017-04-24 13:00:00, 2017-04-24 13:00:00, 0.850376, 0:00:00, 0.0 
2017-04-25 11:00:00, 2017-04-25 11:00:00, 0.767692, 0:00:00, 0.0 
2017-05-05 08:00:00, 2017-05-05 12:00:00, 2.024628, 4:00:00, 0.0 
2017-08-29 09:00:00, 2017-08-29 09:00:00, 0.793728, 0:00:00, 0.0 
2017-09-12 08:00:00, 2017-09-12 08:00:00, 0.976325, 0:00:00, 0.0 
2018-09-14 16:00:00, 2018-09-28 06:00:00, 352.842698, 13 days, 14:00:00, 0.0 
2018-09-28 19:00:00, 2018-09-28 19:00:00, 0.869339, 0:00:00, 0.0 
2018-10-11 16:00:00, 2018-10-11 19:00:00, 4.868352, 3:00:00, 0.0 
2018-11-23 15:00:00, 2018-11-23 15:00:00, 0.920045, 0:00:00, 0.0 
2018-11-24 12:00:00, 2018-11-24 19:00:00, 10.693779, 7:00:00, 0.0 
2018-11-26 14:00:00, 2018-11-26 19:00:00, 3.135927, 5:00:00, 0.0 
2018-12-09 18:00:00, 2018-12-09 18:00:00, 0.940488, 0:00:00, 0.0 
2018-12-21 01:00:00, 2018-12-22 03:00:00, 8.138282, 1 day, 2:00:00, 0.0 
2019-01-20 11:00:00, 2019-01-20 11:00:00, 0.816499, 0:00:00, 0.0 
2019-09-05 22:00:00, 2019-09-05 22:00:00, 0.890281, 0:00:00, 0.0 
2019-11-18 07:00:00, 2019-11-18 20:00:00, 2.827935, 13:00:00, 0.0 
2019-11-19 08:00:00, 2019-11-19 08:00:00, 0.817543, 0:00:00, 0.0 
2020-08-04 03:00:00, 2020-08-04 07:00:00, 15.679269, 4:00:00, 0.0 
2020-09-30 02:00:00, 2020-09-30 03:00:00, 1.093265, 1:00:00, 0.0 
2020-10-29 15:00:00, 2020-10-29 15:00:00, 0.792200, 0:00:00, 0.0 
2020-11-15 16:00:00, 2020-11-15 17:00:00, 0.787646, 1:00:00, 0.0 
2020-12-16 17:00:00, 2020-12-16 18:00:00, 1.160294, 1:00:00, 0.0 
2021-01-08 10:00:00, 2021-01-09 12:00:00, 7.402682, 1 day, 2:00:00, 0.0 
2021-02-16 06:00:00, 2021-02-16 07:00:00, 1.018248, 1:00:00, 0.0 
2021-10-29 07:00:00, 2021-10-29 08:00:00, 0.950814, 1:00:00, 0.0 
2022-01-03 13:00:00, 2022-01-03 16:00:00, 3.589562, 3:00:00, 0.0 
2022-01-05 16:00:00, 2022-01-05 17:00:00, 0.984117, 1:00:00, 0.0 
2022-01-07 04:00:00, 2022-01-07 08:00:00, 3.670371, 4:00:00, 0.0 
2022-01-16 23:00:00, 2022-01-16 23:00:00, 1.512442, 0:00:00, 0.0 
2022-05-11 12:00:00, 2022-05-11 12:00:00, 0.807430, 0:00:00, 0.0 
2022-05-12 00:00:00, 2022-05-12 00:00:00, 0.825282, 0:00:00, 0.0 
2022-05-13 00:00:00, 2022-05-13 01:00:00, 0.890059, 1:00:00, 0.0 
2022-09-30 18:00:00, 2022-10-01 06:00:00, 20.596180, 12:00:00, 0.0 
2022-12-22 14:00:00, 2022-12-22 16:00:00, 2.472805, 2:00:00, 0.0 
